node_id,node_type,label,product_id,confidence,sales_rows,purchases_rows,sales_total,purchases_total
PRODUCT:0,PRODUCT,LAPTOP MAMEL,0,0.72,0.0,0.0,0.0,0.0
TYPE:EQUIPO,TYPE,equipo,,,,,,
PRODUCT:1,PRODUCT,utiles de oficina,1,0.6,0.0,0.0,0.0,0.0
PRODUCT:2,PRODUCT,ORTOPEDIA,2,0.84,0.0,0.0,0.0,0.0
PRODUCT:3,PRODUCT,BOLSA 16*19 C/ASA *100UND,3,0.865,1.0,0.0,10.0,0.0
TYPE:BOLSA,TYPE,bolsa,,,,,,
PRODUCT:4,PRODUCT,BOLSA 12*16 BCO ALFA *100UND,4,0.865,0.0,0.0,0.0,0.0
PRODUCT:5,PRODUCT,ARTICULOS DE FERRETERIA,5,0.6,7.0,0.0,159.0,0.0
PRODUCT:6,PRODUCT,MATERIAL MEDICO,6,0.6,49.0,0.0,4575.1,0.0
PRODUCT:7,PRODUCT,"GASTOS ADMINISTRITIVOS, MENAJES Y ONOMASTICOS",7,0.6,0.0,0.0,0.0,0.0
PRODUCT:8,PRODUCT,BOLSA 16*19 C/ASA*100UND,8,0.865,0.0,0.0,0.0,0.0
PRODUCT:9,PRODUCT,BOLSA 21*24,9,0.865,0.0,0.0,0.0,0.0
PRODUCT:10,PRODUCT,EQUIPOS DE SEGURIDAD,10,0.6,7.0,0.0,2426.0,0.0
PRODUCT:5000,PRODUCT,FRASCO GOTERO VIDRIO AMBAR 5ML CON TAPA Y CHUPON,5000,0.9229,65.0,10.0,1142.2998704,1307.0
TYPE:GOTERO,TYPE,gotero,,,,,,
SUBTYPE:CHUPON,SUBTYPE,chupon,,,,,,
ACCESSORY:CHUPON,ACCESSORY,chupon,,,,,,
ACCESSORY:TAPA,ACCESSORY,tapa,,,,,,
MATERIAL:VIDRIO,MATERIAL,VIDRIO,,,,,,
COLOR:AMBAR,COLOR,AMBAR,,,,,,
CAPACITY:5ML,CAPACITY,5ML,,,,,,
PRODUCT:5001,PRODUCT,FRASCO GOTERO VIDRIO AMBAR 10ML CON TAPA Y CHUPON,5001,0.9229,73.0,10.0,4284.4498704,3102.0
CAPACITY:10ML,CAPACITY,10ML,,,,,,
PRODUCT:5002,PRODUCT,FRASCO GOTERO VIDRIO AMBAR 15ML CON TAPA Y CHUPON,5002,0.9229,59.0,8.0,1265.33,662.9
CAPACITY:15ML,CAPACITY,15ML,,,,,,
PRODUCT:5003,PRODUCT,FRASCO GOTERO VIDRIO AMBAR 20ML CON TAPA Y CHUPON,5003,0.9229,55.0,11.0,847.6,674.0
CAPACITY:20ML,CAPACITY,20ML,,,,,,
PRODUCT:5004,PRODUCT,FRASCO GOTERO VIDRIO AMBAR 30ML CON TAPA Y CHUPON,5004,0.9229,95.0,16.0,4389.9500000002,1343.0
CAPACITY:30ML,CAPACITY,30ML,,,,,,
PRODUCT:5005,PRODUCT,FRASCO GOTERO VIDRIO AMBAR 50ML CON TAPA Y CHUPON,5005,0.9229,75.0,13.0,11037.5,8636.0
CAPACITY:50ML,CAPACITY,50ML,,,,,,
PRODUCT:5006,PRODUCT,FRASCO GOTERO VIDRIO AMBAR 100ML CON TAPA Y CHUPON,5006,0.9229,69.0,12.0,1792.1,1347.0
CAPACITY:100ML,CAPACITY,100ML,,,,,,
PRODUCT:5007,PRODUCT,TAPA DISPENSADORA BLANCO B28MM,5007,0.865,120.0,10.0,2652.8199999998,2350.9
TYPE:TAPA,TYPE,tapa,,,,,,
SUBTYPE:DISPENSADOR,SUBTYPE,dispensador,,,,,,
COLOR:BLANCO,COLOR,BLANCO,,,,,,
MOUTH_SIZE:28MM,MOUTH_SIZE,28MM,,,,,,
PRODUCT:5008,PRODUCT,FRASCO VIDRIO AMBAR IMPORTADO 125ML TAPA ESPRAY BAJA,5008,0.8943,17.0,1.0,279.4,25.96
TYPE:FRASCO,TYPE,frasco,,,,,,
FEATURE:IMPORTADO,FEATURE,importado,,,,,,
CAPACITY:125ML,CAPACITY,125ML,,,,,,
PRODUCT:5009,PRODUCT,PROBADOR VIDRIO TRASPARENTE 2ML CON TAPA SPRAY,5009,0.8733,11.0,5.0,110.85,239.57
TYPE:ATOMIZADOR,TYPE,atomizador,,,,,,
SUBTYPE:ATOMIZADOR,SUBTYPE,atomizador,,,,,,
CAPACITY:2ML,CAPACITY,2ML,,,,,,
PRODUCT:5010,PRODUCT,PROBADOR VIDRIO TRASPARENTE 3ML CON TAPA SPRAY,5010,0.8733,14.0,3.0,122.475,169.5
CAPACITY:3ML,CAPACITY,3ML,,,,,,
PRODUCT:5011,PRODUCT,PROBADOR VIDRIO TRASPARENTE 5ML CON TAPA SPRAY,5011,0.8733,49.0,14.0,865.3500000002,774.3
PRODUCT:5012,PRODUCT,PROBADOR VIDRIO TRASPARENTE 10ML CON TAPA SPRAY,5012,0.8733,27.0,11.0,612.6999688,650.5
PRODUCT:5013,PRODUCT,FRASCO PARA RIMEL 5ML(9CM X 1CM) CON TAPA,5013,0.9217,34.0,5.0,363.5,389.5
SUBTYPE:RIMEL,SUBTYPE,rimel,,,,,,
PRODUCT:5014,PRODUCT,POTE CREMERO SIMPLE 30GR CON TAPA Y LAINA,5014,0.926,76.0,13.0,741.5599664,794.5
TYPE:CREMERO,TYPE,cremero,,,,,,
SUBTYPE:CREMERO,SUBTYPE,cremero,,,,,,
ACCESSORY:LAINA,ACCESSORY,laina,,,,,,
CAPACITY:30GR,CAPACITY,30GR,,,,,,
PRODUCT:5015,PRODUCT,POTE PLASTICO 1KG B110 BLANCO C/TAPA,5015,0.91,35.0,2.0,1141.7499796,57.0
TYPE:POTE,TYPE,pote,,,,,,
MATERIAL:PLASTICO,MATERIAL,PLASTICO,,,,,,
CAPACITY:1KG,CAPACITY,1KG,,,,,,
MOUTH_SIZE:110MM,MOUTH_SIZE,110MM,,,,,,
PRODUCT:5016,PRODUCT,FRASCO VIDRIO AMBAR HOMBRO CAIDO 250ML TAPA ESPRAY PISTOLA,5016,0.91,7.0,1.0,98.5,27.14
CAPACITY:250ML,CAPACITY,250ML,,,,,,
PRODUCT:5017,PRODUCT,POTE CREMERO SIMPLE 60GR CON TAPA Y LAINA,5017,0.926,64.0,9.0,940.5,712.0
CAPACITY:60GR,CAPACITY,60GR,,,,,,
PRODUCT:5018,PRODUCT,FRASCO BULLET 30ML CON TAPA ATOMIZADOR,5018,0.92,76.0,15.0,1088.949952,1609.5
PRODUCT:5019,PRODUCT,FRASCO BULLET 60ML CON TAPA ATOMIZADOR,5019,0.92,69.0,4.0,595.099952,1575.82
CAPACITY:60ML,CAPACITY,60ML,,,,,,
PRODUCT:5020,PRODUCT,FRASCO ESMALTE 5ML VIDRIO TRANSPARENTE CON BROCHA Y TAPA,5020,0.92,63.0,20.0,1010.55,1463.7
SUBTYPE:ESMALTE,SUBTYPE,esmalte,,,,,,
ACCESSORY:BROCHA,ACCESSORY,brocha,,,,,,
COLOR:TRANSPARENTE,COLOR,TRANSPARENTE,,,,,,
PRODUCT:5021,PRODUCT,FRASCO PET TRANSPARENTE ESPUMERO 100ML CON TAPA,5021,0.9186,35.0,7.0,662.9,995.5
SUBTYPE:ESPUMERO,SUBTYPE,espumero,,,,,,
MATERIAL:PET,MATERIAL,PET,,,,,,
PRODUCT:5022,PRODUCT,FRASCO PET TRANSPARENTE ESPUMERO 150ML CON TAPA,5022,0.9186,24.0,6.0,533.6,631.1800000000001
CAPACITY:150ML,CAPACITY,150ML,,,,,,
PRODUCT:5023,PRODUCT,FRASCO PET TRANSPARENTE 30ML C/TAPA FLIT TOP N18,5023,0.9114,6.0,6.0,206.5,181.18
MOUTH_SIZE:18MM,MOUTH_SIZE,18MM,,,,,,
PRODUCT:5024,PRODUCT,FRASCO PET BLANCO ESPUMERO 150ML CON TAPA,5024,0.9186,34.0,5.0,344.525,631.1800000000001
PRODUCT:5025,PRODUCT,PASTILLERO PLASTICO BLANCO 40GR CON TAPA,5025,0.8683,11.0,5.0,650.1,435.18
TYPE:ACCESORIO,TYPE,accesorio,,,,,,
CAPACITY:40GR,CAPACITY,40GR,,,,,,
PRODUCT:5026,PRODUCT,PASTILLERO PLASTICO BLANCO 60GR CON TAPA,5026,0.8683,13.0,6.0,280.4,191.58
PRODUCT:5027,PRODUCT,PASTILLERO PLASTICO BLANCO 90GR CON TAPA,5027,0.8683,5.0,3.0,360.0,181.18
CAPACITY:90GR,CAPACITY,90GR,,,,,,
PRODUCT:5028,PRODUCT,PASTILLERO PLASTICO BLANCO 120GR CON TAPA,5028,0.8683,7.0,4.0,105.0,529.1800000000001
CAPACITY:120GR,CAPACITY,120GR,,,,,,
PRODUCT:5029,PRODUCT,PASTILLERO PLASTICO NEGRO 40GR CON TAPA,5029,0.8683,2.0,2.0,31.5,16.68
COLOR:NEGRO,COLOR,NEGRO,,,,,,
PRODUCT:5030,PRODUCT,PASTILLERO PLASTICO NEGRO 60GR CON TAPA,5030,0.8683,5.0,3.0,73.8,52.18
PRODUCT:5031,PRODUCT,PASTILLERO PLASTICO NEGRO 90GR CON TAPA,5031,0.8683,2.0,2.0,3.5,19.18
PRODUCT:5032,PRODUCT,PASTILLERO PLASTICO NEGRO 120GR CON TAPA,5032,0.8683,4.0,2.0,13.5,21.18
PRODUCT:5033,PRODUCT,FRASCO PLASTICO NATURAL 30ML CON TAPON Y TAPA N28,5033,0.9114,5.0,6.0,264.3,204.68
COLOR:NATURAL,COLOR,NATURAL,,,,,,
PRODUCT:5034,PRODUCT,FRASCO PLASTICO NATURAL 120ML CON TAPON Y TAPA B/28,5034,0.9114,22.0,8.0,520.5999168,327.18
CAPACITY:120ML,CAPACITY,120ML,,,,,,
PRODUCT:5035,PRODUCT,FRASCO PLASTICO NATURAL 250ML CON TAPON Y TAPA B28MM,5035,0.9114,20.0,4.0,371.6,358.68
PRODUCT:5036,PRODUCT,FRASCO PLASTICO NATURAL 500ML CON TAPON Y TAPA B28MM,5036,0.9114,40.0,8.0,1349.4499316,3990.43
CAPACITY:500ML,CAPACITY,500ML,,,,,,
PRODUCT:5037,PRODUCT,FRASCO PLASTICO NATURAL 1LT CON TAPA Y TAPON N28,5037,0.9114,57.0,4.0,1700.21625,928.21
CAPACITY:1L,CAPACITY,1L,,,,,,
PRODUCT:5038,PRODUCT,FRASCO PLASTICO AMBAR 60ML CON TAPA Y TAPON N28,5038,0.9114,7.0,5.0,478.5,387.08
PRODUCT:5039,PRODUCT,FRASCO PLASTICO AMBAR 120ML CON TAPA Y TAPON N28,5039,0.9114,20.0,6.0,105.9,83.08
PRODUCT:5040,PRODUCT,FRASCO PLASTICO AMBAR 250ML CON TAPA Y TAPON N28,5040,0.9114,26.0,5.0,929.5,189.68
PRODUCT:5041,PRODUCT,FRASCO PLASTICO AMBAR 500ML CON TAPA Y TAPON N28,5041,0.9114,7.0,4.0,74.6,128.68
PRODUCT:5042,PRODUCT,FRASCO PLASTICO AMBAR 1LT CON TAPA Y TAPON N28,5042,0.9114,16.0,4.0,184.2,174.68
PRODUCT:5043,PRODUCT,FRASCO PLASTICO BLANCO 30ML CON TAPA Y TAPON N28,5043,0.9114,3.0,2.0,122.3,10.43
PRODUCT:5044,PRODUCT,FRASCO PLASTICO BLANCO 60ML CON TAPA Y TAPON N28,5044,0.9114,9.0,6.0,198.6,175.98
PRODUCT:5045,PRODUCT,FRASCO PLASTICO BLANCO 120ML CON TAPA Y TAPON N28,5045,0.9114,14.0,9.0,991.15,370.18
PRODUCT:5046,PRODUCT,FRASCO PLASTICO BLANCO 250ML CON TAPA Y TAPON N28,5046,0.9114,18.0,7.0,333.7,445.18
PRODUCT:5047,PRODUCT,FRASCO PLASTICO BLANCO 500ML CON TAPA Y TAPON N28,5047,0.9114,13.0,6.0,223.4,1127.43
PRODUCT:5048,PRODUCT,FRASCO PLASTICO BLANCO 1LT CON TAPA Y TAPON N28,5048,0.9114,14.0,5.0,266.3,211.18
PRODUCT:5049,PRODUCT,POTE CREMERO DOBLE FONDO NEGRO IMPORTADO 30GR CON TAPA Y LAINA,5049,0.91,4.0,2.0,47.0,1.18
PRODUCT:5050,PRODUCT,POTE CREMERO DOBLE FONDO NEGRO IMPORTADO 60ML,5050,0.9117,8.0,3.0,186.0,139.5
PRODUCT:5051,PRODUCT,TAPA DE PLASTICO ROSCA,5051,0.844,2.0,0.0,39.0,0.0
SUBTYPE:ROSCA,SUBTYPE,rosca,,,,,,
PRODUCT:5052,PRODUCT,FRASCO VIDRIO AMBAR 250ML HOMBRO CAIDO C/TAPA Y TAPON,5052,0.91,29.0,7.0,750.5000000004,398.5
PRODUCT:5053,PRODUCT,FRASCO VIDRIO AMBAR IMPORTADO 125ML TAPA PLASTICO ROSCA,5053,0.895,26.0,7.0,599.95,420.78
PRODUCT:5054,PRODUCT,FRASCO PLASTICO NATURAL 60ML CON TAPA Y TAPON B/28,5054,0.9114,9.0,6.0,244.4398680001,459.95
PRODUCT:5055,PRODUCT,FRASCO VIDRIO AMBAR IMPORTADO 250ML TAPA DISPENSADOR GEL,5055,0.9012,5.0,1.0,80.6,1.18
PRODUCT:5056,PRODUCT,PASTILLERO PVC/CRISTAL N°4 80GR T/ROSCA Blanca,5056,0.858,9.0,3.0,84.5,103.25
MATERIAL:PVC,MATERIAL,PVC,,,,,,
CAPACITY:80GR,CAPACITY,80GR,,,,,,
PRODUCT:5057,PRODUCT,PASTILLERO PVC/CRISTAL N°3 50GR TAPA Blanca,5057,0.854,11.0,2.0,92.6,76.0
CAPACITY:50GR,CAPACITY,50GR,,,,,,
PRODUCT:5058,PRODUCT,PASTILLERO ESPECIAL PVC CRISTAL 150GR CON T/ESP,5058,0.8475,23.0,5.0,610.6,440.7
CAPACITY:150GR,CAPACITY,150GR,,,,,,
PRODUCT:5059,PRODUCT,POTE PLASTICO PEAD BLANCO 1KG CON TAPA N°97,5059,0.91,4.0,2.0,92.0,1112.0
MATERIAL:PEAD,MATERIAL,PEAD,,,,,,
MOUTH_SIZE:97MM,MOUTH_SIZE,97MM,,,,,,
PRODUCT:5060,PRODUCT,POTE PLASTICO PEAD BLANCO 500GR CON TAPA,5060,0.9083,23.0,8.0,1478.1000000003,1101.75
CAPACITY:500GR,CAPACITY,500GR,,,,,,
PRODUCT:5061,PRODUCT,POTE PLASTICO PEAD BLANCO 250GR CON TAPA Y LAINA,5061,0.9129,25.0,8.0,745.35,473.6
SUBTYPE:LAINA,SUBTYPE,laina,,,,,,
CAPACITY:250GR,CAPACITY,250GR,,,,,,
PRODUCT:5062,PRODUCT,POTE PLASTICO PEAD BLANCO 500GR CON TAPA Y LAINA,5062,0.9129,28.0,9.0,1577.65,1062.5
PRODUCT:5063,PRODUCT,FRASCO VIDRIO AMBAR HOMBRO CAIDO 125ML TAPA ESPRAY PISTOLA negro,5063,0.91,14.0,2.0,157.4999898,18.0
PRODUCT:5064,PRODUCT,GATILLO PULVERIZADOR 28/410,5064,0.84,95.0,11.0,1577.9,1372.18
SUBTYPE:GATILLO,SUBTYPE,gatillo,,,,,,
ACCESSORY:GATILLO,ACCESSORY,gatillo,,,,,,
PRODUCT:5065,PRODUCT,PISETA 250ML,5065,0.81,104.0,3.0,1527.0999928,570.0
PRODUCT:5066,PRODUCT,PISETA 500 ML,5066,0.81,79.0,5.0,2157.2999946,1625.5
PRODUCT:5067,PRODUCT,PIPETAS PASTEUR ESTRILES 3ML BX200,5067,0.775,67.0,7.0,546.5000000001,274.0
PRODUCT:5068,PRODUCT,CRIOVIAL C/TAPA ROSCA NO ESTERIL 2ML TAPA BLANCA (BOLSA*500UND),5068,0.8883,8.0,4.0,131.8,180.0
FEATURE:NO_ESTERIL,FEATURE,no_esteril,,,,,,
PRODUCT:5069,PRODUCT,PISETA 1LT,5069,0.81,27.0,5.0,725.5,1034.55
PRODUCT:5070,PRODUCT,FRASCO PET TRANSPARENTE 60ML CON TAPA Y TAPON N°28,5070,0.9114,3.0,1.0,1804.199999984,1559.98
PRODUCT:5071,PRODUCT,GOTERO PLASTICO 100ML COLOR NATURAL,5071,0.876,2.0,1.0,500.0,181.72
PRODUCT:5072,PRODUCT,FRASCO YOGURT 1LT BLANCO CON TAPA 38MM,5072,0.904,7.0,1.0,152.4999999999,944.0
PRODUCT:5073,PRODUCT,FRASCO BULLET 75ML CON TAPA	ATOMIZADOR,5073,0.92,38.0,1.0,295.0,796.5
CAPACITY:75ML,CAPACITY,75ML,,,,,,
PRODUCT:5074,PRODUCT,FRASCO BULLET 100ML CON TAPA ATOMIZADOR,5074,0.92,74.0,3.0,1859.6999999999,2499.6
PRODUCT:5075,PRODUCT,POTE PLASTICO 500GR B110MM BLANCO CON TAPA,5075,0.91,32.0,1.0,1095.8,1062.0
PRODUCT:5076,PRODUCT,POTE PLASTICO BLANCO 250GR CON TAPA,5076,0.9083,18.0,1.0,651.6,354.0
PRODUCT:5077,PRODUCT,GOTERO PLASTICO X 10ML NATURAL S/P B15MM C/TAPA Y TAPON,5077,0.8829,28.0,3.0,593.9,178.0
MOUTH_SIZE:15MM,MOUTH_SIZE,15MM,,,,,,
PRODUCT:5078,PRODUCT,GOTERO PLASTICO 7ML NATURAL S/P B15MM C/TAPA Y TAPON,5078,0.8829,7.0,3.0,83.7,143.7
CAPACITY:7ML,CAPACITY,7ML,,,,,,
PRODUCT:5079,PRODUCT,GOTERO PLASTICO 60ML NATURAL S/P B18MM C/TAPA Y TAPON,5079,0.8829,32.0,2.0,535.3,325.0
PRODUCT:5080,PRODUCT,GOTERO PLASTICO 5ML NATURAL S/P C/TAPA,5080,0.8767,17.0,1.0,561.25,106.2
PRODUCT:5081,PRODUCT,GOTERO PLASTICO 15ML NATURAL S/P C/TAPA,5081,0.8767,36.0,1.0,428.75,118.0
PRODUCT:5082,PRODUCT,GOTERO PLASTICO 30ML NATURAL S/P C/TAPA,5082,0.8767,34.0,3.0,501.5,166.0
PRODUCT:5083,PRODUCT,VASO PRECIPITADO DE VIDRIO 1L (BEAKER),5083,0.83,45.0,10.0,1152.5,1042.16
PRODUCT:5084,PRODUCT,VASO PRECIPITADO DE VIDRIO 500 ML (BEAKER),5084,0.83,55.0,8.0,1154.0,327.2
PRODUCT:5085,PRODUCT,VASO PRECIPITADO DE VIDRIO 250 ML (BEAKER) G-,5085,0.83,90.0,8.0,1559.0,616.52
PRODUCT:5086,PRODUCT,VASO PRECIPITADO DE VIDRIO FORMA ALTA 250 ML (BEAKER),5086,0.83,3.0,2.0,37.5,20.0
PRODUCT:5087,PRODUCT,VASO PRECIPITADO DE VIDRIO 100 ML (BEAKER),5087,0.83,81.0,7.0,1173.9999932,368.76
PRODUCT:5088,PRODUCT,VASO PRECIPITADO DE VIDRIO 50ML (BEAKER),5088,0.83,39.0,7.0,402.0,392.84
PRODUCT:5089,PRODUCT,PROBETA DE VIDRIO GRADUADA C/PICO 10 ML,5089,0.854,12.0,4.0,118.0,116.0
FEATURE:GRADUADO,FEATURE,graduado,,,,,,
PRODUCT:5090,PRODUCT,PROBETA DE VIDRIO GRADUADA C/PICO 50 ML G-,5090,0.854,25.0,7.0,396.0,897.2
PRODUCT:5091,PRODUCT,PROBETA DE VIDRIO GRADUADA C/PICO 100 ML,5091,0.854,38.0,8.0,891.5,539.6
PRODUCT:5092,PRODUCT,PROBETA DE PLASTICO GRADUADA 10 ML,5092,0.854,18.0,7.0,190.5,90.0
PRODUCT:5093,PRODUCT,PROBETA DE PLASTICO GRADUADA 50 ML,5093,0.854,19.0,8.0,253.4999932,356.28
PRODUCT:5094,PRODUCT,PROBETA DE PLASTICO GRADUADA 100 ML,5094,0.854,36.0,8.0,751.0,592.0
PRODUCT:5095,PRODUCT,PROBETA DE PLASTICO GRADUADA 250 ML,5095,0.854,23.0,8.0,560.5,440.15
PRODUCT:5096,PRODUCT,PLACA PETRI DE PLASTICO 90*15,5096,0.77,20.0,8.0,559.0,766.4
PRODUCT:5097,PRODUCT,BURETA DE VIDRIO GRADUADO DE 25 ML CON LLAVE DE VIDRIO,5097,0.8475,7.0,5.0,230.0,136.0
CAPACITY:25ML,CAPACITY,25ML,,,,,,
PRODUCT:5098,PRODUCT,PROBADOR PLASTICO NATURAL FORMA BAJA 5ML CON TAPA ESPRAY,5098,0.8683,9.0,2.0,91.3,95.0
PRODUCT:5099,PRODUCT,PROBADOR PLASTICO 5ML ESPRAY COLORES,5099,0.83,9.0,4.0,72.3,180.0
PRODUCT:5100,PRODUCT,PINZA PARA TUBO DE ENSAYO DE METAL 11.5CM,5100,0.8133,2.0,5.0,51.0,91.0
TYPE:TUBO,TYPE,tubo,,,,,,
MATERIAL:METAL,MATERIAL,METAL,,,,,,
PRODUCT:5101,PRODUCT,POTE VIDRIO AMBAR IMPORTADO 250GR B45 C/TAPA,5101,0.8962,27.0,4.0,352.3,421.5
MOUTH_SIZE:45MM,MOUTH_SIZE,45MM,,,,,,
PRODUCT:5102,PRODUCT,SOPORTE UNIVERSAL C/BASE Y VARILLA PINTADA - INTEK,5102,0.6,1.0,2.0,90.0,105.0
PRODUCT:5103,PRODUCT,TUBO DE ENSAYO DE VIDRIO 12*75MM (PAQ 250UND),5103,0.8133,7.0,5.0,81.5,120.0
PRODUCT:5104,PRODUCT,MORTERO DE 100MM C/PILON,5104,0.6,17.0,5.0,274.5,80.0
PRODUCT:5105,PRODUCT,MATRAZ ERLENMEYER DE VIDRIO 250ML,5105,0.83,19.0,8.0,589.5,155.0
PRODUCT:5106,PRODUCT,MATRAZ ERLENMEYER DE VIDRIO 500ML,5106,0.83,6.0,2.0,147.0,30.0
PRODUCT:5107,PRODUCT,LAMINA PORTAOBJETO 7101 (PAQ. 50UND),5107,0.6,18.0,10.0,211.5,325.5
PRODUCT:5108,PRODUCT,EMBUDO DE VIDRIO DE BOROSILICATO DE 100MM,5108,0.77,15.0,5.0,220.5,200.16
PRODUCT:5109,PRODUCT,PINZA DE MADERA PARA TUBO DE ENSAYO,5109,0.75,9.0,5.0,111.5,61.5
PRODUCT:5110,PRODUCT,PIPETA SEREOLOGICA GRADUADA DE VIDRIO DE 10ML - CITOGLAS,5110,0.8475,18.0,7.0,433.0,264.0
PRODUCT:5111,PRODUCT,MECHERO BUNSEN PLOMO,5111,0.6,1.0,4.0,55.0,200.0
PRODUCT:5112,PRODUCT,LENTES DE PROTECCION DE MARCO NEGRO,5112,0.77,1.0,1.0,21.0,2.5
PRODUCT:5113,PRODUCT,TERMOMETRO  DIGITAL DE VASTAGO PARA COCINA DE 15CM,5113,0.6,18.0,5.0,451.0,640.0
PRODUCT:5114,PRODUCT,GRADILLA ACRILICA PARA 50 TUBOS,5114,0.74,9.0,11.0,210.0,330.0
PRODUCT:5115,PRODUCT,POTE CREMERO VIDRIO PAVONADO 30GR CON LAINA Y TAPA,5115,0.9283,31.0,6.0,656.09998,600.0
PRODUCT:5116,PRODUCT,FRASCO VIDRIO TRANSPARENTE TUBULAR 15ML CON TAPA BAQUELITA N18,5116,0.9075,17.0,3.0,109.8,96.0
SHAPE:TUBULAR,SHAPE,tubular,,,,,,
PRODUCT:5117,PRODUCT,FRASCO VIDRIO TRANSPARENTE TUBULAR 10ML CON TAPA BAQUELITA B/20,5117,0.9075,15.0,4.0,180.1,126.5
MOUTH_SIZE:20MM,MOUTH_SIZE,20MM,,,,,,
PRODUCT:5118,PRODUCT,FRASCO VIDRIO TRANSPARENTE TUBULAR 5ML CON TAPA BAQUELITA N20,5118,0.9075,17.0,5.0,140.2,200.0
PRODUCT:5119,PRODUCT,FRASCO PET CAMPANA TRANSPARENTE 500ML B/28 TAPA ESPRAY PISTOLA..,5119,0.915,34.0,3.0,392.3,341.0
SUBTYPE:CAMPANA,SUBTYPE,campana,,,,,,
PRODUCT:5120,PRODUCT,FRASCO PET TRANSPARENTE 60ML B/20 C/TAPA DISPENSADOR,5120,0.9163,26.0,3.0,435.5,250.0
PRODUCT:5121,PRODUCT,FRASCO PET TRANSPARENTE 30ML B/20 TAPA DISPENSADOR GEL,5121,0.9163,20.0,5.0,212.3,550.0
PRODUCT:5122,PRODUCT,POTE ACRILICO 10GR C/TAPA ROSCA,5122,0.9017,47.0,11.0,2088.4,2300.0
MATERIAL:ACRILICO,MATERIAL,ACRILICO,,,,,,
CAPACITY:10GR,CAPACITY,10GR,,,,,,
PRODUCT:5123,PRODUCT,POTE VIDRIO AMBAR IMPORTADO 1KG C/TAPA,5123,0.8929,23.0,3.0,857.1,541.0
PRODUCT:5124,PRODUCT,POTE VIDRIO AMBAR 500GR IMPORTADO C/TAPA,5124,0.8929,17.0,4.0,396.9,436.5
PRODUCT:5125,PRODUCT,FRASCO PET TRANSPARENTE 120ML CON TAPA ESPRAY N28,5125,0.9114,33.0,4.0,277.4,255.0
PRODUCT:5126,PRODUCT,BAGUETA O VARILLAS DE AGITACION DE VIDRIO 20CM,5126,0.77,45.0,9.0,214.8,128.0
PRODUCT:5127,PRODUCT,CUCHARA CON ESPATULA DE METAL 20CM,5127,0.77,17.0,7.0,333.11,255.0
PRODUCT:5128,PRODUCT,TUBO DE ENSAYO DE VIDRIO CON TAPA ROSCA 16*125-PYREX,5128,0.844,17.0,5.0,247.0,337.5
PRODUCT:5129,PRODUCT,ESPATULA MANGO DE MADERA 20 CM,5129,0.6,5.0,2.0,67.0,22.0
PRODUCT:5130,PRODUCT,LUNA DE RELOJ DE VIDRIO DE LABORATORIO 100MM G-,5130,0.77,11.0,3.0,193.0,474.0
PRODUCT:5131,PRODUCT,CEPILLO DE LIMPIEZA PARA TUBO DE ENSAYO  13*100MM,5131,0.75,10.0,6.0,138.5,81.0
PRODUCT:5132,PRODUCT,PLUMON DELGADO INDELEBLE NEGRO,5132,0.77,1.0,0.0,6.0,0.0
PRODUCT:5133,PRODUCT,CRIOVIAL C/TAPA PRESION DE 1.5ML NO ESTERIL (TUBO EPPENDORF BOLSA*500UND),5133,0.886,3.0,3.0,160.0,105.0
PRODUCT:5134,PRODUCT,POTE CREMERO VIDRIO TRANSPARENTE 50GR C/TAPA METALIZADA Y LAINA,5134,0.93,28.0,7.0,406.9,554.0
PRODUCT:5135,PRODUCT,FRASCO ROLL-ON VIDRIO AMBAR 10ML C/TAPON Y TAPA,5135,0.91,10.0,5.0,99.7,232.4
PRODUCT:5136,PRODUCT,FRASCO MINI PARA AROMATIZADOR VIDRIO 6ML C/TAPA,5136,0.904,3.0,2.0,52.5,92.5
CAPACITY:6ML,CAPACITY,6ML,,,,,,
PRODUCT:5137,PRODUCT,TUBO DE ENSAYO C/TAPA ROSCA 13*100 SIMPLE,5137,0.82,16.0,2.0,467.4,425.0
PRODUCT:5138,PRODUCT,TUBO CONICO CON TAPA ROSCA DE 50ML NO ESTERIL,5138,0.8557,17.0,5.0,458.5,490.0
SHAPE:CONICO,SHAPE,conico,,,,,,
PRODUCT:5139,PRODUCT,PAPEL FILTRO RAPIDO X PLIEGO 50*50,5139,0.77,25.0,12.0,611.5,726.0
MATERIAL:PAPEL,MATERIAL,PAPEL,,,,,,
PRODUCT:5140,PRODUCT,ASA DE SIEMBRA 1 UL/INOCULADOR AZUL (BOLSA 10 UND),5140,0.89,4.0,2.0,28.0,9.0
COLOR:AZUL,COLOR,AZUL,,,,,,
PRODUCT:5141,PRODUCT,LAMINILLA CUBREOBJETO 22*22MM*100UND,5141,0.6,20.0,9.0,382.0,314.0
PRODUCT:5142,PRODUCT,FRASCO VIDRIO VERDE 5ML C/TAPA Y TAPON N18,5142,0.9114,2.0,2.0,14.1,26.1
COLOR:VERDE,COLOR,VERDE,,,,,,
PRODUCT:5143,PRODUCT,FRASCO VIDRIO VERDE 10ML C/TAPA Y TAPON N18,5143,0.9114,0.0,1.0,0.0,1.2
PRODUCT:5144,PRODUCT,FRASCO VIDRIO VERDE 15ML C/TAPA Y TAPON N18,5144,0.9114,0.0,2.0,0.0,26.2
PRODUCT:5145,PRODUCT,FRASCO VIDRIO VERDE 20ML C/TAPA Y TAPON N18,5145,0.9114,0.0,1.0,0.0,1.2
PRODUCT:5146,PRODUCT,FRASCO VIDRIO VERDE 30ML C/TAPA Y TAPON B18,5146,0.9114,1.0,2.0,2.0,27.2
PRODUCT:5147,PRODUCT,FRASCO VIDRIO VERDE 50ML C/TAPA Y TAPON B18,5147,0.9114,1.0,2.0,30.0,31.2
PRODUCT:5148,PRODUCT,FRASCO VIDRIO TRANSPARENTE 5ML C/TAPA Y TAPON B18,5148,0.9114,1.0,2.0,1.5,18.5
PRODUCT:5149,PRODUCT,FRASCO VIDRIO TRANSPARENTE 10ML C/TAPA Y TAPON N18,5149,0.9114,1.0,1.0,6.0,1.0
PRODUCT:5150,PRODUCT,FRASCO VIDRIO TRANSPARENTE 15ML C/TAPA Y TAPON N18,5150,0.9114,0.0,2.0,0.0,21.0
PRODUCT:5151,PRODUCT,FRASCO VIDRIO TRANSPARENTE 20ML C/TAPA Y TAPON N18,5151,0.9114,1.0,1.0,2.0,1.0
PRODUCT:5152,PRODUCT,FRASCO VIDRIO AMBAR 5ML C/TAPA Y TAPON B18,5152,0.9114,6.0,4.0,37.4,90.8
PRODUCT:5153,PRODUCT,FRASCO VIDRIO AMBAR 10ML C/TAPA Y TAPON B18,5153,0.9114,2.0,1.0,46.5,0.85
PRODUCT:5154,PRODUCT,FRASCO VIDRIO AMBAR 15ML C/TAPA Y TAPON B18,5154,0.9114,6.0,5.0,129.3,248.5
PRODUCT:5155,PRODUCT,FRASCO VIDRIO AMBAR 20ML C/TAPA Y TAPON B18,5155,0.9114,3.0,1.0,7.6,0.9
PRODUCT:5156,PRODUCT,FRASCO VIDRIO AMBAR 30ML C/TAPA Y TAPON B18,5156,0.9114,3.0,3.0,44.5,91.9
PRODUCT:5157,PRODUCT,FRASCO VIDRIO AMBAR 50ML C/TAPA Y TAPON B18,5157,0.9114,7.0,1.0,89.5,1.2
PRODUCT:5158,PRODUCT,FRASCO VIDRIO AMBAR 100ML C/TAPA Y TAPON B18,5158,0.9114,9.0,4.0,297.3,166.3
PRODUCT:5159,PRODUCT,FRASCO VIDRIO AMBAR 25ML C/TAPA Y TAPON B28,5159,0.9114,4.0,3.0,446.5,248.8
PRODUCT:5160,PRODUCT,FRASCO VIDRIO AMBAR PASTILLERO 30ML C/TAPA Y TAPON B28,5160,0.9071,6.0,2.0,51.0,26.2
PRODUCT:5161,PRODUCT,FRASCO VIDRIO AMBAR 70ML C/TAPA Y TAPON N28,5161,0.9114,16.0,7.0,511.9,271.4
CAPACITY:70ML,CAPACITY,70ML,,,,,,
PRODUCT:5162,PRODUCT,FRASCO VIDRIO AMBAR 100ML TAPA Y TAPON N28,5162,0.9114,10.0,8.0,114.5,547.4
PRODUCT:5163,PRODUCT,FRASCO VIDRIO AMBAR 120ML TAPA Y TAPON N28,5163,0.9114,13.0,8.0,642.5,841.4
PRODUCT:5164,PRODUCT,FRASCO VIDRIO AMBAR IMPORTADO 250ML TAPA Y TAPON N28,5164,0.8975,15.0,7.0,270.1,422.2
PRODUCT:5165,PRODUCT,FRASCO VIDRIO AMBAR IMPORTADO 500ML TAPA Y TAPON N28,5165,0.8975,23.0,7.0,1096.7,752.7
PRODUCT:5166,PRODUCT,FRASCO VIDRIO AMBAR IMPORTADO 1LT B28 TAPA Y TAPON,5166,0.8975,25.0,6.0,904.4,1087.2
PRODUCT:5167,PRODUCT,POTE CREMERO VIDRIO AMBAR 50GR C/TAPA NEGRA Y LAINA,5167,0.93,36.0,9.0,1313.9,2634.2
PRODUCT:5168,PRODUCT,POTE CREMERO VIDRIO AMBAR 100GR C/TAPA NEGRA Y LAINA,5168,0.93,30.0,9.0,5457.3,5264.8
CAPACITY:100GR,CAPACITY,100GR,,,,,,
PRODUCT:5169,PRODUCT,FRASCO VIDRIO TRANSPARENTE 1LT C/TAPA Y TAPON N28,5169,0.9114,3.0,2.0,111.5,117.2
PRODUCT:5170,PRODUCT,FRASCO VIDRIO TRANSPARENTE 500ML C/TAPA Y TAPON N28,5170,0.9114,6.0,2.0,94.5,57.4
PRODUCT:5171,PRODUCT,FRASCO VIDRIO TRANSPARENTE 250ML C/TAPA Y TAPON N28,5171,0.9114,16.0,4.0,257.4,180.4
PRODUCT:5172,PRODUCT,FRASCO VIDRIO TRANSPARENTE IMPORTADO 125ML C/TAPA Y TAPON N28,5172,0.8975,17.0,6.0,131.7,266.6
PRODUCT:5173,PRODUCT,FRASCO VIDRIO TRANSPARENTE 60ML C/TAPA Y TAPON N28,5173,0.9114,14.0,4.0,164.3,149.6
PRODUCT:5174,PRODUCT,FRASCO VIDRIO TRANSPARENTE 250ML C/TAPA DE METAL,5174,0.91,16.0,2.0,317.40000000000003,348.20000000000005
PRODUCT:5175,PRODUCT,FRASCO VIDRIO AMBAR IMPORTADO 30ML C/TAPA Y TAPON B28,5175,0.8975,6.0,2.0,77.0,56.3
PRODUCT:5176,PRODUCT,POTE VIDRIO TRANSPARENTE 240GR C/TAPA DE METAL N63 MN,5176,0.91,10.0,2.0,74.7,120.0
CAPACITY:240GR,CAPACITY,240GR,,,,,,
MOUTH_SIZE:63MM,MOUTH_SIZE,63MM,,,,,,
PRODUCT:5177,PRODUCT,POTE VIDRIO TRANSPARENTE 212GR BAJA TAPA METAL N63,5177,0.91,11.0,4.0,248.9,613.09
CAPACITY:212GR,CAPACITY,212GR,,,,,,
PRODUCT:5178,PRODUCT,POTE VIDRIO TRANSPARENTE 200ML C/TAPA METAL N63,5178,0.91,19.0,7.0,1160.5,808.8
CAPACITY:200ML,CAPACITY,200ML,,,,,,
PRODUCT:5179,PRODUCT,POTE VIDRIO TRANSPARENTE 100GR C/TAPA METAL N53,5179,0.91,27.0,11.0,870.9,727.3
MOUTH_SIZE:53MM,MOUTH_SIZE,53MM,,,,,,
PRODUCT:5180,PRODUCT,POTE VIDRIO TRANSPARENTE 30GR C/TAPA METAL N43 MN,5180,0.91,31.0,10.0,696.6,635.2
MOUTH_SIZE:43MM,MOUTH_SIZE,43MM,,,,,,
PRODUCT:5181,PRODUCT,POTE CREMERO DOBLE FONDO C/ CINTILLO PLATEADO 50GR C/TAPA Y LAINA,5181,0.9283,17.0,3.0,405.9,215.0
COLOR:PLATEADO,COLOR,PLATEADO,,,,,,
PRODUCT:5182,PRODUCT,STAPA ESPRAY PLASTICO BLANCO N28 C/SOBRE TAPA ALTA,5182,0.8633,39.0,4.0,195.1012,155.0
PRODUCT:5183,PRODUCT,FRASCO VIDRIO TRANSPARENTE ALTO 50ML PERFUME C/TAPA SPRAY METALIZADO N18,5183,0.9163,7.0,4.0,300.5,350.0
PRODUCT:5184,PRODUCT,FRASCO VIDRIO TRANSPARENTE CUADRADO 50ML PERFUME C/TAPA SPRAY METALIZADO N18,5184,0.9163,3.0,8.0,20.2,5866.0
PRODUCT:5185,PRODUCT,FRASCO PLASTICO INSECTICIDA BLANCO 500ML C/TAPA Y TAPON,5185,0.91,9.0,3.0,203.2,390.0
PRODUCT:5186,PRODUCT,FRASCO PLASTICO INSECTICIDA BLANCO 1LT C/TAPA Y TAPON,5186,0.91,17.0,3.0,509.7,435.0
PRODUCT:5187,PRODUCT,EMBUDO VIDRIO 60MM,5187,0.77,27.0,7.0,197.1,184.0
PRODUCT:5188,PRODUCT,TUBO DE ENSAYO T/ROSCA 16*150 - PYREX,5188,0.8,25.0,12.0,1071.5,936.3
PRODUCT:5189,PRODUCT,MECHERO DE ALCOHOL 150ML,5189,0.775,12.0,10.0,262.0,229.83
PRODUCT:5190,PRODUCT,MECHERO DE ALCOHOL 250ML,5190,0.775,7.0,7.0,90.0,107.59
PRODUCT:5191,PRODUCT,MORTERO DE 150MM C/PILON,5191,0.6,10.0,4.0,322.0,340.0
PRODUCT:5192,PRODUCT,FRASCO PET CAMPANA BLANCO 300ML C/TAPA DISPENSADOR N28..,5192,0.915,29.0,3.0,295.1,167.0
CAPACITY:300ML,CAPACITY,300ML,,,,,,
PRODUCT:5193,PRODUCT,TUBO COLAPSIBLE BLANCO 30ML C/TAPA,5193,0.854,17.0,5.0,203.7,227.5
PRODUCT:5194,PRODUCT,FRASCO ESMALTE VIDRIO TRANSPARENTE 10ML C/BROCHA Y TAPA,5194,0.92,20.0,6.0,367.1,312.0
PRODUCT:5195,PRODUCT,TUBO COLAPSIBLE BLANCO 60ML C/TAPA,5195,0.854,25.0,9.0,4681.3,685.2
PRODUCT:5196,PRODUCT,TUBO COLAPSIBLE BLANCO 100ML C/TAPA,5196,0.854,9.0,6.0,262.0,2015.4
PRODUCT:5197,PRODUCT,TUBO COLAPSIBLE BLANCO 120ML C/TAPA,5197,0.854,9.0,6.0,379.4,417.0
PRODUCT:5198,PRODUCT,POTE CREMERO VIDRIO PAVONADO 15GR CON LAINA Y TAPA,5198,0.9283,18.0,3.0,174.1,225.0
CAPACITY:15GR,CAPACITY,15GR,,,,,,
PRODUCT:5199,PRODUCT,TALQUERA PLASTICO 70GR C/TAPA Y REJILLA,5199,0.85,25.0,8.0,542.6,665.8
ACCESSORY:REJILLA,ACCESSORY,rejilla,,,,,,
CAPACITY:70GR,CAPACITY,70GR,,,,,,
PRODUCT:5200,PRODUCT,FRASCO PET BOLON 400ML TRANSPARENTE C/TAPA ESPRAY PISTOLA N28,5200,0.9114,7.0,1.0,69.5,55.0
CAPACITY:400ML,CAPACITY,400ML,,,,,,
PRODUCT:5201,PRODUCT,VIAL VIDRIO TRANSPARENTE 20ML B20 C/TAPON BUTILO GRIS N20,5201,0.8762,4.0,2.0,68.0,65.0
SUBTYPE:VIAL,SUBTYPE,vial,,,,,,
COLOR:GRIS,COLOR,GRIS,,,,,,
PRODUCT:5202,PRODUCT,FRASCO ROLL-ON PAVONADO 10ML C/TAPON Y TAPA,5202,0.895,15.0,6.0,174.9,367.4
PRODUCT:5203,PRODUCT,POTE PLASTICO BLANCO TIPO ANALISIS 120GR C/TAPA,5203,0.9083,6.0,4.0,356.9,250.75
PRODUCT:5204,PRODUCT,POTE PLASTICO BLANCO TIPO ANALISIS 100GR C/TAPA,5204,0.9083,10.0,5.0,471.6,368.75
PRODUCT:5205,PRODUCT,LATA DE ALUMINIO PLATEADO 15GR C/TAPA,5205,0.8683,13.0,4.0,143.8,261.3
MATERIAL:ALUMINIO,MATERIAL,ALUMINIO,,,,,,
PRODUCT:5206,PRODUCT,LATA DE ALUMINIO PLATEADA 50GR C/TAPA,5206,0.854,18.0,8.0,3651.7,3489.0
PRODUCT:5207,PRODUCT,LATA DE ALUMINIO PLATEADA 30GR C/TAPA,5207,0.854,12.0,3.0,187.7,190.4
PRODUCT:5208,PRODUCT,FRASCO PET TRANSPARENTE 30ML C/TAPA PRESS N20,5208,0.9114,7.0,3.0,195.1,127.5
PRODUCT:5209,PRODUCT,FRASCO PET TRANSPARENTE 120ML B/28 C/TAPA DISPENSADOR GEL,5209,0.9163,38.0,1.0,718.2,80.0
PRODUCT:5210,PRODUCT,TUBO T/LILA K2 C/EDTA 3ML 13*75MM*100UND ALIANZA,5210,0.8167,0.0,0.0,0.0,0.0
PRODUCT:5211,PRODUCT,PROBETA VIDRIO TRANSPARENTE 250ML,5211,0.862,10.0,4.0,468.0,671.4
PRODUCT:5212,PRODUCT,FRASCO PET BLANCO ESPUMERO 100ML C/TAPA,5212,0.9186,36.0,6.0,874.1999999999999,827.5
PRODUCT:5213,PRODUCT,FRASCO PET TRANSPARENTE ESPUMERO 200ML C/ TAPA,5213,0.9186,14.0,3.0,234.52,290.0
PRODUCT:5214,PRODUCT,FRASCO GOTERO VIDRIO TRANSPARENTE 20ML C/TAPA Y CHUPON,5214,0.9229,7.0,1.0,71.2,60.0
PRODUCT:5215,PRODUCT,LATA DE ALUMINIO NEGRO 15GR C/TAPA,5215,0.8683,6.0,2.0,47.7,75.0
PRODUCT:5216,PRODUCT,FRASCO PET TRANSPARENTE 60ML C/TAPA Y TAPON N28,5216,0.9114,2.0,1.0,7.5,20.0
PRODUCT:5217,PRODUCT,FRASCO PET TRANSPARENTE 120ML TAPA Y TAPON B28,5217,0.9114,12.0,3.0,292.6,140.0
PRODUCT:5218,PRODUCT,FRASCO PET TRANSPARENTE ALTO 120ML C/TAPA Y TAPON N28,5218,0.9114,1.0,1.0,4.5,21.25
PRODUCT:5219,PRODUCT,LATA DE ALUMINIO NEGRO 30GR C/TAPA,5219,0.8683,2.0,2.0,10.0,115.0
PRODUCT:5220,PRODUCT,LATA DE ALUMINIO NEGRO 50GR C/TAPA,5220,0.8683,4.0,2.0,45.9,122.5
PRODUCT:5221,PRODUCT,LATA DE ALUMINIO PLATEADA 100GR C/TAPA,5221,0.854,8.0,3.0,81.1,250.0
PRODUCT:5222,PRODUCT,FRASCO PET AMBAR 120ML B28 C/TAPA GATILLO,5222,0.9175,27.0,8.0,421.0,627.3
PRODUCT:5223,PRODUCT,PROPIPETA VERDE 10ML,5223,0.8425,2.0,0.0,50.0,0.0
PRODUCT:5224,PRODUCT,VASO VIDRIO BORO GRADUADO 2LT,5224,0.8475,3.0,2.0,228.0,221.0
CAPACITY:2L,CAPACITY,2L,,,,,,
PRODUCT:5225,PRODUCT,PLACA PETRI VIDRIO 90*15,5225,0.77,26.0,9.0,1374.5,604.0
PRODUCT:5226,PRODUCT,DESACADOR 300MM,5226,0.6,1.0,0.0,350.0,0.0
PRODUCT:5227,PRODUCT,TAPON BUTILO COLOR GRIS N20,5227,0.848,1.0,6.0,10.0,83.0
PRODUCT:5228,PRODUCT,VIAL VIDRIO TRANSPARENTE 7ML B20 C/TAPA BUTILO COLOR GRIS,5228,0.8762,7.0,3.0,3972.7,150.0
PRODUCT:5229,PRODUCT,BOMBA ATOMIZADORA ACANALADO 20 410 BLANCO,5229,0.82,1.0,1.0,30.0,54.93
PRODUCT:5230,PRODUCT,BOMBA ATOMIZADORA ACANALADO N28 410 FUCSIA,5230,0.845,0.0,1.0,0.0,71.83
COLOR:FUCSIA,COLOR,FUCSIA,,,,,,
PRODUCT:5231,PRODUCT,BOMBA ATOMIZADORA ACANALADO 20 410 TRANSPARENTE,5231,0.82,0.0,1.0,0.0,54.93
PRODUCT:5232,PRODUCT,BOMBA ATOMIZADORA ACANALADO 20/410 NEGRO,5232,0.82,1.0,2.0,6.0,179.93
PRODUCT:5233,PRODUCT,BOMBA ATOMIZADORA ACANALADO 20/410 CELESTE,5233,0.82,1.0,1.0,2.0,54.93
COLOR:CELESTE,COLOR,CELESTE,,,,,,
PRODUCT:5234,PRODUCT,BOMBA ATOMIZADORA ACANALADO N20 410 FUCSIA,5234,0.845,0.0,1.0,0.0,54.93
PRODUCT:5235,PRODUCT,BOMBA ATOMIZADORA ACANALADO N28 410 BLANCO,5235,0.845,23.0,2.0,177.0,448.33
PRODUCT:5236,PRODUCT,BOMBA ATOMIZADORA ACANALADO N28 410 TRANSPARENTE,5236,0.845,0.0,1.0,0.0,71.83
PRODUCT:5237,PRODUCT,BOMBA ATOMIZADORA ACANALADO N28 410 NEGRO,5237,0.845,10.0,2.0,68.4,398.93
PRODUCT:5238,PRODUCT,BOMBA ATOMIZADORA ACANALADO N28 410 CELESTE,5238,0.845,1.0,1.0,2.0,71.83
PRODUCT:5239,PRODUCT,VIAL VIDRIO TRANSPARENTE 10ML B20 C/TAPA BUTILO,5239,0.8762,13.0,11.0,291.7,400.5
PRODUCT:5240,PRODUCT,VIAL VIDRIO TRANSPARENTE ALTO 15ML B20,5240,0.8717,4.0,3.0,266.0,184.0
PRODUCT:5241,PRODUCT,VIAL VIDRIO TRANSPARENTE 30ML B20,5241,0.8717,1.0,1.0,1.5,15.0
PRODUCT:5242,PRODUCT,VIAL VIDRIO TRANSPARENTE 50ML N20,5242,0.8717,3.0,3.0,140.0,108.0
PRODUCT:5243,PRODUCT,VIAL VIDRIO TRANSPARENTE 100ML B20,5243,0.8717,2.0,1.0,160.0,27.0
PRODUCT:5244,PRODUCT,VIAL VIDRIO TRANSPARENTE 5ML B20 C/TAPA BUTILO GRIS,5244,0.8762,7.0,2.0,561.25,271.95
PRODUCT:5245,PRODUCT,FRASCO VIDRIO TRANSPARENTE 20ML C/TAPA BAQUELITA N24 Y LAINA SILICONA,5245,0.915,24.0,9.0,7811.3,4706.0
MOUTH_SIZE:24MM,MOUTH_SIZE,24MM,,,,,,
PRODUCT:5246,PRODUCT,GOTERO VIDRIO TRANSPARENTE 10ML C/TAPA Y CHUPON,5246,0.8914,11.0,7.0,1256.0,1125.0
PRODUCT:5247,PRODUCT,FRASCO VIDRIO TRANSPARENTE 30ML C/TAPA Y TAPON N18,5247,0.9114,0.0,1.0,0.0,20.8
PRODUCT:5248,PRODUCT,FRASCO VIDRIO TRANSPARENTE 100ML C/TAPA Y TAPON B18,5248,0.9114,4.0,4.0,938.0,578.6
PRODUCT:5249,PRODUCT,SOLO MINI TRIGGER NEGRO B28,5249,0.856,32.0,7.0,362.5,1177.0
PRODUCT:5250,PRODUCT,TUBO CONICO CON TAPA ROSCA DE 15ML NO ESTERIL,5250,0.8557,9.0,4.0,386.5,215.0
PRODUCT:5251,PRODUCT,VASO DAPPEN,5251,0.6,10.0,0.0,56.5,0.0
PRODUCT:5252,PRODUCT,GOTERO VIDRIO TRANSPARENTE 100ML C/TAOA Y CHUPON,5252,0.8914,6.0,2.0,122.0,136.0
PRODUCT:5253,PRODUCT,FRASCO PET 1LT TRANSPARENTE C/SPRAY PISTOLA N28,5253,0.9214,8.0,1.0,232.7,90.0
PRODUCT:5254,PRODUCT,POTE ACRILICO 5GR C/TAPA ROSCA,5254,0.9017,38.0,8.0,595.1,1305.0
CAPACITY:5GR,CAPACITY,5GR,,,,,,
PRODUCT:5255,PRODUCT,VASELINERO 7GR,5255,0.83,29.0,12.0,371.5,318.6
CAPACITY:7GR,CAPACITY,7GR,,,,,,
PRODUCT:5256,PRODUCT,TALQUERA PLASTICO 140GR C/TAPA Y REJILLA,5256,0.85,15.0,4.0,335.6,420.0
CAPACITY:140GR,CAPACITY,140GR,,,,,,
PRODUCT:5257,PRODUCT,POTE PET TRANSPARENTE 250GR C/TAPA ROSCA,5257,0.9071,27.0,3.0,1568.4,1179.2
PRODUCT:5258,PRODUCT,PIPETAS PASTEUR ESTRILES 5ML (BLS100),5258,0.775,7.0,1.0,53.0,10.0
PRODUCT:5259,PRODUCT,FRASCO DE VIDRIO BOCA ANCHA TAPA AZUL 1L NIU S/20.0,5259,0.91,9.0,5.0,381.0,160.0
PRODUCT:5260,PRODUCT,FRASCO GOTERO VIDRIO TRANSPARENTE 30ML C/TAPA Y CHUPON,5260,0.9229,15.0,1.0,150.3,65.0
PRODUCT:5261,PRODUCT,GOTER PLASTICO BLANCO 5ML C/TAPA Y TAPON N15,5261,0.8757,6.0,1.0,222.6,30.0
PRODUCT:5262,PRODUCT,GOTERO PLASTICO BLANCO 10ML C/TAPA Y TAPON N15,5262,0.8829,9.0,3.0,225.15,150.0
PRODUCT:5263,PRODUCT,GOTERO PLASTICO BLANCO 7ML C/TAPA Y TAPON N15,5263,0.8829,2.0,1.0,14.85,30.0
PRODUCT:5264,PRODUCT,FRASCO DE  VIDRIO BOCA ANCHA TAPA AZUL 500ML,5264,0.91,10.0,3.0,516.0,189.0
PRODUCT:5265,PRODUCT,PIPETA SEREOLOGICA GRADUADA VIDRIO 5ML - CITOGLAS,5265,0.8475,12.0,7.0,237.5,123.0
PRODUCT:5266,PRODUCT,ABRAZADERA CRUZADA DE LABORATORIO (DOBLE NUEZ),5266,0.6,1.0,2.0,18.0,29.0
PRODUCT:5267,PRODUCT,ABRAZADERA PARA MATRAZ,5267,0.6,1.0,2.0,25.0,30.0
PRODUCT:5268,PRODUCT,DESECADOR 300MM,5268,0.6,1.0,1.0,213.6,320.0
PRODUCT:5269,PRODUCT,TERMOMETRO DIGITAL DE VASTAGO PARA COCINA DE 30CM,5269,0.6,3.0,2.0,80.0,100.0
PRODUCT:5270,PRODUCT,PIPETEADOR DE CREMALLERA VERDE (PUMP) 10ML,5270,0.83,3.0,3.0,112.5,111.0
PRODUCT:5271,PRODUCT,GUANTES DE NITRILO ALTO RIESGO GATAMO,5271,0.6,5.0,0.0,1029.0,0.0
PRODUCT:5272,PRODUCT,PROBADOR PLASTICO 10ML ESPRAY COLORES,5272,0.83,11.0,3.0,84.1,182.0
PRODUCT:5273,PRODUCT,GOTERO VIDRIO PAVONADO 10ML B18 TAPA Y CHUPON,5273,0.8886,4.0,1.0,9.8,36.0
PRODUCT:5274,PRODUCT,GOTERO VIDRIO PAVONADO 30ML B18 TAPA Y CHUPON,5274,0.8886,8.0,2.0,76.1,120.0
PRODUCT:5275,PRODUCT,SOLO TAPA PRESS N28.,5275,0.825,3.0,2.0,14.2,200.56
PRODUCT:5276,PRODUCT,POTE CREMERO DOBLE FONDO BLANCO IMPORTADO 30GR C/TAPA Y LAINA,5276,0.91,11.0,3.0,334.0,477.5
PRODUCT:5277,PRODUCT,POTE CREMERO DOBLE FONDO 60GR BLANCO C/TAPA Y LAINA NACIONAL,5277,0.9283,25.0,6.0,1258.0,645.0
PRODUCT:5278,PRODUCT,POTE PASTILLERO PLASTICO BLANCO 19GR C/TAPA B/20,5278,0.9071,8.0,2.0,28.8,26.6
CAPACITY:19GR,CAPACITY,19GR,,,,,,
PRODUCT:5279,PRODUCT,POTE PASTILLERO PLASTICO BLANCO 12GR C/TAPA B/20,5279,0.9071,2.0,3.0,11.4,519.32
CAPACITY:12GR,CAPACITY,12GR,,,,,,
PRODUCT:5280,PRODUCT,POTE PASTILLERO PLASTICO BLANCO 10GR C/TAPA B/20,5280,0.9071,2.0,2.0,12.06,23.56
PRODUCT:5281,PRODUCT,GOTERO VIDRIO TRANSPARENTE 5ML C/TAPA Y CHUPON,5281,0.8914,9.0,7.0,331.1,418.5
PRODUCT:5282,PRODUCT,FRASCO GOTERO INTERNO VIDRIO AMBAR B/18 5ML TAPA S.,5282,0.9143,5.0,4.0,127.0,186.2
PRODUCT:5283,PRODUCT,FRASCO GOTERO INTERNO VIDRIO AMBAR 10ML B/18 C/TAPA P.,5283,0.9143,5.0,1.0,58.5,23.4
PRODUCT:5284,PRODUCT,TAPON IMPORTADO B28,5284,0.82,1.0,0.0,12.0,0.0
PRODUCT:5285,PRODUCT,SOLO MINI TRIGGER BLANCO B28,5285,0.856,35.0,8.0,1230.5,5502.0
PRODUCT:5286,PRODUCT,FRASCO PET TRANSPARENTE 250ML C/TAPA SPRAY MINI PISTOLA N24,5286,0.9163,14.0,1.0,2035.5,115.0
PRODUCT:5287,PRODUCT,POTE PLASTICO BLANCO TIPO FROTACION 50GR C/TAPA,5287,0.9083,6.0,4.0,61.5,70.8
PRODUCT:5288,PRODUCT,POTE PLASTICO BLANCO TIPO FROTACION 100GR C/TAPA,5288,0.9083,15.0,5.0,107.3,131.3
PRODUCT:5289,PRODUCT,TAPON PLASTICO IMPORTADO N28,5289,0.84,0.0,1.0,0.0,8.0
PRODUCT:5290,PRODUCT,ALCOHOL PADS,5290,0.6,3.0,0.0,41.0,0.0
PRODUCT:5291,PRODUCT,FRASCO ROLL-ON VIDRIO TRANSPARENTE 3ML C/TAPA Y TAPON,5291,0.91,7.0,2.0,316.7,225.0
PRODUCT:5292,PRODUCT,FRASCO ROLL-ON VIDRIO TRANSPARENTE 7ML C/TAPA Y TAPON,5292,0.91,4.0,1.0,25.1,45.0
PRODUCT:5293,PRODUCT,PERFUME VIDRIO TRANSPARENTE CUADRADO 30ML TAPA ESPRAY METALIZADA N18,5293,0.8757,5.0,3.0,348.3,460.2
PRODUCT:5294,PRODUCT,LIPSTICK/BALSAMO LABIAL 5ML,5294,0.9133,22.0,5.0,457.7,675.0
SUBTYPE:LIPSTICK,SUBTYPE,lipstick,,,,,,
PRODUCT:5295,PRODUCT,FRASCO PLASTICO NEGRO 350ML C/TAPA ESPRAY MINI PISTOLA N24,5295,0.9114,6.0,2.0,24.0,120.0
CAPACITY:350ML,CAPACITY,350ML,,,,,,
PRODUCT:5296,PRODUCT,FRASCO PET NEGRO 250ML C/TAPA ESPRAY MINI PISTOLA N24,5296,0.9114,37.0,10.0,1039.0,1220.1
PRODUCT:5297,PRODUCT,PET COLORES CILINDRICO 120ML TAPA PRESS N20,5297,0.8643,4.0,2.0,26.0,143.0
SHAPE:CILINDRICO,SHAPE,cilindrico,,,,,,
PRODUCT:5298,PRODUCT,PROBETA VIDRIO TRANSPARENTE 500ML,5298,0.862,1.0,1.0,39.0,55.94
PRODUCT:5299,PRODUCT,FRASCO VIDRIO TRANSPARENTE 50ML B18 C/TAPA ESPRAY,5299,0.9114,2.0,2.0,79.5,112.0
PRODUCT:5300,PRODUCT,FRASCO VIDRIO TRANSPARENTE 15ML B18 C/TAPA ESPRAY,5300,0.9114,2.0,2.0,87.5,91.0
PRODUCT:5301,PRODUCT,MORTERO CON PILON DE PORCELANA 90MM,5301,0.6,12.0,8.0,178.5,386.0
PRODUCT:5302,PRODUCT,FRASCO DE VIDRIO BOCA ANCHA TAPA AZUL 250ML,5302,0.91,9.0,4.0,756.0,300.0
PRODUCT:5303,PRODUCT,TUBO DE ENSAYO DE VIDRIO 13*100MM (bx250u),5303,0.8133,5.0,1.0,44.0,30.0
PRODUCT:5304,PRODUCT,TAPON BUTILO ROJO N13,5304,0.848,0.0,1.0,0.0,20.0
COLOR:ROJO,COLOR,ROJO,,,,,,
MOUTH_SIZE:13MM,MOUTH_SIZE,13MM,,,,,,
PRODUCT:5305,PRODUCT,PROBADOR PLASTICO 12ML ESPRAY COLORES,5305,0.83,6.0,3.0,26.5,157.5
CAPACITY:12ML,CAPACITY,12ML,,,,,,
PRODUCT:5306,PRODUCT,AZUL METILENO 500ML,5306,0.83,1.0,1.0,45.0,35.0
PRODUCT:5307,PRODUCT,LUGOL PARASITOLOGICO MRCS,5307,0.6,1.0,2.0,50.0,100.0
PRODUCT:5308,PRODUCT,TUVO CONICO TAPA AZUL 50ML C/FALDON,5308,0.8583,6.0,0.0,140.0,0.0
PRODUCT:5309,PRODUCT,GRADILLA 7*3 21T CONICO 50MM,5309,0.7867,13.0,5.0,246.0,310.0
PRODUCT:5310,PRODUCT,FRASCO PET TRANSPARENTE 250ML C/TAPA PRESS N24,5310,0.9114,7.0,1.0,90.0,45.0
PRODUCT:5311,PRODUCT,PROBETA PLASTICO 1L,5311,0.8425,15.0,11.0,714.0,529.0
PRODUCT:5312,PRODUCT,VIDRIO TUBULAR 20ML C/TAPA BAQUELITA N24 Y LAINA CARTON PTFE,5312,0.8762,8.0,2.0,173.8,1165.0
MATERIAL:CARTON,MATERIAL,CARTON,,,,,,
PRODUCT:5313,PRODUCT,FRASCO PET DE COLORES CILINDRICO 120ML C/TAPA ESPRAY N20,5313,0.9,21.0,3.0,302.20000000000005,234.0
PRODUCT:5314,PRODUCT,POTE PET TRANSPARENTE 1KG C/TAPA,5314,0.9083,17.0,2.0,1603.1,419.1
PRODUCT:5315,PRODUCT,FRASCO PLASTICO INSECTICIDA 125ML C/TAPA Y TAPON,5315,0.904,4.0,3.0,48.0,192.6
PRODUCT:5316,PRODUCT,GOTERO VIDRIO AMBAR 30ML C/TAPA Y CHUPON C/SEGURO,5316,0.8914,6.0,9.0,510.3,1056.0
PRODUCT:5317,PRODUCT,FRASCO PARA GEL 30ML DE CARTERA,5317,0.9,16.0,4.0,257.2,221.6
PRODUCT:5318,PRODUCT,FRASCO PET BLANCO 60ML C/TAPA PRESS N20,5318,0.9114,0.0,1.0,0.0,24.3
PRODUCT:5319,PRODUCT,CRIOBOX PARA 50CRIOVIALES,5319,0.6,0.0,2.0,0.0,14.0
PRODUCT:5320,PRODUCT,POTE VIDRIO AMBAR 200GR B45 C/TAPA,5320,0.91,9.0,2.0,80.3,153.0
CAPACITY:200GR,CAPACITY,200GR,,,,,,
PRODUCT:5321,PRODUCT,BOMBA DISPENSADORA PARA GALONERA 28/410 ACANALADO COLOR BLANCO,5321,0.8525,2.0,2.0,204.0,305.17
PRODUCT:5322,PRODUCT,FRASCO VIDRIO TRANSPARENTE 100ML PERFUME C/TAPA SPRAY METALIZADO N18,5322,0.9163,9.0,2.0,211.0,320.0
PRODUCT:5323,PRODUCT,VASO DOSIFICADOR PLASTICO GRADUADO 15ML,5323,0.85,20.0,3.0,226.5,60.0
SUBTYPE:DOSIFICADOR,SUBTYPE,dosificador,,,,,,
PRODUCT:5324,PRODUCT,FRASCO BLANCO TIPO LAVABAJILLA 650ML C/TAPA FLIT TOP B28,5324,0.9067,1.0,0.0,3.0,0.0
CAPACITY:650ML,CAPACITY,650ML,,,,,,
PRODUCT:5325,PRODUCT,POTE VIDRIO AMBAR IMPORTADO 120GR B/38 C/TAPA,5325,0.8962,7.0,1.0,56.2,75.0
MOUTH_SIZE:38MM,MOUTH_SIZE,38MM,,,,,,
PRODUCT:5326,PRODUCT,CORCHO BAJO N4,5326,0.6,3.0,4.0,153.0,232.0
PRODUCT:5327,PRODUCT,FRASCO PET 1LT TRANSPARENTE C/TAPA Y TAPON N28.,5327,0.9114,10.0,1.0,1337.5,30.0
PRODUCT:5328,PRODUCT,ROLL-ON VIDRIO TRANSPARENTE 50ML C/TAPA BLANCA,5328,0.8683,5.0,2.0,78.4,150.0
PRODUCT:5329,PRODUCT,FRASCO VIDRIO TRANSPARENTE TUBULAR 10ML C/TAPA BAQUELITA B18,5329,0.9075,4.0,3.0,33.4,126.5
PRODUCT:5330,PRODUCT,BOMBA PARA PIPETA,5330,0.76,9.0,6.0,210.0,133.0
PRODUCT:5331,PRODUCT,BOTELLA PET TRANSPARENTE 120ML B28 SIN TAPA,5331,0.88,27.0,1.0,598.5,300.0
PRODUCT:5332,PRODUCT,isopos *100und,5332,0.6,1.0,0.0,20.0,0.0
PRODUCT:5333,PRODUCT,BOTELLA PET TRANSPARENTE 250ML B28 C/TAPA Y TAPON,5333,0.88,30.0,3.0,697.95,672.0
PRODUCT:5334,PRODUCT,BOTELLA PET TRANSPARENTE 500ML B28 SIN TAPA,5334,0.88,12.0,2.0,101.3,319.2
PRODUCT:5335,PRODUCT,BOTELLA PET TRANSPARENTE 1LT (37gr) B28 SIN TAPA,5335,0.88,11.0,2.0,219.1,851.0
PRODUCT:5336,PRODUCT,PET CAMPANA TRANSPARENTE 300ML S/T B28..,5336,0.8817,6.0,3.0,82.0,327.12
PRODUCT:5337,PRODUCT,PROBADOR DE VIDRIO 5ML METALIZADO RECARGABLE,5337,0.83,43.0,7.0,493.3,937.5
PRODUCT:5338,PRODUCT,TAPA CHUPON BLANCO B28,5338,0.87,2.0,0.0,27.0,0.0
PRODUCT:5339,PRODUCT,FRASCO DE VIDRIO AMBAR 200ML BOCA 28,5339,0.916,6.0,2.0,253.0,15.0
PRODUCT:5340,PRODUCT,FRASCO PET COLORES BOSTON 120ML C/TAPA ESPRAY B20,5340,0.9067,31.0,17.0,514.8,1728.5
PRODUCT:5341,PRODUCT,GUANTES BOX*100UND,5341,0.6,7.0,0.0,283.0,0.0
PRODUCT:5342,PRODUCT,FRASCO DE VIDRIO BOCA ANCHA TRANSPARENTE TAPA AZUL 100ml,5342,0.91,9.0,6.0,482.0,169.6
PRODUCT:5343,PRODUCT,FRASCO DE VIDRIO BOCA ANCHA AMBAR TAPA AZUL 100ML,5343,0.91,5.0,3.0,66.0,271.8
PRODUCT:5344,PRODUCT,TAPA FLIT TOP B28,5344,0.825,2.0,0.0,7.5,0.0
PRODUCT:5345,PRODUCT,EMBUDO PLASTICO,5345,0.77,8.0,0.0,26.2,0.0
PRODUCT:5346,PRODUCT,PHMETRO COMBO SUELOS 4 EN 1 (PH-HUMEDAD-TEMP-LUZ SOLAR) TPH01803,5346,0.84,6.0,1.0,355.0,288.0
PRODUCT:5347,PRODUCT,BAGUETA O VARILLA DE VIDRIO 30ML,5347,0.83,30.0,7.0,204.3,150.0
PRODUCT:5348,PRODUCT,FRASCO DE VIDRIO BOCA ANCHA AMBAR TAPA AZUL 250ML,5348,0.91,5.0,3.0,103.0,354.0
PRODUCT:5349,PRODUCT,BURETA DE VIDRIO GRADUADO DE 10ML CON LLAVE DE VIDRIO,5349,0.8475,0.0,1.0,0.0,30.0
PRODUCT:5350,PRODUCT,PAPEL INDICADOR DE PH,5350,0.89,14.0,0.0,310.5,0.0
PRODUCT:5351,PRODUCT,FRAGANCIA BEBE POETT 10ML,5351,0.775,0.0,2.0,0.0,45.0
PRODUCT:5352,PRODUCT,FRAGANCIA BRISA MARINA 10ML,5352,0.775,0.0,2.0,0.0,45.0
PRODUCT:5353,PRODUCT,FRAGANCIA CHICA FRESA 10ML,5353,0.775,2.0,2.0,50.0,50.0
PRODUCT:5354,PRODUCT,FRAGANCIA CHICLE 10ML,5354,0.775,0.0,2.0,0.0,50.0
PRODUCT:5355,PRODUCT,FRAGANCIA CT. PRIMAVERA POETT 10ML,5355,0.775,0.0,2.0,0.0,50.0
PRODUCT:5356,PRODUCT,FRAGANCIA LAVANDA CT POETT 10ML,5356,0.775,1.0,2.0,25.0,45.0
PRODUCT:5357,PRODUCT,FRAGANCIA LIMON EXTREMO 10ML,5357,0.775,1.0,2.0,25.0,50.0
PRODUCT:5358,PRODUCT,FRAGANCIA MANZANA 10ML,5358,0.775,0.0,2.0,0.0,45.0
PRODUCT:5359,PRODUCT,FRASCO VIDRIO TRANSPARENTE 1.7 LT CON T/100,5359,0.9167,13.0,4.0,240.2,677.99
CAPACITY:7L,CAPACITY,7L,,,,,,
MOUTH_SIZE:100MM,MOUTH_SIZE,100MM,,,,,,
PRODUCT:5360,PRODUCT,POTE VIDRIO TRANSPARENTE 1L C/TAPA 100,5360,0.9083,7.0,4.0,633.7,867.54
PRODUCT:5361,PRODUCT,FRASCO ESPARRAGUERO 370ML C/TAPA 63,5361,0.895,6.0,2.0,626.4,254.8
CAPACITY:370ML,CAPACITY,370ML,,,,,,
PRODUCT:5362,PRODUCT,FRASCO ESPARRAGUERO 212ML C/TAPA METALICA N58,5362,0.9,8.0,3.0,336.6,504.95
CAPACITY:212ML,CAPACITY,212ML,,,,,,
MOUTH_SIZE:58MM,MOUTH_SIZE,58MM,,,,,,
PRODUCT:5363,PRODUCT,FRASCO CUADRADRO 387ML C/TAPA 63,5363,0.895,2.0,1.0,54.6,57.47
CAPACITY:387ML,CAPACITY,387ML,,,,,,
PRODUCT:5364,PRODUCT,FRASCO BARRIL 720ML C/TAPA 82,5364,0.895,2.0,1.0,15.3,43.66
CAPACITY:720ML,CAPACITY,720ML,,,,,,
PRODUCT:5365,PRODUCT,FRASCO VID TRANSPARENTE 370ML BAJO C/TAPA 77,5365,0.904,13.0,3.0,275.6,517.94
PRODUCT:5366,PRODUCT,FRASCO COLMENA 746 C/TAPA 77,5366,0.8767,6.0,3.0,252.25,786.11
PRODUCT:5367,PRODUCT,FRASCO 4 ONZAS C/TAPA 63,5367,0.8767,9.0,3.0,339.4,660.76
PRODUCT:5368,PRODUCT,POTE VIDRIO TRANSPARENTE 315ML C/TAPA 63,5368,0.9083,2.0,2.0,117.4,99.76
CAPACITY:315ML,CAPACITY,315ML,,,,,,
PRODUCT:5369,PRODUCT,TAPA METALICA N58,5369,0.825,0.0,0.0,0.0,0.0
PRODUCT:5370,PRODUCT,FRASCO VIDRIO TRANSPARENTE ESPARRAGUERO 315ML C/TAPA 63,5370,0.91,5.0,3.0,318.5,782.4
PRODUCT:5371,PRODUCT,TAPA METALICA N63,5371,0.825,0.0,0.0,0.0,0.0
PRODUCT:5372,PRODUCT,FRASCO VIDRIO TRANSPARENTE 458ML C/TAPA 82,5372,0.91,18.0,2.0,399.7,472.85
CAPACITY:458ML,CAPACITY,458ML,,,,,,
PRODUCT:5373,PRODUCT,TAPA METALICA N77,5373,0.825,0.0,0.0,0.0,0.0
MOUTH_SIZE:77MM,MOUTH_SIZE,77MM,,,,,,
PRODUCT:5374,PRODUCT,TAPA METALICA N82 DORADO,5374,0.848,0.0,0.0,0.0,0.0
COLOR:DORADO,COLOR,DORADO,,,,,,
MOUTH_SIZE:82MM,MOUTH_SIZE,82MM,,,,,,
PRODUCT:5375,PRODUCT,TAPA METALICA N82 NEGRO,5375,0.848,0.0,0.0,0.0,0.0
PRODUCT:5376,PRODUCT,TAPA METALICA N100 ORO VIEJO,5376,0.825,0.0,0.0,0.0,0.0
PRODUCT:5377,PRODUCT,FRASCO VIDRIO AMBAR 50ML B18 TAPA ESPRAY,5377,0.9114,7.0,2.0,105.2,123.2
PRODUCT:5378,PRODUCT,FRASCO VIDRIO AMBAR 15ML B18 TAPA ESPRAY,5378,0.9114,2.0,3.0,195.0,230.1
PRODUCT:5379,PRODUCT,GOTERO VIDRIO AZUL 30ML C/TAPA Y CHUPON,5379,0.8914,2.0,2.0,48.75,802.5
PRODUCT:5380,PRODUCT,GOTERO VIDRIO AZUL 50ML C/TAPA Y CHUPON,5380,0.8914,2.0,2.0,12.0,77.0
PRODUCT:5381,PRODUCT,FRASCO VIDRIO AZUL 50ML B/18 TAPA ESPRAY,5381,0.9114,5.0,2.0,49.4,128.0
PRODUCT:5382,PRODUCT,TIRAS MEDIDORAS DE PH (CAJA *100UND),5382,0.87,24.0,6.0,584.0,738.0
TYPE:CAJA,TYPE,caja,,,,,,
PRODUCT:5383,PRODUCT,PROBETA DE PLASTICO GRADUADA PROBETA DE PLASTICO GRADUADA 500 ML,5383,0.854,6.0,2.0,257.0,89.57
PRODUCT:5384,PRODUCT,VASO DE VIDRIO BORO GRADUADO 10ML,5384,0.8475,12.0,1.0,190.0,56.0
PRODUCT:5385,PRODUCT,VASO GRADUADO DE POLIPROPILENO 100ML,5385,0.8167,7.0,6.0,105.0,117.36
PRODUCT:5386,PRODUCT,VASO GRADUADO DE POLIPROPILENO 250ML-300ML,5386,0.8167,7.0,4.0,98.0,87.64
PRODUCT:5387,PRODUCT,FRASCO VIDRIO ROSADO 10ML C/TAPA ESPRAY N18,5387,0.9114,2.0,1.0,4.6,39.0
COLOR:ROSADO,COLOR,ROSADO,,,,,,
PRODUCT:5388,PRODUCT,FRASCO VIDRIO ROSADO 30ML C/TAPA ESPRAY N18,5388,0.9114,7.0,2.0,33.0,195.0
PRODUCT:5389,PRODUCT,PROBADOR VIDRIO 1ML TAPON PLUMILLA,5389,0.854,4.0,2.0,61.5,50.0
CAPACITY:1ML,CAPACITY,1ML,,,,,,
PRODUCT:5390,PRODUCT,FRASCO TUBULAR VIDRIO TRANSPARENTE 3ML T/BAQUELITA N13,5390,0.9114,3.0,1.0,6.0,17.5
PRODUCT:5391,PRODUCT,FRASCO TUBULAR VIDRIO TRANSPARENTE 4ML T/BAQUELITA N13,5391,0.9114,5.0,3.0,212.5,157.5
CAPACITY:4ML,CAPACITY,4ML,,,,,,
PRODUCT:5392,PRODUCT,FRASCO TUBULAR VIDRIO TRANSPARENTE 5ML T/BAQUELITA N13,5392,0.9114,3.0,1.0,19.3,17.5
PRODUCT:5393,PRODUCT,FRASCO PET BLANCO 60ML C/TAPA FLIP TOP N20,5393,0.9114,0.0,2.0,0.0,130.0
PRODUCT:5394,PRODUCT,PET TRANSPARENTE 10ML C/GOTERO CHUPON N18,5394,0.895,2.0,1.0,22.2,25.0
PRODUCT:5395,PRODUCT,GOTERO PET TRANSPARENTE 20ML N18,5395,0.8833,0.0,1.0,0.0,27.5
PRODUCT:5396,PRODUCT,GOTERO PET TRANSPARENTE 30ML C/ TAPA Y CHUPON N18,5396,0.895,1.0,1.0,8.0,27.5
PRODUCT:5397,PRODUCT,FRASCO VIDRIO AMBAR 20ML B18 C/TAPA ESPRAY,5397,0.9114,5.0,2.0,69.3,105.0
PRODUCT:5398,PRODUCT,FRASCO VIDRIO AMBAR 30ML B18 C/TAPA ESPRAY,5398,0.9114,4.0,2.0,96.0,195.0
PRODUCT:5399,PRODUCT,BARRA AGITADORA MAGNETICA C300 30*7.5 MM (AGITADOR MAGNETICO),5399,0.6,2.0,3.0,214.0,208.0
PRODUCT:5400,PRODUCT,GOTERO  VIDRIO AMBAR 30ML TAPA METALIZADA DORADA Y CHUPON,5400,0.8914,0.0,4.0,0.0,2170.0
PRODUCT:5401,PRODUCT,PROBETA VIDRIO 25ML,5401,0.8425,5.0,3.0,88.0,134.24
PRODUCT:5402,PRODUCT,MATRAZ ERLENMEYER DE VIDRIO BORO 100ML,5402,0.83,10.0,4.0,170.5,130.72
PRODUCT:5403,PRODUCT,MATRAZ ERLENMEYER DE VIDRIO 1L,5403,0.83,4.0,2.0,108.0,138.72
PRODUCT:5404,PRODUCT,FRASCO BOCA ANCHA TRANSPARENTE TAPA AZUL 50ML,5404,0.904,2.0,1.0,107.0,64.96
PRODUCT:5405,PRODUCT,CALIBRADOR VERNIER DIGITAL - TECAI - 93 / PRECISSO,5405,0.6,3.0,1.0,130.0,234.0
PRODUCT:5406,PRODUCT,PUNTAS BLANCAS PARA PIPETA (B200U),5406,0.6,1.0,0.0,85.0,0.0
PRODUCT:5407,PRODUCT,MICROPIPETA BOECO RANGO VARIABLE 100-1000UL,5407,0.6,1.0,1.0,109.0,90.0
PRODUCT:5408,PRODUCT,FIOLA VOLUMETRICA C/PICO 100ML,5408,0.775,4.0,4.0,99.4,152.0
PRODUCT:5409,PRODUCT,FIOLA VOLUMETRICA GRADUADO DE VIDRIO 1000ML - BOECO,5409,0.8475,3.0,3.0,258.0,240.0
CAPACITY:1000ML,CAPACITY,1000ML,,,,,,
PRODUCT:5410,PRODUCT,BARRA AGITADORA MAGNETICA C400 40*8 MM (AGITADOR MAGNETICO),5410,0.6,5.0,1.0,142.0,48.0
PRODUCT:5411,PRODUCT,KIT DE DISECCION,5411,0.73,0.0,0.0,0.0,0.0
TYPE:KIT,TYPE,kit,,,,,,
PRODUCT:5412,PRODUCT,PROBETA VIDRIO GRADUADA 1L,5412,0.854,1.0,1.0,98.0,392.4
PRODUCT:5413,PRODUCT,"REFRACTOMETRO BRIX, 0-85",5413,0.6,1.0,0.0,115.0,0.0
PRODUCT:5414,PRODUCT,PET JABONERA 37GR 400ML C/TAPA DISPENSADOR B28,5414,0.8771,8.0,1.0,282.5,116.0
CAPACITY:37GR,CAPACITY,37GR,,,,,,
PRODUCT:5415,PRODUCT,BOTELLA PET TRANSPARENTE 30ML B28 C/TAPA,5415,0.88,14.0,3.0,1116.1,937.5
PRODUCT:5416,PRODUCT,TERMOMETRO DIGITAL -50 +300 CON ESPIGA DE 15CM - TP300 - PRECISSO,5416,0.6,0.0,1.0,0.0,51.6
PRODUCT:5417,PRODUCT,ESPATULA ASA DRIGALSKI DE VIDRIO,5417,0.77,1.0,1.0,63.0,114.24
PRODUCT:5418,PRODUCT,FRASCO PERFUME 100ML C/TAPA CHUPON DORADO IMPORTADO,5418,0.9,0.0,1.0,0.0,3.3
PRODUCT:5419,PRODUCT,GOTERO PLASTICO BLANCO 30ML C/TAPA Y TAPON N15,5419,0.8829,11.0,2.0,350.15,90.0
PRODUCT:5420,PRODUCT,FRASCO PARA RIMEL 4ML C/TAPA (12CM - 1.5CM) INYEC.,5420,0.92,6.0,3.0,96.0,754.4
PRODUCT:5421,PRODUCT,FRASCO GOTERO VIDRIO VERDE 10ML C/TAPA Y CHUPON,5421,0.9229,0.0,1.0,0.0,27.0
PRODUCT:5422,PRODUCT,FRASCO GOTERO VIDRIO VERDE 30ML C/TAPA Y CHUPON,5422,0.9229,1.0,1.0,18.0,35.1
PRODUCT:5423,PRODUCT,PLACA PETRI DE VIDRIO 100*15,5423,0.77,8.0,7.0,426.0,641.0
PRODUCT:5424,PRODUCT,GRADILLA CUBIERTA DE PLASTICO 3*4,5424,0.8067,22.0,3.0,323.0,308.08000000000004
PRODUCT:5425,PRODUCT,POTE CREMERO DOBLE FONDO C/ CINTILLO PLATEADO 100GR C/TAPA Y LAINA,5425,0.9283,2.0,1.0,20.0,82.5
PRODUCT:5426,PRODUCT,TERMOMETRO DE MERCURIO LARGO,5426,0.6,3.0,0.0,325.0,0.0
PRODUCT:5427,PRODUCT,TAPA GASEOSA B28 NEGRO,5427,0.848,2.0,0.0,70.0,0.0
PRODUCT:5428,PRODUCT,PET TRANSPARENTE 100ML TAPA DISPENSADOR B20,5428,0.885,14.0,0.0,234.8,0.0
PRODUCT:5429,PRODUCT,GALON DE ALCOHOL ISOPROPILICO,5429,0.6,1.0,1.0,159.0,114.0
PRODUCT:5430,PRODUCT,PRECINTO TERMOENCOGIBLE 166MM *500UND,5430,0.6,0.0,1.0,0.0,38.2
PRODUCT:5431,PRODUCT,PRECINTO TERMOENCOGIBLE 138MM * 1000UND,5431,0.6,1.0,1.0,9.0,61.0
PRODUCT:5432,PRODUCT,PRECINTO TERMOENCOGIBLE 128MM *1000UND,5432,0.6,1.0,1.0,20.0,61.0
PRODUCT:5433,PRODUCT,PRECINTO TERMOENCOGIBLE 116MM*500 UND,5433,0.6,2.0,1.0,9.0,50.2
PRODUCT:5434,PRODUCT,PRECINTO TERMOENCOGIBLE 97MM*1000UND,5434,0.6,0.0,1.0,0.0,86.2
PRODUCT:5435,PRODUCT,PRECINTO TERMOENCOGIBLE N38*1000UND,5435,0.76,0.0,1.0,0.0,64.0
PRODUCT:5436,PRODUCT,PAPEL LENTE 105,5436,0.77,4.0,1.0,87.0,6.0
PRODUCT:5437,PRODUCT,TUBO CONICO C/TAPA ROSCA NO ESTERIL DE 10ML (BLS*100UND),5437,0.8557,4.0,2.0,34.5,50.0
PRODUCT:5438,PRODUCT,GRADILLA PLASTIFICADA 48 TUBOS NACIONAL,5438,0.74,7.0,4.0,100.0,238.0
PRODUCT:5439,PRODUCT,GRADILLA DE PLASTICO 60 TUBOS  DE 10 Y/O 15ML,5439,0.8425,1.0,1.0,30.0,18.0
PRODUCT:5440,PRODUCT,GRADILLA DE PLASTICA PARA 90 TUBOS DE ENSAYO 13*100,5440,0.74,1.0,2.0,15.0,48.0
PRODUCT:5441,PRODUCT,TAPA PLASTICA GASEOSA BLANCO,5441,0.83,0.0,1.0,0.0,60.0
PRODUCT:5442,PRODUCT,CRISOL 30ML,5442,0.775,0.0,2.0,0.0,12.0
PRODUCT:5443,PRODUCT,ASA SIEMBRA 10UL/INOCULADOR CELESTE (BLS*10UND),5443,0.77,1.0,1.0,10.0,4.8
PRODUCT:5444,PRODUCT,TUBO DE PLASTICO 13*100MM BLS*300UND,5444,0.8133,0.0,1.0,0.0,39.99
PRODUCT:5445,PRODUCT,MATRAZ ERLENMEYER POLIPROPILENO *100ML,5445,0.775,0.0,2.0,0.0,171.19
PRODUCT:5446,PRODUCT,PUNTERA DE 100-1000 UL AZUL GRADUADA (BLS *500UND),5446,0.8133,2.0,4.0,47.0,102.0
PRODUCT:5447,PRODUCT,PUNTERA DE 200UL AMARILLA (BLS *1000UND),5447,0.6,0.0,1.0,0.0,5.0
PRODUCT:5448,PRODUCT,PAPEL LENTE 100*150MM WHATMAN TISSUE 105 (CJ *50HJS),5448,0.77,8.0,5.0,98.0,198.0
PRODUCT:5449,PRODUCT,FRASCO VIDRIO TRANSPARENTE ALIMENTO 250ML T/63,5449,0.9167,0.0,1.0,0.0,168.3
PRODUCT:5450,PRODUCT,PHMETRO DIGITAL AMARILLO,5450,0.77,17.0,0.0,1220.5,0.0
COLOR:AMARILLO,COLOR,AMARILLO,,,,,,
PRODUCT:5451,PRODUCT,SOLO FRASCO PET CAMPANA 500ML,5451,0.916,8.0,1.0,118.0,290.0
PRODUCT:5452,PRODUCT,GALONERA NATURAL 4L C/TAPA Y TAPON,5452,0.854,17.0,1.0,831.8,1150.0
CAPACITY:4L,CAPACITY,4L,,,,,,
PRODUCT:5453,PRODUCT,FRASCO BULLET 120ML C/TAPA ATOMIZADOR,5453,0.92,34.0,2.0,506.9,1800.0
PRODUCT:5454,PRODUCT,ESPATULA MANGO DE MADERA 32 CM,5454,0.6,0.0,1.0,0.0,8.0
PRODUCT:5455,PRODUCT,FIOLA 50ML,5455,0.775,1.0,1.0,80.0,76.0
PRODUCT:5456,PRODUCT,POTE PLASTICO TIPO PROTEINA BLANCO 1KG C/TAPA,5456,0.9083,5.0,3.0,162.5,287.5
PRODUCT:5457,PRODUCT,POTE PLASTICO TIPO PROTEINA NEGRO 1KG C/TAPA,5457,0.9083,2.0,1.0,12.0,55.0
PRODUCT:5458,PRODUCT,BAÑO MARIA 2 HOYOS OEA,5458,0.6,0.0,0.0,0.0,0.0
PRODUCT:5459,PRODUCT,AGITADOR MAGNETICO KYNTEL KR-100,5459,0.6,0.0,0.0,0.0,0.0
PRODUCT:5460,PRODUCT,TERMOHIDROMETRO BOECO ORIGINAL CALIBRADO,5460,0.6,0.0,0.0,0.0,0.0
PRODUCT:5461,PRODUCT,MATRAZ ERLENMEYER DE VIDRIO BORO 50ML g-,5461,0.83,2.0,2.0,16.0,697.44
PRODUCT:5462,PRODUCT,BARRA AGITADORA MAGNETICA C200 20*7MM (AGITADOR MAGNETICO),5462,0.6,2.0,1.0,16.5,5.0
PRODUCT:5463,PRODUCT,FRASCO VIDRIO AZUL 20ML B/18 TAPA ESPRAY,5463,0.9114,2.0,1.0,11.0,70.0
PRODUCT:5464,PRODUCT,BOLSAS ZIPLOC 9*14*  (BLS100),5464,0.82,3.0,1.0,95.0,53.0
SUBTYPE:ZIPLOC,SUBTYPE,ziploc,,,,,,
PRODUCT:5465,PRODUCT,BOLSAS ZIPLOC 7*10 (BLS100),5465,0.82,7.0,1.0,202.0,26.0
PRODUCT:5466,PRODUCT,BOLSAS ZIPLOC 5*8 (BLS100),5466,0.82,4.0,2.0,98.0,40.0
PRODUCT:5467,PRODUCT,PARAFILM SEAFILM,5467,0.6,1.0,1.0,110.0,80.0
PRODUCT:5468,PRODUCT,FRASCO VIDRIO AZUL 30ML B/18 TAPA MINIGEL,5468,0.9114,0.0,0.0,0.0,0.0
PRODUCT:5469,PRODUCT,BALANZA DIGITAL,5469,0.6,9.0,4.0,345.0,175.0
PRODUCT:5470,PRODUCT,PLACA PETRI DE 60*15MM SIN DIVISION PLASTICO (BLS10),5470,0.77,7.0,4.0,291.0,36.0
PRODUCT:5471,PRODUCT,PIPETEADOR DE CREMALLERA AMARILLO (PUMP),5471,0.77,0.0,1.0,0.0,13.0
PRODUCT:5472,PRODUCT,PAPEL FILTRO WHATMAN N41 DIAM 125MM (CJ100),5472,0.82,3.0,3.0,100.0,69.0
MOUTH_SIZE:41MM,MOUTH_SIZE,41MM,,,,,,
PRODUCT:5473,PRODUCT,PAPEL FILTRO WHATMAN N4 DIAM 125MM (CJ100),5473,0.77,2.0,1.0,50.0,18.0
PRODUCT:5474,PRODUCT,ASA SIEMBRA MULTIFUNCIONAL 1UL/10UL INOCULADOR ESTERIL (BLS 20),5474,0.75,0.0,1.0,0.0,2.5
FEATURE:ESTERIL,FEATURE,esteril,,,,,,
PRODUCT:5475,PRODUCT,MANGO PARA ASA BACTERIOLOGICA (MANGO DE KOLLE),5475,0.6,0.0,3.0,0.0,48.0
PRODUCT:5476,PRODUCT,PIPETEADOR DE CREMALLERA ROJO(PUMP) 25ML,5476,0.83,5.0,4.0,151.9,91.0
PRODUCT:5477,PRODUCT,CONDUCTIMETRO Y TDS DIGITAL CON SENSOR DE TEMPERATURA,5477,0.6,2.0,1.0,75.0,114.0
PRODUCT:5478,PRODUCT,FRASCO CILINDRO PET TRANSPARENTE 250ML B28 SIN TAPA,5478,0.9114,44.0,8.0,1673.8,4476.8
PRODUCT:5479,PRODUCT,PROBADOR PLASTICO NATURAL CON ATOMIZDOR 10ML,5479,0.8575,1.0,1.0,15.6,314.0
PRODUCT:5480,PRODUCT,PROBADOR PLASTICO NATURAL C/GANCHO CON ATOMIZDOR 10ML,5480,0.8575,4.0,1.0,15.5,314.0
PRODUCT:5481,PRODUCT,ENVASE PEAD BIDON *20LT VERDE C/TAPA Y TAPON,5481,0.91,0.0,1.0,0.0,7.5
CAPACITY:20L,CAPACITY,20L,,,,,,
PRODUCT:5482,PRODUCT,FRASCO VIDRIO 85ML T/43 C/TAPA PLASTICO N43 BLANCO,5482,0.9114,6.0,1.0,105.0,246.64
CAPACITY:85ML,CAPACITY,85ML,,,,,,
PRODUCT:5483,PRODUCT,PLACA PETRI PLASTICO 100*15MM,5483,0.77,1.0,0.0,6.0,0.0
PRODUCT:5484,PRODUCT,PLACA PETRI PLASTICO 150*15MM,5484,0.77,0.0,0.0,0.0,0.0
PRODUCT:5485,PRODUCT,GOTERO VIDRIO AZUL 5ML C/TAPA Y CHUPON,5485,0.8914,2.0,1.0,75.0,80.0
PRODUCT:5486,PRODUCT,VASO COPLIN PARA 5 LAMINAS VERTICAL,5486,0.6,3.0,3.0,117.0,185.0
PRODUCT:5487,PRODUCT,CRISOL 40ML,5487,0.775,0.0,1.0,0.0,5.0
CAPACITY:40ML,CAPACITY,40ML,,,,,,
PRODUCT:5488,PRODUCT,FRASCO GOTERO VIDRIO TRANSPARENTE 50ML C/TAPA Y CHUPON,5488,0.9229,3.0,3.0,16.0,1095.0
PRODUCT:5489,PRODUCT,"GRADILLA MULTIFUNCIONAL PARA TUBOS CONICOS DE 10ML, 15ML Y 50ML",5489,0.81,2.0,1.0,30.0,20.0
PRODUCT:5490,PRODUCT,VASO GRADUADO DE PLASTICO 500ML,5490,0.8475,2.0,1.0,15.0,3.0
PRODUCT:5491,PRODUCT,PIPETAS PASTEUR ESTRILES 1ML BX100,5491,0.775,9.0,2.0,211.0,30.0
PRODUCT:5492,PRODUCT,SOPORTE DE BURETA O ABRAZADERA DE METAL,5492,0.77,0.0,1.0,0.0,20.0
PRODUCT:5493,PRODUCT,PAPEL FILTRO WHATMAN N42 DIAM 125MM (CJ100),5493,0.82,0.0,1.0,0.0,17.0
MOUTH_SIZE:42MM,MOUTH_SIZE,42MM,,,,,,
PRODUCT:5494,PRODUCT,CEPILLO DE LIMPIEZA PARA TUBO DE ENSAYO 16*150MM,5494,0.75,9.0,2.0,56.5,37.0
PRODUCT:5495,PRODUCT,FRASCO PLASTICO INSECTICIDA 250ML C/TAPA Y TAPON,5495,0.904,4.0,1.0,96.3,117.5
PRODUCT:5496,PRODUCT,VASO DE PLASTICO 500ML,5496,0.83,4.0,1.0,40.0,15.0
PRODUCT:5497,PRODUCT,CAJA PARA PORTAOBJETOS *25UND,5497,0.86,6.0,1.0,67.5,15.0
PRODUCT:5498,PRODUCT,FRASCO PET AMBAR 120ML C/TAPA Y TAPON N28,5498,0.9114,5.0,4.0,391.5,313.0
PRODUCT:5499,PRODUCT,POTE DOBLE FONDO BLANCO IMPORTADO 60GR C/TAPA Y LAINA,5499,0.8929,1.0,1.0,30.0,100.0
PRODUCT:5500,PRODUCT,"GRADILLA PARA CRIOVIALES TAPA PRESION (EPPENDORF) 0.5ML, 1.5ML Y 2ML",5500,0.8275,1.0,1.0,10.0,15.0
PRODUCT:5501,PRODUCT,LANCETERO NIPRO PREMIER UNIVERSAL,5501,0.6,0.0,1.0,0.0,8.0
PRODUCT:5502,PRODUCT,VIAL VIDRIO AMBAR 50ML B20,5502,0.8717,0.0,1.0,0.0,60.0
PRODUCT:5503,PRODUCT,PRECINTO DE ALUMINIO PLATEADO #20,5503,0.8267,0.0,5.0,0.0,34.2
PRODUCT:5504,PRODUCT,FRASCO BULLET 250 ML C/TAPA ATOMIZADOR B/24,5504,0.92,5.0,0.0,170.5,0.0
PRODUCT:5505,PRODUCT,CUCHARA PLASTICO 10GR,5505,0.83,4.0,1.0,39.2,40.0
PRODUCT:5506,PRODUCT,LAINA PLASTICO N58,5506,0.856,0.0,3.0,0.0,64.0
PRODUCT:5507,PRODUCT,FRASCO GOTERO VIDRIO AZUL 100ML C/TAPA Y CHUPON,5507,0.9229,3.0,1.0,36.0,48.0
PRODUCT:5508,PRODUCT,FRASCO GOTERO VIDRIO VERDE 50ML C/TAPA Y CHUPON,5508,0.9229,1.0,1.0,3.5,45.0
PRODUCT:5509,PRODUCT,TUBO COLAPSIBLE 30ML NATURAL C/TAPA,5509,0.854,19.0,5.0,516.0,634.4
PRODUCT:5510,PRODUCT,POTE DOBLE FONDO BLANCO IMPORTADO 120GR C/TAPA Y LAINA,5510,0.8929,12.0,2.0,252.1,202.5
PRODUCT:5511,PRODUCT,POTE PET TRANSPARENTE 750ML C/TAPA,5511,0.9083,10.0,1.0,1160.8,220.0
CAPACITY:750ML,CAPACITY,750ML,,,,,,
PRODUCT:5512,PRODUCT,FRASCO VIDRIO TRANSPARENTE 370 RECTO P-L T/63,5512,0.91,6.0,2.0,151.1,796.4
PRODUCT:5513,PRODUCT,TUBO ENSAYO PYREX 13*100 (BX250) 10ml,5513,0.8167,12.0,1.0,240.6,87.5
PRODUCT:5514,PRODUCT,PIPETA SEREOLOGICA GRADUADA VIDRIO 25ML,5514,0.8475,4.0,4.0,287.0,230.0
PRODUCT:5515,PRODUCT,FIOLA DE VIDRIO 250ML,5515,0.83,3.0,4.0,200.0,120.0
PRODUCT:5516,PRODUCT,FIOLA DE VIDRIO 500,5516,0.77,4.0,3.0,261.0,115.0
PRODUCT:5517,PRODUCT,REJILLA CON CENTRO CERAMICO 125MM,5517,0.74,2.0,1.0,18.0,19.42
PRODUCT:5518,PRODUCT,FRASCO PET DE COLORES BOSTON 120ML C/TAPA FLIP TOP N20,5518,0.9067,2.0,1.0,35.0,55.0
PRODUCT:5519,PRODUCT,BRILLO 12*18 (100und),5519,0.6,0.0,1.0,0.0,8.0
PRODUCT:5520,PRODUCT,BRILLO 13*20,5520,0.6,0.0,1.0,0.0,9.0
PRODUCT:5521,PRODUCT,FRASCO DE VIDRIO BOCA ANCHA AMBAR TAPA AZUL 500ML,5521,0.91,4.0,1.0,142.0,249.6
PRODUCT:5522,PRODUCT,PLACA PETRI DE VIDRIO 60,5522,0.77,5.0,2.0,63.5,104.0
PRODUCT:5523,PRODUCT,GOTERO VIDRIO AMBAR 15ML B18 C/TAPA Y CHUPON C/SEGURO,5523,0.895,2.0,1.0,73.0,50.0
PRODUCT:5524,PRODUCT,TAPA PRESS N20,5524,0.825,3.0,1.0,28.2,25.0
PRODUCT:5525,PRODUCT,PASTILLERO PLASTICO BLANCO 180ML C/TAPA,5525,0.8683,0.0,1.0,0.0,150.0
CAPACITY:180ML,CAPACITY,180ML,,,,,,
PRODUCT:5526,PRODUCT,BARRA AGITADORA MAGNETICA C100 10*4MM (AGITADOR MAGNETICO),5526,0.6,0.0,1.0,0.0,3.0
PRODUCT:5527,PRODUCT,VASO PRECIPITADO DE VIDRIO 25ML (BEAKER),5527,0.83,10.0,1.0,92.5,460.8
PRODUCT:5528,PRODUCT,EMBUDO DE VIDRIO DE BOROSILICATO DE 75MM G-,5528,0.77,3.0,1.0,23.0,693.0
PRODUCT:5529,PRODUCT,LACTODENSIMETRO CON TERMOMETRO RANGO 0-40 BOECO,5529,0.6,1.0,2.0,40.0,105.0
PRODUCT:5530,PRODUCT,GALONERA PLASTICO NATURAL 1L B36 C/TAPA Y TAPON,5530,0.8757,6.0,0.0,717.8,0.0
MOUTH_SIZE:36MM,MOUTH_SIZE,36MM,,,,,,
PRODUCT:5531,PRODUCT,PET TRANSPARENTE 120ML TAPA DISPENSADOR B20,5531,0.885,4.0,0.0,46.0,0.0
PRODUCT:5532,PRODUCT,PET TRANSPARENTE 75ML TAPA DISPENSADOR B20,5532,0.885,5.0,0.0,47.1,0.0
PRODUCT:5533,PRODUCT,FRASCO VIDRIO AMBAR IMPORTADO 125ML C/TAPA Y TAPON INTERNO.,5533,0.8943,19.0,0.0,1419.4,0.0
PRODUCT:5534,PRODUCT,FRASCO VIDRIO AMBAR IMPORTADO 250ML C/TAPA Y TAPON INTERNO.,5534,0.8943,25.0,0.0,806.8,0.0
PRODUCT:5535,PRODUCT,FRASCO VIDRIO AMBAR IMPORTADO 500ML C/TAPA Y TAPON INTERNO.,5535,0.8943,24.0,0.0,1798.4,0.0
PRODUCT:5536,PRODUCT,FRASCO VIDRIO AMBAR IMPORTADO 60ML C/TAPA Y TAPON INTERNO.,5536,0.8943,13.0,0.0,97.6,0.0
PRODUCT:5537,PRODUCT,FRASCO VIDRIO AMBAR IMPORTADO 100ML C/TAPA Y TAPON INTERNO.,5537,0.8943,12.0,0.0,119.7,0.0
PRODUCT:5538,PRODUCT,FRASCO PET AMBAR 120ML B28 C/TAPA DISPENSADOR GEL,5538,0.9163,8.0,0.0,153.0,0.0
PRODUCT:5539,PRODUCT,FRASCO PET AMBAR 120ML B28 C/TAPA TRIGGER,5539,0.9143,6.0,0.0,47.5,0.0
PRODUCT:5540,PRODUCT,FRASCO PET AMBAR 120ML B28 C/TAPA SPRAY,5540,0.9163,9.0,0.0,163.0,0.0
PRODUCT:5541,PRODUCT,CUCHARA CON ESPATULA DE ACERO INOXIDABLE 30CM,5541,0.6,1.0,2.0,13.0,18.0
PRODUCT:5542,PRODUCT,TRIPODE,5542,0.6,2.0,2.0,45.0,30.0
PRODUCT:5543,PRODUCT,PEPEL TORNASOL ROJO 100 TIRAS,5543,0.77,0.0,1.0,0.0,5.0
PRODUCT:5544,PRODUCT,TERMOMETRO CON LASER INFRARROJO INDUSTRIAL,5544,0.6,0.0,1.0,0.0,70.0
PRODUCT:5545,PRODUCT,REFRACTROMETRO ATC 0-32% BRIX,5545,0.6,1.0,1.0,90.5,80.0
PRODUCT:5546,PRODUCT,FRASCO VIDRIO TRANSPARENTE CUADRADO 50ML C/TAPA Y CHUPON DORADO N18,5546,0.92,0.0,0.0,0.0,0.0
PRODUCT:5549,PRODUCT,GOTERO VIDRIO AMBAR 100ML TAPA METALIZADA DORADA Y CHUPON,5549,0.8914,1.0,1.0,24.0,200.0
PRODUCT:5550,PRODUCT,GOTERO VIDRIO AMBAR 50ML TAPA METALIZADA DORADA Y CHUPON,5550,0.8914,1.0,1.0,6.0,160.0
PRODUCT:5551,PRODUCT,TAPA FLIP TOP BLANCO N20,5551,0.848,0.0,1.0,0.0,40.0
PRODUCT:5552,PRODUCT,CREMERO SIMPLE 30GR C/ TAPA Y LAINA NEGRO,5552,0.9283,13.0,1.0,80.0,36.0
PRODUCT:5553,PRODUCT,FRASCO PET BLANCO 60ML C/TAPA DISPENSADOR N20,5553,0.9163,2.0,0.0,5.0,0.0
PRODUCT:5554,PRODUCT,FRASCO PET COLORES BOSTON 120ML C/TAPA DISPENSADOR B20,5554,0.9129,7.0,2.0,123.6,65.0
PRODUCT:5555,PRODUCT,FRASCO GOTERO INTERNO VIDRIO AMBAR  50ML B18 C/TAPA,5555,0.9143,2.0,1.0,16.5,30.0
PRODUCT:5556,PRODUCT,FRASCO GOTERO INTERNO VIDRIO AMBAR 15ML B18 C/TAPA,5556,0.9143,2.0,1.0,34.0,22.5
PRODUCT:5557,PRODUCT,Gotero interno 50ml,5557,0.8333,0.0,0.0,0.0,0.0
PRODUCT:5558,PRODUCT,FRASCO PET TRANSPARENTE 200ML CON TAPA SPRAY N24,5558,0.9163,1.0,1.0,3.5,50.0
PRODUCT:5559,PRODUCT,FRASCO VIDRIO NEGRO 10ML C/TAPA Y TAPON N18,5559,0.9114,1.0,1.0,21.6,100.0
PRODUCT:5560,PRODUCT,LIPSTICK / BALSAMO LABIAL BLANCO 15ML,5560,0.92,6.0,1.0,90.2,170.0
PRODUCT:5561,PRODUCT,FRASCO ESMALTE VIDRIO TRANSPARENTE OVALADO 8ML CON BROCHA Y TAPA,5561,0.9175,5.0,2.0,108.8,80.0
SHAPE:OVALADO,SHAPE,ovalado,,,,,,
CAPACITY:8ML,CAPACITY,8ML,,,,,,
PRODUCT:5562,PRODUCT,POTE PLASTICO BLANCO 20GR CON TAPA B40,5562,0.91,3.0,2.0,13.0,48.0
CAPACITY:20GR,CAPACITY,20GR,,,,,,
MOUTH_SIZE:40MM,MOUTH_SIZE,40MM,,,,,,
PRODUCT:5563,PRODUCT,FRASCO PET AMBAR 60ML CON TAPA Y TAPON B28,5563,0.9114,4.0,2.0,137.2,106.0
PRODUCT:5564,PRODUCT,FRASCO PET BLANCO 60ML C/TAPA SPRAY N20,5564,0.9163,0.0,1.0,0.0,50.0
PRODUCT:5565,PRODUCT,FRASCO DE VIDRIO AMBAR BOCA ANCHA TAPA AZUL 1L,5565,0.91,5.0,4.0,360.0,110.0
PRODUCT:5566,PRODUCT,CEPILLO DE LIMPIEZA PARA PROBETA DE 100ML,5566,0.81,4.0,1.0,32.0,5.0
PRODUCT:5567,PRODUCT,CEPILLO DE LIMPIEZA PARA PROBETA DE 250ML,5567,0.81,1.0,1.0,5.0,6.0
PRODUCT:5568,PRODUCT,CEPILLO DE LIMPIEZA PARA PROBETA DE 500ML,5568,0.81,1.0,1.0,7.0,10.0
PRODUCT:5569,PRODUCT,FRASCO PEAD PLASTICO AMARILLO CILINDRO 350ML,5569,0.916,0.0,1.0,0.0,0.04
PRODUCT:5570,PRODUCT,FRASCO PEAD PLASTICO AMARILLO CILINDRO 150ML,5570,0.916,0.0,1.0,0.0,0.04
PRODUCT:5571,PRODUCT,BOMBA ATOMIZADORA ACANALADO N24/410 NEGRO,5571,0.845,0.0,1.0,0.0,0.08
PRODUCT:5572,PRODUCT,MATRAZ ERLENMEYER DE POLIPROPILENO 250ML,5572,0.775,0.0,1.0,0.0,107.23
PRODUCT:5573,PRODUCT,TAPA PILFER N°28,5573,0.825,0.0,0.0,0.0,0.0
PRODUCT:5574,PRODUCT,TERMOMETRO DE VIDRIO -20 +150,5574,0.77,0.0,2.0,0.0,114.0
PRODUCT:5575,PRODUCT,TUBO DE ENSAYO T/ROSCA 20*150MM - PYREX,5575,0.8,1.0,1.0,15.0,20.0
PRODUCT:5576,PRODUCT,FRASCO VIDRIO AMBAR 5ML B18 TAPA ESPRAY,5576,0.9114,0.0,0.0,0.0,0.0
PRODUCT:5577,PRODUCT,POTE PROTEINA BLANCO 3.3 KG,5577,0.9075,4.0,0.0,81.5,0.0
CAPACITY:3KG,CAPACITY,3KG,,,,,,
PRODUCT:5578,PRODUCT,Balanza 200g-0.01g,5578,0.775,8.0,1.0,173.1,99.0
PRODUCT:5579,PRODUCT,FRASCO ESMALTE VIDRIO TRANSPARENTE 15ML CON BROCHA Y TAPA,5579,0.92,3.0,1.0,38.0,100.0
PRODUCT:5580,PRODUCT,POTE PROTEINA 3.3KG,5580,0.8967,1.0,1.0,6.5,87.5
PRODUCT:5581,PRODUCT,SOLO TAPA SPRAY MINI PISTOLA NEGRA N20,5581,0.854,0.0,1.0,0.0,60.0
PRODUCT:5582,PRODUCT,PIPETEADOR DE CREMALLERA AZUL (PUMP) 2ML,5582,0.83,0.0,1.0,0.0,26.0
PRODUCT:5583,PRODUCT,FRASCO PET CAMPANA 300ML BLANCO C/T SPRAY PISTOLA PVE,5583,0.9217,4.0,1.0,31.2,180.0
PRODUCT:5584,PRODUCT,SOLO TAPA ESPUMERO B28,5584,0.854,3.0,1.0,12.0,563.9
PRODUCT:5585,PRODUCT,FRASCO VIDRIO AZUL 30ML B/18 TAPA ESPRAY,5585,0.9114,1.0,0.0,50.0,0.0
PRODUCT:5586,PRODUCT,ENVASE PEAD BLANCO CILINDRO 350ML,5586,0.916,6.0,1.0,19.8,325.0
PRODUCT:5587,PRODUCT,VASO DE PLASTICO GRADUADO ALTO RELIEVE 500ML ISOLAB,5587,0.8475,0.0,1.0,0.0,84.0
PRODUCT:5588,PRODUCT,TAPA DISPENSADORA NEGRO B28MM,5588,0.865,6.0,1.0,35.0,456.29
PRODUCT:5589,PRODUCT,POTE CREMERO BLANCO 25ML PLASTICO,5589,0.935,1.0,0.0,30.0,0.0
PRODUCT:5590,PRODUCT,FIOLA 1L VIDRIO,5590,0.83,2.0,3.0,210.0,93.0
PRODUCT:5591,PRODUCT,BOLSAS ZIPLOC 10*15* (BLS100),5591,0.82,1.0,0.0,1.0,0.0
PRODUCT:5592,PRODUCT,BOLSAS ZIPLOC 4*8 (BLS100),5592,0.82,1.0,0.0,25.0,0.0
PRODUCT:5593,PRODUCT,FRASCO PET AZUL 250ML C/TAPA DISPENSADORA N24,5593,0.9163,3.0,1.0,21.0,50.4
PRODUCT:5594,PRODUCT,POTE CREMERO SIMPLE C/ CINTILLO PLATEADO 200GR C/TAPA Y LAINA,5594,0.9283,2.0,2.0,25.5,165.0
PRODUCT:5595,PRODUCT,FRASCO GOTERO INTERNO VIDRIO AZUL 10ML B/18 C/TAPA,5595,0.9143,0.0,1.0,0.0,450.0
PRODUCT:5596,PRODUCT,CREMERO DE VIDRIO 50GR PAVONADO,5596,0.934,6.0,3.0,505.5,546.0
PRODUCT:5597,PRODUCT,POTE DE VIDRIO RECTO TRANPARENTE C/ TAPA METALIZADA 458ML,5597,0.902,0.0,1.0,0.0,172.8
PRODUCT:5598,PRODUCT,TAPA PRESS N°24,5598,0.825,1.0,1.0,1.5,40.0
PRODUCT:5599,PRODUCT,POTE PLASTICO BLANCO ALTO 300GR C/TAPA Y LAINA,5599,0.9129,0.0,1.0,0.0,90.0
CAPACITY:300GR,CAPACITY,300GR,,,,,,
PRODUCT:5600,PRODUCT,POTE PLASTICO BLANCO 200GR C/TAPA Y LAINA,5600,0.9129,0.0,1.0,0.0,75.0
PRODUCT:5601,PRODUCT,FRASCO PET AMBAR 60ML CON TAPA MINIGATILLO B28,5601,0.9114,0.0,0.0,0.0,0.0
PRODUCT:5602,PRODUCT,PIPETA SEREOLOGICA GRADUADA VIDRIO 2ML,5602,0.8475,2.0,2.0,102.0,69.0
PRODUCT:5603,PRODUCT,PIPETA SEREOLOGICA GRADUADA VIDRIO 3ML,5603,0.8475,0.0,1.0,0.0,12.5
PRODUCT:5604,PRODUCT,SOLO TAPA GOTERO INTERNO Y TAPON N18,5604,0.8375,0.0,1.0,0.0,3.0
PRODUCT:5605,PRODUCT,MATRAZ CON PICO KITAZATO DE VIDRIO 500ML,5605,0.83,0.0,1.0,0.0,15.0
PRODUCT:5606,PRODUCT,TUBO COLAPSIBLE 100ML BLANCO C/TAPA,5606,0.854,0.0,0.0,0.0,0.0
PRODUCT:5607,PRODUCT,TUBO PARA BRILLO LABIAL 10ML GLOSS,5607,0.8167,1.0,1.0,36.0,60.0
PRODUCT:5608,PRODUCT,CRISOL 25ML,5608,0.775,1.0,1.0,600.0,250.0
PRODUCT:5609,PRODUCT,FRASCO VIDRIO TRANSPARENTE 100ML TAPA SPRAY METALIZADA,5609,0.9157,1.0,0.0,18.0,0.0
PRODUCT:5610,PRODUCT,FRASCO LAVAVAJILLA PET 500ML S/TAPA,5610,0.904,0.0,1.0,0.0,300.0
PRODUCT:5611,PRODUCT,FRASCO PET TRANSPARENTE GATILLO 650ML MOD IP S/TAPA B28,5611,0.9175,0.0,1.0,0.0,355.0
PRODUCT:5612,PRODUCT,PET JABONERA TRANSPARENTE 28GR 400ML S/TAPA B28,5612,0.8757,0.0,1.0,0.0,225.0
CAPACITY:28GR,CAPACITY,28GR,,,,,,
PRODUCT:5613,PRODUCT,SOLO TRIGGER MINI GATILLO BLANCO B24,5613,0.87,2.0,1.0,45.6,560.0
PRODUCT:5614,PRODUCT,BURETA DE VIDRIO C/LLAVE TEFLON 50ML,5614,0.83,0.0,1.0,0.0,90.0
PRODUCT:5615,PRODUCT,CUCHARA DE POLIETILENO PARA STEVIA,5615,0.6,2.0,1.0,400.0,140.0
PRODUCT:5616,PRODUCT,TUBO DE ENSAYO T/ROSCA 20*125 PYREX,5616,0.8,0.0,1.0,0.0,10.0
PRODUCT:5617,PRODUCT,PIPETA SEREOLOGICA 1ML - BOECO AZUL,5617,0.83,0.0,1.0,0.0,54.0
PRODUCT:5618,PRODUCT,FRASCO PET AMBAR 250ML C/TAPA DISPENSADORA N24,5618,0.9163,0.0,0.0,0.0,0.0
PRODUCT:5619,PRODUCT,TAPA DISPENSADORA PLASTICO B24,5619,0.865,1.0,0.0,10.0,0.0
PRODUCT:6514,PRODUCT,GOTERO VIDRIO AMBAR 20ML TAPA METALIZADA DORADA Y CHUPON,6514,0.8914,1.0,1.0,30.0,65.0
