product_id,product_name,total_value,sale_lines,value_share,cumulative_share,abc_class
5005,FRASCO GOTERO VIDRIO AMBAR 50ML CON TAPA Y CHUPON,11037.5,75,0.05213,0.05213,A
5168,POTE CREMERO VIDRIO AMBAR 100GR C/TAPA NEGRA Y LAINA,5457.3,30,0.025775,0.077905,A
5245,FRASCO VIDRIO TRANSPARENTE 20ML C/TAPA BAQUELITA N24 Y LAINA SILICONA,5361.3,22,0.025321,0.103226,A
5195,TUBO COLAPSIBLE BLANCO 60ML C/TAPA,4681.3,25,0.02211,0.125336,A
5001,FRASCO GOTERO VIDRIO AMBAR 10ML CON TAPA Y CHUPON,4263.9498704,71,0.020138,0.145474,A
5004,FRASCO GOTERO VIDRIO AMBAR 30ML CON TAPA Y CHUPON,4029.9500000002,92,0.019033,0.164507,A
5228,VIAL VIDRIO TRANSPARENTE 7ML B20 C/TAPA BUTILO COLOR GRIS,3972.7,7,0.018763,0.18327,A
5206,LATA DE ALUMINIO PLATEADA 50GR C/TAPA,3651.7,18,0.017247,0.200517,A
5007,TAPA DISPENSADORA BLANCO B28MM,2414.8199999998,116,0.011405,0.211922,A
5066,PISETA 500 ML,2157.2999946,79,0.010189,0.222111,A
5122,POTE ACRILICO 10GR C/TAPA ROSCA,2088.4,47,0.009863,0.231974,A
5286,FRASCO PET TRANSPARENTE 250ML C/TAPA SPRAY MINI PISTOLA N24 COLOR BLANCO,1950.0,1,0.00921,0.241184,A
5070,FRASCO PET TRANSPARENTE 60ML CON TAPA Y TAPON N°28,1804.199999984,3,0.008521,0.249705,A
5006,FRASCO GOTERO VIDRIO AMBAR 100ML CON TAPA Y CHUPON,1755.1,67,0.008289,0.257994,A
5535,FRASCO VIDRIO AMBAR IMPORTADO 500ML C/TAPA Y TAPON INTERNO.,1734.4,22,0.008191,0.266185,A
6,MATERIAL MEDICO MASCARILLAS FISH BLANCAS CAJÓN,1680.0,1,0.007935,0.27412,A
5037,FRASCO PLASTICO NATURAL 1LT CON TAPA Y TAPON N28,1673.21625,55,0.007903,0.282023,A
5074,FRASCO BULLET 100ML CON TAPA ATOMIZADOR,1661.1999999999,69,0.007846,0.289869,A
5314,POTE PET TRANSPARENTE 1KG C/TAPA,1603.1,17,0.007571,0.29744,A
5062,POTE PLASTICO PEAD BLANCO 500GR CON TAPA Y LAINA,1577.65,28,0.007451,0.304891,A
5257,POTE PET TRANSPARENTE 250GR C/TAPA ROSCA,1568.4,27,0.007407,0.312298,A
5085,VASO PRECIPITADO DE VIDRIO 250 ML (BEAKER) G-,1559.0,90,0.007363,0.319661,A
5065,PISETA 250ML,1527.0999928,104,0.007212,0.326873,A
5064,GATILLO PULVERIZADOR 28/410,1508.3,91,0.007124,0.333997,A
10,EQUIPOS DE SEGURIDAD GUANTES SHOWA,1500.0,1,0.007084,0.341081,A
5060,POTE PLASTICO PEAD BLANCO 500GR CON TAPA,1478.1000000003,23,0.006981,0.348062,A
5225,PLACA PETRI VIDRIO 90*15,1374.5,26,0.006492,0.354554,A
5327,FRASCO PET 1LT TRANSPARENTE C/TAPA Y TAPON N28.,1337.5,10,0.006317,0.360871,A
5036,FRASCO PLASTICO NATURAL 500ML CON TAPON Y TAPA B28MM,1313.4499316000001,39,0.006203,0.367074,A
5167,POTE CREMERO VIDRIO AMBAR 50GR C/TAPA NEGRA Y LAINA,1286.9,35,0.006078,0.373152,A
5478,FRASCO CILINDRO PET TRANSPARENTE 250ML B28 SIN TAPA,1286.8,31,0.006077,0.379229,A
5533,FRASCO VIDRIO AMBAR IMPORTADO 125ML C/TAPA Y TAPON INTERNO.,1275.4,17,0.006024,0.385253,A
5002,FRASCO GOTERO VIDRIO AMBAR 15ML CON TAPA Y CHUPON,1265.33,59,0.005976,0.391229,A
5277,POTE CREMERO DOBLE FONDO 60GR BLANCO C/TAPA Y LAINA NACIONAL,1256.0,24,0.005932,0.397161,A
5246,GOTERO VIDRIO TRANSPARENTE 10ML C/TAPA Y CHUPON,1254.0,10,0.005923,0.403084,A
5245,FRASCO VIDRIO TRANSPARENTE 20ML C/TAPA BAQUELITA N24 Y LAINA SILICONA con stickers,1250.0,1,0.005904,0.408988,A
5285,SOLO MINI TRIGGER BLANCO B28,1229.0,34,0.005805,0.414793,A
5245,FRASCO VIDRIO TRANSPARENTE 20ML C/TAPA BAQUELITA N24 Y LAINA SILICONA 600.00 por concepto de adelanto. resta 600,1200.0,1,0.005668,0.420461,A
5087,VASO PRECIPITADO DE VIDRIO 100 ML (BEAKER),1167.9999932,80,0.005516,0.425977,A
5511,POTE PET TRANSPARENTE 750ML C/TAPA,1160.8,10,0.005482,0.431459,A
5178,POTE VIDRIO TRANSPARENTE 200ML C/TAPA METAL N63,1160.5,19,0.005481,0.43694,A
5084,VASO PRECIPITADO DE VIDRIO 500 ML (BEAKER),1154.0,55,0.00545,0.44239,A
5083,VASO PRECIPITADO DE VIDRIO 1L (BEAKER),1152.5,45,0.005443,0.447833,A
5000,FRASCO GOTERO VIDRIO AMBAR 5ML CON TAPA Y CHUPON,1142.2998704000001,65,0.005395,0.453228,A
5415,BOTELLA PET TRANSPARENTE 30ML B28 C/TAPA,1116.1,14,0.005271,0.458499,A
5075,POTE PLASTICO 500GR B110MM BLANCO CON TAPA,1095.8,32,0.005175,0.463674,A
5450,PHMETRO DIGITAL AMARILLO,1092.5,15,0.00516,0.468834,A
5018,FRASCO BULLET 30ML CON TAPA ATOMIZADOR,1088.949952,76,0.005143,0.473977,A
5165,FRASCO VIDRIO AMBAR IMPORTADO 500ML TAPA Y TAPON N28,1084.7,22,0.005123,0.4791,A
5015,POTE PLASTICO 1KG B110 BLANCO C/TAPA,1074.0499796,34,0.005073,0.484173,A
5188,TUBO DE ENSAYO T/ROSCA 16*150 - PYREX,1071.5,25,0.005061,0.489234,A
5296,FRASCO PET NEGRO 250ML C/TAPA ESPRAY MINI PISTOLA N24,1039.0,37,0.004907,0.494141,A
5020,FRASCO ESMALTE 5ML VIDRIO TRANSPARENTE CON BROCHA Y TAPA,1010.55,63,0.004773,0.498914,A
5045,FRASCO PLASTICO BLANCO 120ML CON TAPA Y TAPON N28,991.1500000000001,14,0.004681,0.503595,A
5248,FRASCO VIDRIO TRANSPARENTE 100ML C/TAPA Y TAPON B18,931.0,3,0.004397,0.507992,A
5166,FRASCO VIDRIO AMBAR IMPORTADO 1LT B28 TAPA Y TAPON,904.4,25,0.004271,0.512263,A
5017,POTE CREMERO SIMPLE 60GR CON TAPA Y LAINA,899.5,62,0.004248,0.516511,A
5091,PROBETA DE VIDRIO GRADUADA C/PICO 100 ML,891.5,38,0.004211,0.520722,A
5212,FRASCO PET BLANCO ESPUMERO 100ML C/TAPA,874.1999999999999,36,0.004129,0.524851,A
5011,PROBADOR VIDRIO TRASPARENTE 5ML CON TAPA SPRAY,865.3500000002,49,0.004087,0.528938,A
5123,POTE VIDRIO AMBAR IMPORTADO 1KG C/TAPA,857.1,23,0.004048,0.532986,A
5003,FRASCO GOTERO VIDRIO AMBAR 20ML CON TAPA Y CHUPON,844.6,54,0.003989,0.536975,A
5452,GALONERA NATURAL 4L C/TAPA Y TAPON,831.8,17,0.003929,0.540904,A
5534,FRASCO VIDRIO AMBAR IMPORTADO 250ML C/TAPA Y TAPON INTERNO.,806.8,25,0.00381,0.544714,A
5094,PROBETA DE PLASTICO GRADUADA 100 ML,751.0,36,0.003547,0.548261,A
5040,FRASCO PLASTICO AMBAR 250ML CON TAPA Y TAPON N28 Boca 24 con tapa press,750.0,1,0.003542,0.551803,A
5061,POTE PLASTICO PEAD BLANCO 250GR CON TAPA Y LAINA,745.35,25,0.00352,0.555323,A
5052,FRASCO VIDRIO AMBAR 250ML HOMBRO CAIDO C/TAPA Y TAPON,745.0000000004,28,0.003519,0.558842,A
5014,POTE CREMERO SIMPLE 30GR CON TAPA Y LAINA,729.0599664,75,0.003443,0.562285,A
5069,PISETA 1LT,725.5,27,0.003426,0.565711,A
5209,FRASCO PET TRANSPARENTE 120ML B/28 C/TAPA DISPENSADOR GEL,718.2,38,0.003392,0.569103,A
5530,GALONERA PLASTICO NATURAL 1L B36 C/TAPA Y TAPON,717.8,6,0.00339,0.572493,A
5311,PROBETA PLASTICO 1L,714.0,15,0.003372,0.575865,A
5302,FRASCO DE VIDRIO BOCA ANCHA TAPA AZUL 250ML,684.0,8,0.00323,0.579095,A
5179,POTE VIDRIO TRANSPARENTE 100GR C/TAPA METAL N53,670.9,25,0.003169,0.582264,A
5271,GUANTES DE NITRILO ALTO RIESGO GATAMO,669.0,4,0.00316,0.585424,A
5021,FRASCO PET TRANSPARENTE ESPUMERO 100ML CON TAPA,662.9,35,0.003131,0.588555,A
5076,POTE PLASTICO BLANCO 250GR CON TAPA,651.6,18,0.003077,0.591632,A
5025,PASTILLERO PLASTICO BLANCO 40GR CON TAPA,650.1,11,0.00307,0.594702,A
5163,FRASCO VIDRIO AMBAR 120ML TAPA Y TAPON N28,618.5,11,0.002921,0.597623,A
5012,PROBADOR VIDRIO TRASPARENTE 10ML CON TAPA SPRAY,612.6999688,27,0.002894,0.600517,A
5139,PAPEL FILTRO RAPIDO X PLIEGO 50*50,611.5,25,0.002888,0.603405,A
5058,PASTILLERO ESPECIAL PVC CRISTAL 150GR CON T/ESP,610.6,23,0.002884,0.606289,A
5608,CRISOL 25ML,600.0,1,0.002834,0.609123,A
5053,FRASCO VIDRIO AMBAR IMPORTADO 125ML TAPA PLASTICO ROSCA,599.95,26,0.002834,0.611957,A
5254,POTE ACRILICO 5GR C/TAPA ROSCA,595.1,38,0.002811,0.614768,A
5019,FRASCO BULLET 60ML CON TAPA ATOMIZADOR,595.099952,69,0.002811,0.617579,A
5077,GOTERO PLASTICO X 10ML NATURAL S/P B15MM C/TAPA Y TAPON,593.9,28,0.002805,0.620384,A
5105,MATRAZ ERLENMEYER DE VIDRIO 250ML,589.5,19,0.002784,0.623168,A
5382,TIRAS MEDIDORAS DE PH (CAJA *100UND),584.0,24,0.002758,0.625926,A
5080,GOTERO PLASTICO 5ML NATURAL S/P C/TAPA,561.25,17,0.002651,0.628577,A
5244,VIAL VIDRIO TRANSPARENTE 5ML B20 C/TAPA BUTILO GRIS,561.25,7,0.002651,0.631228,A
5333,BOTELLA PET TRANSPARENTE 250ML B28 C/TAPA Y TAPON,560.95,25,0.002649,0.633877,A
5095,PROBETA DE PLASTICO GRADUADA 250 ML,560.5,23,0.002647,0.636524,A
5096,PLACA PETRI DE PLASTICO 90*15,559.0,20,0.00264,0.639164,A
5180,POTE VIDRIO TRANSPARENTE 30GR C/TAPA METAL N43 MN,556.6,30,0.002629,0.641793,A
5199,TALQUERA PLASTICO 70GR C/TAPA Y REJILLA,542.6,25,0.002563,0.644356,A
5067,PIPETAS PASTEUR ESTRILES 3ML BX200,540.5000000001,66,0.002553,0.646909,A
5079,GOTERO PLASTICO 60ML NATURAL S/P B18MM C/TAPA Y TAPON,535.3,32,0.002528,0.649437,A
5022,FRASCO PET TRANSPARENTE ESPUMERO 150ML CON TAPA,533.6,24,0.00252,0.651957,A
5115,POTE CREMERO VIDRIO PAVONADO 30GR CON LAINA Y TAPA,533.09998,28,0.002518,0.654475,A
5034,FRASCO PLASTICO NATURAL 120ML CON TAPON Y TAPA B/28,520.5999168,22,0.002459,0.656934,A
5509,TUBO COLAPSIBLE 30ML NATURAL C/TAPA,516.0,19,0.002437,0.659371,A
5161,FRASCO VIDRIO AMBAR 70ML C/TAPA Y TAPON N28,511.9,16,0.002418,0.661789,A
5316,GOTERO VIDRIO AMBAR 30ML C/TAPA Y CHUPON C/SEGURO,510.3,6,0.00241,0.664199,A
5186,FRASCO PLASTICO INSECTICIDA BLANCO 1LT C/TAPA Y TAPON,509.7,17,0.002407,0.666606,A
5596,CREMERO DE VIDRIO 50GR PAVONADO,505.5,6,0.002387,0.668993,A
5082,GOTERO PLASTICO 30ML NATURAL S/P C/TAPA,501.5,34,0.002369,0.671362,A
5071,GOTERO PLASTICO 100ML COLOR NATURAL,500.0,2,0.002361,0.673723,A
5337,PROBADOR DE VIDRIO 5ML METALIZADO RECARGABLE,493.3,43,0.00233,0.676053,A
5340,FRASCO PET COLORES BOSTON 120ML C/TAPA ESPRAY B20,493.3,29,0.00233,0.678383,A
5342,FRASCO DE VIDRIO BOCA ANCHA TRANSPARENTE TAPA AZUL 100ml,482.0,9,0.002276,0.680659,A
5204,POTE PLASTICO BLANCO TIPO ANALISIS 100GR C/TAPA,471.6,10,0.002227,0.682886,A
5211,PROBETA VIDRIO TRANSPARENTE 250ML,468.0,10,0.00221,0.685096,A
5137,TUBO DE ENSAYO C/TAPA ROSCA 13*100 SIMPLE,467.4,16,0.002208,0.687304,A
5038,FRASCO PLASTICO AMBAR 60ML CON TAPA Y TAPON N28,458.5,5,0.002165,0.689469,A
5294,LIPSTICK/BALSAMO LABIAL 5ML,457.7,22,0.002162,0.691631,A
5113,TERMOMETRO  DIGITAL DE VASTAGO PARA COCINA DE 15CM,451.0,18,0.00213,0.693761,A
5159,FRASCO VIDRIO AMBAR 25ML C/TAPA Y TAPON B28,446.5,4,0.002109,0.69587,A
5453,FRASCO BULLET 120ML C/TAPA ATOMIZADOR,443.90000000000003,31,0.002097,0.697967,A
6,MATERIAL MEDICO mascarillas kn95,440.0,1,0.002078,0.700045,A
5360,POTE VIDRIO TRANSPARENTE 1L C/TAPA 100,436.2,6,0.00206,0.702105,A
5120,FRASCO PET TRANSPARENTE 60ML B/20 C/TAPA DISPENSADOR,435.5,26,0.002057,0.704162,A
5110,PIPETA SEREOLOGICA GRADUADA DE VIDRIO DE 10ML - CITOGLAS,433.0,18,0.002045,0.706207,A
5081,GOTERO PLASTICO 15ML NATURAL S/P C/TAPA,428.75,36,0.002025,0.708232,A
5423,PLACA PETRI DE VIDRIO 100*15,426.0,8,0.002012,0.710244,A
5138,TUBO CONICO CON TAPA ROSCA DE 50ML NO ESTERIL,421.0,16,0.001988,0.712232,A
6,MATERIAL MEDICO cajon mascarillas coreanas blancas,420.0,1,0.001984,0.714216,A
6,MATERIAL MEDICO 1 cajon mascarillas fish coreanas blancas,420.0,1,0.001984,0.7162,A
5088,VASO PRECIPITADO DE VIDRIO 50ML (BEAKER),402.0,39,0.001899,0.718099,A
5615,CUCHARA DE POLIETILENO PARA STEVIA,400.0,2,0.001889,0.719988,A
5372,FRASCO VIDRIO TRANSPARENTE 458ML C/TAPA 82,399.7,18,0.001888,0.721876,A
5124,POTE VIDRIO AMBAR 500GR IMPORTADO C/TAPA,396.9,17,0.001875,0.723751,A
5090,PROBETA DE VIDRIO GRADUADA C/PICO 50 ML G-,396.0,25,0.00187,0.725621,A
5222,FRASCO PET AMBAR 120ML B28 C/TAPA GATILLO,394.5,23,0.001863,0.727484,A
5264,FRASCO DE  VIDRIO BOCA ANCHA TAPA AZUL 500ML,394.0,8,0.001861,0.729345,A
5119,FRASCO PET CAMPANA TRANSPARENTE 500ML B/28 TAPA ESPRAY PISTOLA..,392.3,34,0.001853,0.731198,A
5498,FRASCO PET AMBAR 120ML C/TAPA Y TAPON N28,391.5,5,0.001849,0.733047,A
5250,TUBO CONICO CON TAPA ROSCA DE 15ML NO ESTERIL,386.5,9,0.001825,0.734872,A
5141,LAMINILLA CUBREOBJETO 22*22MM*100UND,382.0,20,0.001804,0.736676,A
5259,FRASCO DE VIDRIO BOCA ANCHA TAPA AZUL 1L NIU S/20.0,381.0,9,0.001799,0.738475,A
5197,TUBO COLAPSIBLE BLANCO 120ML C/TAPA,379.4,9,0.001792,0.740267,A
5181,POTE CREMERO DOBLE FONDO C/ CINTILLO PLATEADO 50GR C/TAPA Y LAINA,375.9,16,0.001775,0.742042,A
5035,FRASCO PLASTICO NATURAL 250ML CON TAPON Y TAPA B28MM,371.6,20,0.001755,0.743797,A
5255,VASELINERO 7GR,371.5,29,0.001755,0.745552,A
5194,FRASCO ESMALTE VIDRIO TRANSPARENTE 10ML C/BROCHA Y TAPA,367.1,20,0.001734,0.747286,A
5013,FRASCO PARA RIMEL 5ML(9CM X 1CM) CON TAPA,363.5,34,0.001717,0.749003,A
5249,SOLO MINI TRIGGER NEGRO B28,362.5,32,0.001712,0.750715,A
5271,"GUANTES DE NITRILO ALTO RIESGO GATAMO 5s, 5m, 5l",360.0,1,0.0017,0.752415,A
5027,PASTILLERO PLASTICO BLANCO 90GR CON TAPA,360.0,5,0.0017,0.754115,A
5361,FRASCO ESPARRAGUERO 370ML C/TAPA 63,356.4,5,0.001683,0.755798,A
5226,DESACADOR 300MM,350.0,1,0.001653,0.757451,A
5101,POTE VIDRIO AMBAR IMPORTADO 250GR B45 C/TAPA,348.8,26,0.001647,0.759098,A
5469,BALANZA DIGITAL,345.0,9,0.001629,0.760727,A
5203,POTE PLASTICO BLANCO TIPO ANALISIS 120GR C/TAPA,344.9,5,0.001629,0.762356,A
5024,FRASCO PET BLANCO ESPUMERO 150ML CON TAPA,344.525,34,0.001627,0.763983,A
5362,FRASCO ESPARRAGUERO 212ML C/TAPA METALICA N58,336.6,8,0.00159,0.765573,A
5256,TALQUERA PLASTICO 140GR C/TAPA Y REJILLA,335.6,15,0.001585,0.767158,A
5276,POTE CREMERO DOBLE FONDO BLANCO IMPORTADO 30GR C/TAPA Y LAINA,334.0,11,0.001577,0.768735,A
5046,FRASCO PLASTICO BLANCO 250ML CON TAPA Y TAPON N28,333.7,18,0.001576,0.770311,A
5127,CUCHARA CON ESPATULA DE METAL 20CM,333.11,17,0.001573,0.771884,A
5281,GOTERO VIDRIO TRANSPARENTE 5ML C/TAPA Y CHUPON,331.1,9,0.001564,0.773448,A
5419,GOTERO PLASTICO BLANCO 30ML C/TAPA Y TAPON N15,330.15,10,0.001559,0.775007,A
5134,POTE CREMERO VIDRIO TRANSPARENTE 50GR C/TAPA METALIZADA Y LAINA,329.4,26,0.001556,0.776563,A
5426,TERMOMETRO DE MERCURIO LARGO,325.0,3,0.001535,0.778098,A
5424,GRADILLA CUBIERTA DE PLASTICO 3*4,323.0,22,0.001526,0.779624,A
5191,MORTERO DE 150MM C/PILON,322.0,10,0.001521,0.781145,A
5370,FRASCO VIDRIO TRANSPARENTE ESPARRAGUERO 315ML C/TAPA 63,318.5,5,0.001504,0.782649,A
5174,FRASCO VIDRIO TRANSPARENTE 250ML C/TAPA DE METAL,317.40000000000003,16,0.001499,0.784148,A
5350,PAPEL INDICADOR DE PH,310.5,14,0.001466,0.785614,A
5293,PERFUME VIDRIO TRANSPARENTE CUADRADO 30ML TAPA ESPRAY METALIZADA N18 todo plomo,310.0,1,0.001464,0.787078,A
10,EQUIPOS DE SEGURIDAD REPSIRADOR 3M 8247,300.0,1,0.001417,0.788495,A
5346,PHMETRO COMBO SUELOS 4 EN 1 (PH-HUMEDAD-TEMP-LUZ SOLAR) TPH01803,300.0,5,0.001417,0.789912,A
5158,FRASCO VIDRIO AMBAR 100ML C/TAPA Y TAPON B18,297.3,9,0.001404,0.791316,A
5192,FRASCO PET CAMPANA BLANCO 300ML C/TAPA DISPENSADOR N28..,295.1,29,0.001394,0.79271,A
5217,FRASCO PET TRANSPARENTE 120ML TAPA Y TAPON B28,292.6,12,0.001382,0.794092,A
5470,PLACA PETRI DE 60*15MM SIN DIVISION PLASTICO (BLS10),291.0,7,0.001374,0.795466,A
5313,FRASCO PET DE COLORES CILINDRICO 120ML C/TAPA ESPRAY N20,289.70000000000005,19,0.001368,0.796834,A
5514,PIPETA SEREOLOGICA GRADUADA VIDRIO 25ML,287.0,4,0.001355,0.798189,A
5367,FRASCO 4 ONZAS C/TAPA 63,286.9,8,0.001355,0.799544,A
5414,PET JABONERA 37GR 400ML C/TAPA DISPENSADOR B28,282.5,8,0.001334,0.800878,B
5026,PASTILLERO PLASTICO BLANCO 60GR CON TAPA,280.4,13,0.001324,0.802202,B
5008,FRASCO VIDRIO AMBAR IMPORTADO 125ML TAPA ESPRAY BAJA,279.4,17,0.00132,0.803522,B
5073,FRASCO BULLET 75ML CON TAPA	ATOMIZADOR,279.0,36,0.001318,0.80484,B
5125,FRASCO PET TRANSPARENTE 120ML CON TAPA ESPRAY N28,277.4,33,0.00131,0.80615,B
5365,FRASCO VID TRANSPARENTE 370ML BAJO C/TAPA 77,275.6,13,0.001302,0.807452,B
5104,MORTERO DE 100MM C/PILON,274.5,17,0.001296,0.808748,B
5361,FRASCO ESPARRAGUERO 370ML C/TAPA 63 TAPA NEGRA,270.0,1,0.001275,0.810023,B
5240,VIAL VIDRIO TRANSPARENTE ALTO 15ML B20,266.0,4,0.001256,0.811279,B
5033,FRASCO PLASTICO NATURAL 30ML CON TAPON Y TAPA N28,264.3,5,0.001248,0.812527,B
5331,BOTELLA PET TRANSPARENTE 120ML B28 SIN TAPA con tapa y tapon,264.0,1,0.001247,0.813774,B
5189,MECHERO DE ALCOHOL 150ML,262.0,12,0.001237,0.815011,B
5196,TUBO COLAPSIBLE BLANCO 100ML C/TAPA,262.0,9,0.001237,0.816248,B
5516,FIOLA DE VIDRIO 500,261.0,4,0.001233,0.817481,B
5291,FRASCO ROLL-ON VIDRIO TRANSPARENTE 3ML C/TAPA Y TAPON 90 blanco 10negro,260.0,1,0.001228,0.818709,B
5409,FIOLA VOLUMETRICA GRADUADO DE VIDRIO 1000ML - BOECO,258.0,3,0.001219,0.819928,B
5383,PROBETA DE PLASTICO GRADUADA 500 ML,257.0,6,0.001214,0.821142,B
5239,VIAL VIDRIO TRANSPARENTE 10ML B20 C/TAPA BUTILO,256.7,12,0.001212,0.822354,B
5093,PROBETA DE PLASTICO GRADUADA 50 ML,253.4999932,19,0.001197,0.823551,B
5366,FRASCO COLMENA 746 C/TAPA 77,252.25,6,0.001191,0.824742,B
6,"MATERIAL MEDICO 5M, 5S, 3L",247.0,1,0.001167,0.825909,B
5309,GRADILLA 7*3 21T CONICO 50MM,246.0,13,0.001162,0.827071,B
5054,FRASCO PLASTICO NATURAL 60ML CON TAPA Y TAPON B/28,244.4398680001,9,0.001154,0.828225,B
5339,FRASCO DE VIDRIO AMBAR 200ML BOCA 28,244.0,5,0.001152,0.829377,B
5513,TUBO ENSAYO PYREX 13*100 (BX250) 10ml,240.6,12,0.001136,0.830513,B
5359,FRASCO VIDRIO TRANSPARENTE 1.7 LT CON T/100,240.2,13,0.001134,0.831647,B
5565,FRASCO DE VIDRIO AMBAR BOCA ANCHA TAPA AZUL 1L,240.0,4,0.001134,0.832781,B
5265,PIPETA SEREOLOGICA GRADUADA VIDRIO 5ML - CITOGLAS,237.5,12,0.001122,0.833903,B
5128,TUBO DE ENSAYO DE VIDRIO CON TAPA ROSCA 16*125-PYREX,237.0,16,0.001119,0.835022,B
5428,PET TRANSPARENTE 100ML TAPA DISPENSADOR B20,234.8,14,0.001109,0.836131,B
5213,FRASCO PET TRANSPARENTE ESPUMERO 200ML C/ TAPA,234.5,13,0.001108,0.837239,B
5253,FRASCO PET 1LT TRANSPARENTE C/SPRAY PISTOLA N28,232.7,8,0.001099,0.838338,B
5510,POTE DOBLE FONDO BLANCO IMPORTADO 120GR C/TAPA Y LAINA,230.1,11,0.001087,0.839425,B
5224,VASO VIDRIO BORO GRADUADO 2LT,228.0,3,0.001077,0.840502,B
5323,VASO DOSIFICADOR PLASTICO GRADUADO 15ML,226.5,20,0.00107,0.841572,B
5262,GOTERO PLASTICO BLANCO 10ML C/TAPA Y TAPON N15,225.15,9,0.001063,0.842635,B
5478,FRASCO CILINDRO PET TRANSPARENTE 250ML B28 SIN TAPA c/ tapa minigatillo blanco,225.0,1,0.001063,0.843698,B
5047,FRASCO PLASTICO BLANCO 500ML CON TAPA Y TAPON N28,223.4,13,0.001055,0.844753,B
5261,GOTER PLASTICO BLANCO 5ML C/TAPA Y TAPON N15,222.6,6,0.001051,0.845804,B
5108,EMBUDO DE VIDRIO DE BOROSILICATO DE 100MM,220.5,15,0.001041,0.846845,B
5126,BAGUETA O VARILLAS DE AGITACION DE VIDRIO 20CM,214.8,45,0.001014,0.847859,B
5399,BARRA AGITADORA MAGNETICA C300 30*7.5 MM (AGITADOR MAGNETICO),214.0,2,0.001011,0.84887,B
5268,DESECADOR 300MM,213.6,1,0.001009,0.849879,B
5391,FRASCO TUBULAR VIDRIO TRANSPARENTE 4ML T/BAQUELITA N13,212.5,5,0.001004,0.850883,B
5121,FRASCO PET TRANSPARENTE 30ML B/20 TAPA DISPENSADOR GEL,212.3,20,0.001003,0.851886,B
5107,LAMINA PORTAOBJETO 7101 (PAQ. 50UND),211.5,18,0.000999,0.852885,B
5114,GRADILLA ACRILICA PARA 50 TUBOS,210.0,9,0.000992,0.853877,B
5590,FIOLA 1L VIDRIO,210.0,2,0.000992,0.854869,B
5171,FRASCO VIDRIO TRANSPARENTE 250ML C/TAPA Y TAPON N28,205.4,14,0.00097,0.855839,B
5347,BAGUETA O VARILLA DE VIDRIO 30ML,204.3,30,0.000965,0.856804,B
5321,BOMBA DISPENSADORA PARA GALONERA 28/410 ACANALADO COLOR BLANCO,204.0,2,0.000963,0.857767,B
5193,TUBO COLAPSIBLE BLANCO 30ML C/TAPA,203.7,17,0.000962,0.858729,B
5185,FRASCO PLASTICO INSECTICIDA BLANCO 500ML C/TAPA Y TAPON,203.2,9,0.00096,0.859689,B
5465,BOLSAS ZIPLOC 7*10 (BLS100),202.0,7,0.000954,0.860643,B
5322,FRASCO VIDRIO TRANSPARENTE 100ML PERFUME C/TAPA SPRAY METALIZADO N18,200.5,8,0.000947,0.86159,B
5515,FIOLA DE VIDRIO 250ML,200.0,3,0.000945,0.862535,B
5330,BOMBA PARA PIPETA,199.0,8,0.00094,0.863475,B
5044,FRASCO PLASTICO BLANCO 60ML CON TAPA Y TAPON N28,198.6,9,0.000938,0.864413,B
5360,POTE VIDRIO TRANSPARENTE 1L C/TAPA 100 deja pagado 100 soles para recoger el día viernes aproximado 910802980,197.5,1,0.000933,0.865346,B
5187,EMBUDO VIDRIO 60MM,197.1,27,0.000931,0.866277,B
5208,FRASCO PET TRANSPARENTE 30ML C/TAPA PRESS N20,195.1,7,0.000921,0.867198,B
5378,FRASCO VIDRIO AMBAR 15ML B18 TAPA ESPRAY,195.0,2,0.000921,0.868119,B
5130,LUNA DE RELOJ DE VIDRIO DE LABORATORIO 100MM G-,193.0,11,0.000912,0.869031,B
10,EQUIPOS DE SEGURIDAD LENTES 3M CLASICO,192.0,1,0.000907,0.869938,B
5177,POTE VIDRIO TRANSPARENTE 212GR BAJA TAPA METAL N63,191.4,10,0.000904,0.870842,B
5092,PROBETA DE PLASTICO GRADUADA 10 ML,190.5,18,0.0009,0.871742,B
5182,STAPA ESPRAY PLASTICO BLANCO N28 C/SOBRE TAPA ALTA,190.3012,38,0.000899,0.872641,B
5384,VASO DE VIDRIO BORO GRADUADO 10ML,190.0,12,0.000897,0.873538,B
5207,LATA DE ALUMINIO PLATEADA 30GR C/TAPA,187.7,12,0.000886,0.874424,B
5048,FRASCO PLASTICO BLANCO 1LT CON TAPA Y TAPON N28,187.3,12,0.000885,0.875309,B
5050,POTE CREMERO DOBLE FONDO NEGRO IMPORTADO 60ML,186.0,8,0.000878,0.876187,B
5042,FRASCO PLASTICO AMBAR 1LT CON TAPA Y TAPON N28,184.2,16,0.00087,0.877057,B
5317,FRASCO PARA GEL 30ML DE CARTERA,182.2,15,0.000861,0.877918,B
5117,FRASCO VIDRIO TRANSPARENTE TUBULAR 10ML CON TAPA BAQUELITA B/20,180.1,15,0.000851,0.878769,B
5004,FRASCO GOTERO VIDRIO AMBAR 30ML CON TAPA Y CHUPON tapa negra,180.0,1,0.00085,0.879619,B
5007,TAPA DISPENSADORA BLANCO B28MM COLOR NEGRO,180.0,2,0.00085,0.880469,B
5301,MORTERO CON PILON DE PORCELANA 90MM,178.5,12,0.000843,0.881312,B
5235,BOMBA ATOMIZADORA ACANALADO N28 410 BLANCO,177.0,23,0.000836,0.882148,B
5097,BURETA DE VIDRIO GRADUADO DE 25 ML CON LLAVE DE VIDRIO,175.0,6,0.000827,0.882975,B
5202,FRASCO ROLL-ON PAVONADO 10ML C/TAPON Y TAPA,174.9,15,0.000826,0.883801,B
5198,POTE CREMERO VIDRIO PAVONADO 15GR CON LAINA Y TAPA,174.1,18,0.000822,0.884623,B
5312,VIDRIO TUBULAR 20ML C/TAPA BAQUELITA N24 Y LAINA CARTON PTFE,173.8,8,0.000821,0.885444,B
5578,Balanza 200g-0.01g,173.1,8,0.000818,0.886262,B
5504,FRASCO BULLET 250 ML C/TAPA ATOMIZADOR B/24,170.5,5,0.000805,0.887067,B
5402,MATRAZ ERLENMEYER DE VIDRIO BORO 100ML,170.5,10,0.000805,0.887872,B
5023,FRASCO PET TRANSPARENTE 30ML C/TAPA FLIT TOP N18,166.5,5,0.000786,0.888658,B
5183,FRASCO VIDRIO TRANSPARENTE ALTO 50ML PERFUME C/TAPA SPRAY METALIZADO N18 50 plomo,165.0,1,0.000779,0.889437,B
5173,FRASCO VIDRIO TRANSPARENTE 60ML C/TAPA Y TAPON N28,164.3,14,0.000776,0.890213,B
5164,FRASCO VIDRIO AMBAR IMPORTADO 250ML TAPA Y TAPON N28,164.1,13,0.000775,0.890988,B
5540,FRASCO PET AMBAR 120ML B28 C/TAPA SPRAY,163.0,9,0.00077,0.891758,B
5456,POTE PLASTICO TIPO PROTEINA BLANCO 1KG C/TAPA,162.5,5,0.000767,0.892525,B
5133,CRIOVIAL C/TAPA PRESION DE 1.5ML NO ESTERIL (TUBO EPPENDORF BOLSA*500UND),160.0,3,0.000756,0.893281,B
5243,VIAL VIDRIO TRANSPARENTE 100ML B20,160.0,2,0.000756,0.894037,B
5429,GALON DE ALCOHOL ISOPROPILICO,159.0,1,0.000751,0.894788,B
5331,BOTELLA PET TRANSPARENTE 120ML B28 SIN TAPA,156.0,20,0.000737,0.895525,B
5040,FRASCO PLASTICO AMBAR 250ML CON TAPA Y TAPON N28,155.0,22,0.000732,0.896257,B
5063,FRASCO VIDRIO AMBAR HOMBRO CAIDO 125ML TAPA ESPRAY PISTOLA negro,153.4999898,13,0.000725,0.896982,B
5538,FRASCO PET AMBAR 120ML B28 C/TAPA DISPENSADOR GEL,153.0,8,0.000723,0.897705,B
5326,CORCHO BAJO N4,153.0,3,0.000723,0.898428,B
5072,FRASCO YOGURT 1LT BLANCO CON TAPA 38MM,152.4999999999,7,0.00072,0.899148,B
5476,PIPETEADOR DE CREMALLERA ROJO(PUMP) 25ML,151.9,5,0.000717,0.899865,B
5512,FRASCO VIDRIO TRANSPARENTE 370 RECTO P-L T/63,151.1,6,0.000714,0.900579,B
5260,FRASCO GOTERO VIDRIO TRANSPARENTE 30ML C/TAPA Y CHUPON,150.3,15,0.00071,0.901289,B
5179,"POTE VIDRIO TRANSPARENTE 100GR C/TAPA METAL N53 50 blanco, 50 dorado",150.0,1,0.000708,0.901997,B
5074,FRASCO BULLET 100ML CON TAPA ATOMIZADOR 30 con tapa dispensador,150.0,1,0.000708,0.902705,B
5335,BOTELLA PET TRANSPARENTE 1LT (37gr) B28 SIN TAPA,148.6,9,0.000702,0.903407,B
5106,MATRAZ ERLENMEYER DE VIDRIO 500ML,147.0,6,0.000694,0.904101,B
6,MATERIAL MEDICO Guantes nitrilo azul o celestes 6S 6M,144.0,1,0.00068,0.904781,B
5205,LATA DE ALUMINIO PLATEADO 15GR C/TAPA,143.8,13,0.000679,0.90546,B
5331,BOTELLA PET TRANSPARENTE 120ML B28 SIN TAPA con tapa,142.5,2,0.000673,0.906133,B
5410,BARRA AGITADORA MAGNETICA C400 40*8 MM (AGITADOR MAGNETICO),142.0,5,0.000671,0.906804,B
5521,FRASCO DE VIDRIO BOCA ANCHA AMBAR TAPA AZUL 500ML,142.0,4,0.000671,0.907475,B
5118,FRASCO VIDRIO TRANSPARENTE TUBULAR 5ML CON TAPA BAQUELITA N20,140.2,17,0.000662,0.908137,B
5180,POTE VIDRIO TRANSPARENTE 30GR C/TAPA METAL N43 MN 50 plomo y 50 dorado,140.0,1,0.000661,0.908798,B
5308,TUVO CONICO TAPA AZUL 50ML C/FALDON,140.0,6,0.000661,0.909459,B
5131,CEPILLO DE LIMPIEZA PARA TUBO DE ENSAYO  13*100MM,138.5,10,0.000654,0.910113,B
10,EQUIPOS DE SEGURIDAD RESPIRADOR 6200 EN 3M,136.0,1,0.000642,0.910755,B
5183,FRASCO VIDRIO TRANSPARENTE ALTO 50ML PERFUME C/TAPA SPRAY METALIZADO N18,135.5,6,0.00064,0.911395,B
5491,PIPETAS PASTEUR ESTRILES 1ML BX100,133.0,8,0.000628,0.912023,B
5068,CRIOVIAL C/TAPA ROSCA NO ESTERIL 2ML TAPA BLANCA (BOLSA*500UND),131.8,8,0.000622,0.912645,B
6,MATERIAL MEDICO 2 JUEGOS DE PINZAS,130.0,1,0.000614,0.913259,B
5242,VIAL VIDRIO TRANSPARENTE 50ML N20 tapa butilo y metal,130.0,1,0.000614,0.913873,B
5405,CALIBRADOR VERNIER DIGITAL - TECAI - 93 / PRECISSO,130.0,3,0.000614,0.914487,B
5563,FRASCO PET AMBAR 60ML CON TAPA Y TAPON B28,129.7,3,0.000613,0.9151,B
5154,FRASCO VIDRIO AMBAR 15ML C/TAPA Y TAPON B18,129.3,6,0.000611,0.915711,B
5282,FRASCO GOTERO INTERNO VIDRIO AMBAR B/18 5ML TAPA S.,127.0,5,0.0006,0.916311,B
5554,FRASCO PET COLORES BOSTON 120ML C/TAPA DISPENSADOR B20,123.6,7,0.000584,0.916895,B
5010,PROBADOR VIDRIO TRASPARENTE 3ML CON TAPA SPRAY,122.475,14,0.000578,0.917473,B
5043,FRASCO PLASTICO BLANCO 30ML CON TAPA Y TAPON N28,122.3,3,0.000578,0.918051,B
5252,GOTERO VIDRIO TRANSPARENTE 100ML C/TAOA Y CHUPON,122.0,6,0.000576,0.918627,B
5565,FRASCO DE VIDRIO AMBAR BOCA ANCHA TAPA AZUL 1L MATRAZ,120.0,1,0.000567,0.919194,B
5533,FRASCO VIDRIO AMBAR IMPORTADO 125ML C/TAPA Y TAPON INTERNO. con ta,120.0,1,0.000567,0.919761,B
5341,GUANTES BOX*100UND AZUL,120.0,1,0.000567,0.920328,B
5089,PROBETA DE VIDRIO GRADUADA C/PICO 10 ML,118.0,12,0.000557,0.920885,B
5451,SOLO FRASCO PET CAMPANA 500ML,118.0,8,0.000557,0.921442,B
5368,POTE VIDRIO TRANSPARENTE 315ML C/TAPA 63,117.4,2,0.000554,0.921996,B
5486,VASO COPLIN PARA 5 LAMINAS VERTICAL,117.0,3,0.000553,0.922549,B
5413,"REFRACTOMETRO BRIX, 0-85",115.0,1,0.000543,0.923092,B
5162,FRASCO VIDRIO AMBAR 100ML TAPA Y TAPON N28,114.5,10,0.000541,0.923633,B
5169,FRASCO VIDRIO TRANSPARENTE 1LT C/TAPA Y TAPON N28,111.5,3,0.000527,0.92416,B
5109,PINZA DE MADERA PARA TUBO DE ENSAYO,111.5,9,0.000527,0.924687,B
5009,PROBADOR VIDRIO TRASPARENTE 2ML CON TAPA SPRAY,110.85,11,0.000524,0.925211,B
5467,PARAFILM SEAFILM,110.0,1,0.00052,0.925731,B
6,MATERIAL MEDICO TOCAS,110.0,2,0.00052,0.926251,B
10,EQUIPOS DE SEGURIDAD TRAJE ANSELL 2300,110.0,1,0.00052,0.926771,B
5116,FRASCO VIDRIO TRANSPARENTE TUBULAR 15ML CON TAPA BAQUELITA N18,109.8,17,0.000519,0.92729,B
5407,MICROPIPETA BOECO RANGO VARIABLE 100-1000UL,109.0,1,0.000515,0.927805,B
5561,FRASCO ESMALTE VIDRIO TRANSPARENTE OVALADO 8ML CON BROCHA Y TAPA,108.8,5,0.000514,0.928319,B
5,ARTICULOS DE FERRETERIA GUANTES SHOWA 7 - 27,108.0,1,0.00051,0.928829,B
5403,MATRAZ ERLENMEYER DE VIDRIO 1L,108.0,4,0.00051,0.929339,B
5288,POTE PLASTICO BLANCO TIPO FROTACION 100GR C/TAPA,107.3,15,0.000507,0.929846,B
5404,FRASCO BOCA ANCHA TRANSPARENTE TAPA AZUL 50ML,107.0,2,0.000505,0.930351,B
5537,FRASCO VIDRIO AMBAR IMPORTADO 100ML C/TAPA Y TAPON INTERNO.,105.4,9,0.000498,0.930849,B
5377,FRASCO VIDRIO AMBAR 50ML B18 TAPA ESPRAY,105.2,7,0.000497,0.931346,B
5028,PASTILLERO PLASTICO BLANCO 120GR CON TAPA,105.0,7,0.000496,0.931842,B
5004,FRASCO GOTERO VIDRIO AMBAR 30ML CON TAPA Y CHUPON SOLO CHUPON Y PIPETA,105.0,1,0.000496,0.932338,B
5482,FRASCO VIDRIO 85ML T/43 C/TAPA PLASTICO N43 BLANCO,105.0,6,0.000496,0.932834,B
5385,VASO GRADUADO DE POLIPROPILENO 100ML,105.0,7,0.000496,0.93333,B
10,EQUIPOS DE SEGURIDAD FILTROS 6003,104.0,1,0.000491,0.933821,B
5039,FRASCO PLASTICO AMBAR 120ML CON TAPA Y TAPON N28,103.9,19,0.000491,0.934312,B
5348,FRASCO DE VIDRIO BOCA ANCHA AMBAR TAPA AZUL 250ML,103.0,5,0.000486,0.934798,B
5172,FRASCO VIDRIO TRANSPARENTE IMPORTADO 125ML C/TAPA Y TAPON N28,102.2,13,0.000483,0.935281,B
5602,PIPETA SEREOLOGICA GRADUADA VIDRIO 2ML,102.0,2,0.000482,0.935763,B
5438,GRADILLA PLASTIFICADA 48 TUBOS NACIONAL,100.0,7,0.000472,0.936235,B
5472,PAPEL FILTRO WHATMAN N41 DIAM 125MM (CJ100),100.0,3,0.000472,0.936707,B
6,MATERIAL MEDICO MASCARILLAS KN95 MAYFIELD,100.0,1,0.000472,0.937179,B
6,MATERIAL MEDICO,100.0,5,0.000472,0.937651,B
5135,FRASCO ROLL-ON VIDRIO AMBAR 10ML C/TAPON Y TAPA,99.7,10,0.000471,0.938122,B
5408,FIOLA VOLUMETRICA C/PICO 100ML,99.4,4,0.000469,0.938591,B
5164,FRASCO VIDRIO AMBAR IMPORTADO 250ML TAPA Y TAPON N28 con tapa minigatillo negro,99.0,1,0.000468,0.939059,B
5412,PROBETA VIDRIO GRADUADA 1L,98.0,1,0.000463,0.939522,B
5386,VASO GRADUADO DE POLIPROPILENO 250ML-300ML,98.0,7,0.000463,0.939985,B
5448,PAPEL LENTE 100*150MM WHATMAN TISSUE 105 (CJ *50HJS),98.0,8,0.000463,0.940448,B
5466,BOLSAS ZIPLOC 5*8 (BLS100),98.0,4,0.000463,0.940911,B
5334,BOTELLA PET TRANSPARENTE 500ML B28 SIN TAPA,97.8,10,0.000462,0.941373,B
5495,FRASCO PLASTICO INSECTICIDA 250ML C/TAPA Y TAPON,96.3,4,0.000455,0.941828,B
5398,FRASCO VIDRIO AMBAR 30ML B18 C/TAPA ESPRAY,96.0,4,0.000453,0.942281,B
5420,FRASCO PARA RIMEL 4ML C/TAPA (12CM - 1.5CM) INYEC.,96.0,6,0.000453,0.942734,B
6,MATERIAL MEDICO ALCOHOL 96,96.0,1,0.000453,0.943187,B
5464,BOLSAS ZIPLOC 9*14*  (BLS100),95.0,3,0.000449,0.943636,B
5057,PASTILLERO PVC/CRISTAL N°3 50GR TAPA Blanca,92.6,11,0.000437,0.944073,B
5527,VASO PRECIPITADO DE VIDRIO 25ML (BEAKER),92.5,10,0.000437,0.94451,B
6,MATERIAL MEDICO ESTUCHE DISECCION,92.5,1,0.000437,0.944947,B
5059,POTE PLASTICO PEAD BLANCO 1KG CON TAPA N°97,92.0,4,0.000435,0.945382,B
5545,REFRACTROMETRO ATC 0-32% BRIX,90.5,1,0.000427,0.945809,B
5560,LIPSTICK / BALSAMO LABIAL BLANCO 15ML,90.19999999999999,6,0.000426,0.946235,B
5102,SOPORTE UNIVERSAL C/BASE Y VARILLA PINTADA - INTEK mas abrazadera 4 puntos,90.0,1,0.000425,0.94666,B
5190,MECHERO DE ALCOHOL 250ML,90.0,7,0.000425,0.947085,B
5333,BOTELLA PET TRANSPARENTE 250ML B28 C/TAPA Y TAPON con tapa y tapon,90.0,1,0.000425,0.94751,B
5310,FRASCO PET TRANSPARENTE 250ML C/TAPA PRESS N24,90.0,7,0.000425,0.947935,B
5157,FRASCO VIDRIO AMBAR 50ML C/TAPA Y TAPON B18,89.5,7,0.000423,0.948358,B
5098,PROBADOR PLASTICO NATURAL FORMA BAJA 5ML CON TAPA ESPRAY,89.3,8,0.000422,0.94878,B
5401,PROBETA VIDRIO 25ML,88.0,5,0.000416,0.949196,B
5300,FRASCO VIDRIO TRANSPARENTE 15ML B18 C/TAPA ESPRAY,87.5,2,0.000413,0.949609,B
5436,PAPEL LENTE 105,87.0,4,0.000411,0.95002,C
5286,FRASCO PET TRANSPARENTE 250ML C/TAPA SPRAY MINI PISTOLA N24,85.5,13,0.000404,0.950424,C
5406,PUNTAS BLANCAS PARA PIPETA (B200U) bolsa *300,85.0,1,0.000401,0.950825,C
5056,PASTILLERO PVC/CRISTAL N°4 80GR T/ROSCA Blanca,84.5,9,0.000399,0.951224,C
5272,PROBADOR PLASTICO 10ML ESPRAY COLORES,84.1,11,0.000397,0.951621,C
10,EQUIPOS DE SEGURIDAD LENTES DE ALTO IMPACTO,84.0,1,0.000397,0.952018,C
5536,FRASCO VIDRIO AMBAR IMPORTADO 60ML C/TAPA Y TAPON INTERNO.,84.0,11,0.000397,0.952415,C
5078,GOTERO PLASTICO 7ML NATURAL S/P B15MM C/TAPA Y TAPON,83.7,7,0.000395,0.95281,C
5336,PET CAMPANA TRANSPARENTE 300ML S/T B28..,82.0,6,0.000387,0.953197,C
5577,POTE PROTEINA BLANCO 3.3 KG,81.5,4,0.000385,0.953582,C
5221,LATA DE ALUMINIO PLATEADA 100GR C/TAPA,81.1,8,0.000383,0.953965,C
5055,FRASCO VIDRIO AMBAR IMPORTADO 250ML TAPA DISPENSADOR GEL,80.6,5,0.000381,0.954346,C
5016,FRASCO VIDRIO AMBAR HOMBRO CAIDO 250ML TAPA ESPRAY PISTOLA,80.5,6,0.00038,0.954726,C
5320,POTE VIDRIO AMBAR 200GR B45 C/TAPA,80.3,9,0.000379,0.955105,C
5269,TERMOMETRO DIGITAL DE VASTAGO PARA COCINA DE 30CM,80.0,3,0.000378,0.955483,C
5455,FIOLA 50ML,80.0,1,0.000378,0.955861,C
5299,FRASCO VIDRIO TRANSPARENTE 50ML B18 C/TAPA ESPRAY,79.5,2,0.000375,0.956236,C
5341,GUANTES BOX*100UND,79.0,4,0.000373,0.956609,C
5103,TUBO DE ENSAYO DE VIDRIO 12*75MM (PAQ 250UND),78.5,6,0.000371,0.95698,C
5328,ROLL-ON VIDRIO TRANSPARENTE 50ML C/TAPA BLANCA,78.4,5,0.00037,0.95735,C
5491,PIPETAS PASTEUR ESTRILES 1ML BX100 milimetrada de vidrio 1ml zul,78.0,1,0.000368,0.957718,C
5175,FRASCO VIDRIO AMBAR IMPORTADO 30ML C/TAPA Y TAPON B28,77.0,6,0.000364,0.958082,C
5270,PIPETEADOR DE CREMALLERA VERDE (PUMP) 10ML VERDE  Y AZUL,76.0,1,0.000359,0.958441,C
5317,FRASCO PARA GEL 30ML DE CARTERA con alcohol,75.0,1,0.000354,0.958795,C
5485,GOTERO VIDRIO AZUL 5ML C/TAPA Y CHUPON,75.0,2,0.000354,0.959149,C
5004,FRASCO GOTERO VIDRIO AMBAR 30ML CON TAPA Y CHUPON precinto de seguridad grueso,75.0,1,0.000354,0.959503,C
5477,CONDUCTIMETRO Y TDS DIGITAL CON SENSOR DE TEMPERATURA,75.0,2,0.000354,0.959857,C
5115,POTE CREMERO VIDRIO PAVONADO 30GR CON LAINA Y TAPA FALTA ENTREGAR TODO,75.0,1,0.000354,0.960211,C
5176,POTE VIDRIO TRANSPARENTE 240GR C/TAPA DE METAL N63 MN,74.7,10,0.000353,0.960564,C
5041,FRASCO PLASTICO AMBAR 500ML CON TAPA Y TAPON N28,74.6,7,0.000352,0.960916,C
5030,PASTILLERO PLASTICO NEGRO 60GR CON TAPA,73.8,5,0.000349,0.961265,C
5099,PROBADOR PLASTICO 5ML ESPRAY COLORES,72.3,9,0.000341,0.961606,C
5302,FRASCO DE VIDRIO BOCA ANCHA TAPA AZUL 250ML MATRAZ,72.0,1,0.00034,0.961946,C
5264,FRASCO DE  VIDRIO BOCA ANCHA TAPA AZUL 500ML PLASTICO,72.0,1,0.00034,0.962286,C
5214,FRASCO GOTERO VIDRIO TRANSPARENTE 20ML C/TAPA Y CHUPON,71.2,7,0.000336,0.962622,C
5450,PHMETRO DIGITAL AMARILLO y conductimetro,70.0,1,0.000331,0.962953,C
5427,TAPA GASEOSA B28 NEGRO,70.0,2,0.000331,0.963284,C
5523,GOTERO VIDRIO AMBAR 15ML B18 C/TAPA Y CHUPON C/SEGURO verde,70.0,1,0.000331,0.963615,C
5200,FRASCO PET BOLON 400ML TRANSPARENTE C/TAPA ESPRAY PISTOLA N28,69.5,7,0.000328,0.963943,C
5397,FRASCO VIDRIO AMBAR 20ML B18 C/TAPA ESPRAY,69.3,5,0.000327,0.96427,C
5237,BOMBA ATOMIZADORA ACANALADO N28 410 NEGRO,68.4,10,0.000323,0.964593,C
5552,CREMERO SIMPLE 30GR C/ TAPA Y LAINA NEGRO,68.0,12,0.000321,0.964914,C
5015,POTE PLASTICO 1KG B110 BLANCO C/TAPA productos varios,67.7,1,0.00032,0.965234,C
5497,CAJA PARA PORTAOBJETOS *25UND,67.5,6,0.000319,0.965553,C
5129,ESPATULA MANGO DE MADERA 20 CM,67.0,5,0.000316,0.965869,C
5343,FRASCO DE VIDRIO BOCA ANCHA AMBAR TAPA AZUL 100ML,66.0,5,0.000312,0.966181,C
6,"MATERIAL MEDICO mascarillas, estuche, mango bisturi, bisturi, estuche diseccion",64.0,1,0.000302,0.966483,C
5522,PLACA PETRI DE VIDRIO 60,63.5,5,0.0003,0.966783,C
5274,GOTERO VIDRIO PAVONADO 30ML B18 TAPA Y CHUPON,63.5,7,0.0003,0.967083,C
5417,ESPATULA ASA DRIGALSKI DE VIDRIO,63.0,1,0.000298,0.967381,C
5134,POTE CREMERO VIDRIO TRANSPARENTE 50GR C/TAPA METALIZADA Y LAINA FALTAN 5 NEGROS Y 4 FUCSIA,62.5,1,0.000295,0.967676,C
5287,POTE PLASTICO BLANCO TIPO FROTACION 50GR C/TAPA,61.5,6,0.00029,0.967966,C
5389,PROBADOR VIDRIO 1ML TAPON PLUMILLA,61.5,4,0.00029,0.968256,C
5335,BOTELLA PET TRANSPARENTE 1LT (37gr) B28 SIN TAPA con tapa,60.0,1,0.000283,0.968539,C
5341,GUANTES BOX*100UND NITRILO AZUL L,60.0,1,0.000283,0.968822,C
5170,FRASCO VIDRIO TRANSPARENTE 500ML C/TAPA Y TAPON N28,59.5,5,0.000281,0.969103,C
5283,FRASCO GOTERO INTERNO VIDRIO AMBAR 10ML B/18 C/TAPA P.,58.5,5,0.000276,0.969379,C
5450,PHMETRO DIGITAL AMARILLO +3 REPUESTOS 9.00,58.0,1,0.000274,0.969653,C
5177,POTE VIDRIO TRANSPARENTE 212GR BAJA TAPA METAL N63 TAPA NEGRA,57.5,1,0.000272,0.969925,C
5291,FRASCO ROLL-ON VIDRIO TRANSPARENTE 3ML C/TAPA Y TAPON,56.7,6,0.000268,0.970193,C
5494,CEPILLO DE LIMPIEZA PARA TUBO DE ENSAYO 16*150MM,56.5,9,0.000267,0.97046,C
5251,VASO DAPPEN,56.5,10,0.000267,0.970727,C
5346,PHMETRO COMBO SUELOS 4 EN 1 (PH-HUMEDAD-TEMP-LUZ SOLAR) TPH01803 con bateria,55.0,1,0.00026,0.970987,C
5097,BURETA DE VIDRIO GRADUADO DE 25 ML CON LLAVE DE VIDRIO bureta de 50ML,55.0,1,0.00026,0.971247,C
5201,VIAL VIDRIO TRANSPARENTE 20ML B20 C/TAPON BUTILO GRIS N20 con tapa de aluminio,55.0,1,0.00026,0.971507,C
5111,MECHERO BUNSEN PLOMO,55.0,1,0.00026,0.971767,C
5363,FRASCO CUADRADRO 387ML C/TAPA 63,54.599999999999994,2,0.000258,0.972025,C
5535,FRASCO VIDRIO AMBAR IMPORTADO 500ML C/TAPA Y TAPON INTERNO. con tapa dispensador,54.0,1,0.000255,0.97228,C
5258,PIPETAS PASTEUR ESTRILES 5ML (BLS100),53.0,7,0.00025,0.97253,C
5136,FRASCO MINI PARA AROMATIZADOR VIDRIO 6ML C/TAPA,52.5,3,0.000248,0.972778,C
5367,FRASCO 4 ONZAS C/TAPA 63 TAPA NEGRA,52.5,1,0.000248,0.973026,C
5064,GATILLO PULVERIZADOR 28/410 punta de acero,51.6,1,0.000244,0.97327,C
5325,POTE VIDRIO AMBAR IMPORTADO 120GR B/38 C/TAPA,51.2,6,0.000242,0.973512,C
5100,PINZA PARA TUBO DE ENSAYO DE METAL 11.5CM,51.0,2,0.000241,0.973753,C
5179,POTE VIDRIO TRANSPARENTE 100GR C/TAPA METAL N53 FALTAN 26 PLATEADA,50.0,1,0.000236,0.973989,C
5007,TAPA DISPENSADORA BLANCO B28MM por cambio de otro producto,50.0,1,0.000236,0.974225,C
5473,PAPEL FILTRO WHATMAN N4 DIAM 125MM (CJ100),50.0,2,0.000236,0.974461,C
5307,LUGOL PARASITOLOGICO MRCS,50.0,1,0.000236,0.974697,C
5585,FRASCO VIDRIO AZUL 30ML B/18 TAPA ESPRAY,50.0,1,0.000236,0.974933,C
5264,FRASCO DE  VIDRIO BOCA ANCHA TAPA AZUL 500ML MATRAZ,50.0,1,0.000236,0.975169,C
5353,FRAGANCIA CHICA FRESA 10ML,50.0,2,0.000236,0.975405,C
5381,FRASCO VIDRIO AZUL 50ML B/18 TAPA ESPRAY,49.4,5,0.000233,0.975638,C
5379,GOTERO VIDRIO AZUL 30ML C/TAPA Y CHUPON,48.75,2,0.00023,0.975868,C
5160,FRASCO VIDRIO AMBAR PASTILLERO 30ML C/TAPA Y TAPON B28,48.0,5,0.000227,0.976095,C
5115,POTE CREMERO VIDRIO PAVONADO 30GR CON LAINA Y TAPA 50 GR,48.0,2,0.000227,0.976322,C
5315,FRASCO PLASTICO INSECTICIDA 125ML C/TAPA Y TAPON,48.0,4,0.000227,0.976549,C
5171,FRASCO VIDRIO TRANSPARENTE 250ML C/TAPA Y TAPON N28 TAPA DISPENSADOR,48.0,1,0.000227,0.976776,C
5215,LATA DE ALUMINIO NEGRO 15GR C/TAPA,47.7,6,0.000225,0.977001,C
5539,FRASCO PET AMBAR 120ML B28 C/TAPA TRIGGER,47.5,6,0.000224,0.977225,C
5532,PET TRANSPARENTE 75ML TAPA DISPENSADOR B20,47.1,5,0.000222,0.977447,C
5049,POTE CREMERO DOBLE FONDO NEGRO IMPORTADO 30GR CON TAPA Y LAINA,47.0,4,0.000222,0.977669,C
5446,PUNTERA DE 100-1000 UL AZUL GRADUADA (BLS *500UND),47.0,2,0.000222,0.977891,C
5153,FRASCO VIDRIO AMBAR 10ML C/TAPA Y TAPON B18,46.5,2,0.00022,0.978111,C
5531,PET TRANSPARENTE 120ML TAPA DISPENSADOR B20,46.0,4,0.000217,0.978328,C
5220,LATA DE ALUMINIO NEGRO 50GR C/TAPA,45.9,4,0.000217,0.978545,C
5306,AZUL METILENO 500ML,45.0,1,0.000213,0.978758,C
5542,TRIPODE,45.0,2,0.000213,0.978971,C
6,MATERIAL MEDICO PINZA DE DISECCION,45.0,1,0.000213,0.979184,C
5156,FRASCO VIDRIO AMBAR 30ML C/TAPA Y TAPON B18,44.5,3,0.00021,0.979394,C
5453,FRASCO BULLET 120ML C/TAPA ATOMIZADOR tapa trigger,42.5,1,0.000201,0.979595,C
5613,SOLO TRIGGER MINI GATILLO BLANCO B24 con frasco gatillo. Se aumentan 8 de anterior factura,42.0,1,0.000198,0.979793,C
6,MATERIAL MEDICO lactodensimetro,42.0,1,0.000198,0.979991,C
5529,LACTODENSIMETRO CON TERMOMETRO RANGO 0-40 BOECO,40.0,1,0.000189,0.98018,C
5496,VASO DE PLASTICO 500ML,40.0,4,0.000189,0.980369,C
5023,"FRASCO PET TRANSPARENTE 30ML C/TAPA FLIT TOP N18 falta entregar 50 jebes de colores variados, falta cancelar 20 soles",40.0,1,0.000189,0.980558,C
5048,FRASCO PLASTICO BLANCO 1LT CON TAPA Y TAPON N28 tapa spray gatilllo,40.0,1,0.000189,0.980747,C
5620,bolsa ziploc 8*10,40.0,1,0.000189,0.980936,C
5505,CUCHARA PLASTICO 10GR,39.2,4,0.000185,0.981121,C
5298,PROBETA VIDRIO TRANSPARENTE 500ML,39.0,1,0.000184,0.981305,C
5478,FRASCO CILINDRO PET TRANSPARENTE 250ML B28 SIN TAPA tapa varios,39.0,1,0.000184,0.981489,C
5048,FRASCO PLASTICO BLANCO 1LT CON TAPA Y TAPON N28 dispensador,39.0,1,0.000184,0.981673,C
5051,TAPA DE PLASTICO ROSCA,39.0,2,0.000184,0.981857,C
5293,PERFUME VIDRIO TRANSPARENTE CUADRADO 30ML TAPA ESPRAY METALIZADA N18,38.3,4,0.000181,0.982038,C
5579,FRASCO ESMALTE VIDRIO TRANSPARENTE 15ML CON BROCHA Y TAPA,38.0,3,0.000179,0.982217,C
5138,TUBO CONICO CON TAPA ROSCA DE 50ML NO ESTERIL reintegro por compra anterior. error de sistema,37.5,1,0.000177,0.982394,C
5086,VASO PRECIPITADO DE VIDRIO FORMA ALTA 250 ML (BEAKER),37.5,3,0.000177,0.982571,C
5152,FRASCO VIDRIO AMBAR 5ML C/TAPA Y TAPON B18,37.4,6,0.000177,0.982748,C
5270,PIPETEADOR DE CREMALLERA VERDE (PUMP) 10ML,36.5,2,0.000172,0.98292,C
5607,TUBO PARA BRILLO LABIAL 10ML GLOSS,36.0,1,0.00017,0.98309,C
5036,FRASCO PLASTICO NATURAL 500ML CON TAPON Y TAPA B28MM Con tapa press,36.0,1,0.00017,0.98326,C
5333,BOTELLA PET TRANSPARENTE 250ML B28 C/TAPA Y TAPON con tapa dispensador,36.0,2,0.00017,0.98343,C
5239,VIAL VIDRIO TRANSPARENTE 10ML B20 C/TAPA BUTILO con tapa aluminio,35.0,1,0.000165,0.983595,C
6,MATERIAL MEDICO MASCARILLAS QUIRURGICAS,35.0,1,0.000165,0.98376,C
6,MATERIAL MEDICO BASTON,35.0,1,0.000165,0.983925,C
5588,TAPA DISPENSADORA NEGRO B28MM,35.0,6,0.000165,0.98409,C
5170,FRASCO VIDRIO TRANSPARENTE 500ML C/TAPA Y TAPON N28 tapa  dispensador b28,35.0,1,0.000165,0.984255,C
5518,FRASCO PET DE COLORES BOSTON 120ML C/TAPA FLIP TOP N20,35.0,2,0.000165,0.98442,C
5437,TUBO CONICO C/TAPA ROSCA NO ESTERIL DE 10ML (BLS*100UND),34.5,4,0.000163,0.984583,C
5556,FRASCO GOTERO INTERNO VIDRIO AMBAR 15ML B18 C/TAPA,34.0,2,0.000161,0.984744,C
5329,FRASCO VIDRIO TRANSPARENTE TUBULAR 10ML C/TAPA BAQUELITA B18,33.4,4,0.000158,0.984902,C
5290,ALCOHOL PADS,33.0,2,0.000156,0.985058,C
5507,FRASCO GOTERO VIDRIO AZUL 100ML C/TAPA Y CHUPON,33.0,2,0.000156,0.985214,C
5388,FRASCO VIDRIO ROSADO 30ML C/TAPA ESPRAY N18,33.0,7,0.000156,0.98537,C
5566,CEPILLO DE LIMPIEZA PARA PROBETA DE 100ML,32.0,4,0.000151,0.985521,C
5029,PASTILLERO PLASTICO NEGRO 40GR CON TAPA,31.5,2,0.000149,0.98567,C
5583,FRASCO PET CAMPANA 300ML BLANCO C/T SPRAY PISTOLA PVE,31.2,4,0.000147,0.985817,C
6,"MATERIAL MEDICO GUANTES BLANCO 2L, 1M",30.0,1,0.000142,0.985959,C
5589,POTE CREMERO BLANCO 25ML PLASTICO,30.0,1,0.000142,0.986101,C
6,MATERIAL MEDICO alcohol litro 70. 2 de 70° y 2 de 96°,30.0,1,0.000142,0.986243,C
5147,FRASCO VIDRIO VERDE 50ML C/TAPA Y TAPON B18,30.0,1,0.000142,0.986385,C
6,MATERIAL MEDICO Mascarillas 3 pliegues blancas,30.0,1,0.000142,0.986527,C
5006,FRASCO GOTERO VIDRIO AMBAR 100ML CON TAPA Y CHUPON gotero vidrio 100,30.0,1,0.000142,0.986669,C
5499,POTE DOBLE FONDO BLANCO IMPORTADO 60GR C/TAPA Y LAINA,30.0,1,0.000142,0.986811,C
5489,"GRADILLA MULTIFUNCIONAL PARA TUBOS CONICOS DE 10ML, 15ML Y 50ML",30.0,2,0.000142,0.986953,C
5478,FRASCO CILINDRO PET TRANSPARENTE 250ML B28 SIN TAPA con tapa trigger blanco,30.0,1,0.000142,0.987095,C
5439,GRADILLA DE PLASTICO 60 TUBOS  DE 10 Y/O 15ML,30.0,1,0.000142,0.987237,C
5621,KIT DE DETERMINACION DE PH Y CLORO-PRECISSO,30.0,1,0.000142,0.987379,C
6514,GOTERO VIDRIO AMBAR 20ML TAPA METALIZADA DORADA Y CHUPON,30.0,1,0.000142,0.987521,C
5229,BOMBA ATOMIZADORA ACANALADO 20 410 BLANCO,30.0,1,0.000142,0.987663,C
6,MATERIAL MEDICO TIJERA METALICA,30.0,1,0.000142,0.987805,C
5181,POTE CREMERO DOBLE FONDO C/ CINTILLO PLATEADO 50GR C/TAPA Y LAINA de 30ml,30.0,1,0.000142,0.987947,C
5303,TUBO DE ENSAYO DE VIDRIO 13*100MM (bx250u),29.0,4,0.000137,0.988084,C
5278,POTE PASTILLERO PLASTICO BLANCO 19GR C/TAPA B/20,28.8,8,0.000136,0.98822,C
6,MATERIAL MEDICO balon base redonda,28.0,1,0.000132,0.988352,C
5524,TAPA PRESS N20,27.0,2,0.000128,0.98848,C
5167,POTE CREMERO VIDRIO AMBAR 50GR C/TAPA NEGRA Y LAINA por recoger,27.0,1,0.000128,0.988608,C
5305,PROBADOR PLASTICO 12ML ESPRAY COLORES,26.5,6,0.000125,0.988733,C
5345,EMBUDO PLASTICO,26.2,8,0.000124,0.988857,C
5594,POTE CREMERO SIMPLE C/ CINTILLO PLATEADO 200GR C/TAPA Y LAINA,25.5,2,0.00012,0.988977,C
5292,FRASCO ROLL-ON VIDRIO TRANSPARENTE 7ML C/TAPA Y TAPON,25.1,4,0.000119,0.989096,C
5267,ABRAZADERA PARA MATRAZ,25.0,1,0.000118,0.989214,C
5223,PROPIPETA VERDE 10ML,25.0,1,0.000118,0.989332,C
5223,PROPIPETA VERDE 10ML 5ML,25.0,1,0.000118,0.98945,C
5017,POTE CREMERO SIMPLE 60GR CON TAPA Y LAINA negro,25.0,1,0.000118,0.989568,C
5338,TAPA CHUPON BLANCO B28,25.0,1,0.000118,0.989686,C
5357,FRAGANCIA LIMON EXTREMO 10ML 60ml,25.0,1,0.000118,0.989804,C
5356,FRAGANCIA LAVANDA CT POETT 10ML +40ml total 50ML,25.0,1,0.000118,0.989922,C
5592,BOLSAS ZIPLOC 4*8 (BLS100),25.0,1,0.000118,0.99004,C
5341,"GUANTES BOX*100UND talla M, 1negro, 1 blanco",24.0,1,0.000113,0.990153,C
5549,GOTERO VIDRIO AMBAR 100ML TAPA METALIZADA DORADA Y CHUPON,24.0,1,0.000113,0.990266,C
5295,FRASCO PLASTICO NEGRO 350ML C/TAPA ESPRAY MINI PISTOLA N24,24.0,6,0.000113,0.990379,C
5478,FRASCO CILINDRO PET TRANSPARENTE 250ML B28 SIN TAPA COLOR NEGRO,24.0,1,0.000113,0.990492,C
5533,FRASCO VIDRIO AMBAR IMPORTADO 125ML C/TAPA Y TAPON INTERNO. con tapa dispensador blanco,24.0,1,0.000113,0.990605,C
5,ARTICULOS DE FERRETERIA,23.0,2,0.000109,0.990714,C
5528,EMBUDO DE VIDRIO DE BOROSILICATO DE 75MM G-,23.0,3,0.000109,0.990823,C
6,MATERIAL MEDICO material medico,23.0,1,0.000109,0.990932,C
5037,FRASCO PLASTICO NATURAL 1LT CON TAPA Y TAPON N28 con tapa trigger blanco,22.5,1,0.000106,0.991038,C
6,MATERIAL MEDICO estuche y hoja bisturio,22.5,1,0.000106,0.991144,C
5394,PET TRANSPARENTE 10ML C/GOTERO CHUPON N18,22.2,2,0.000105,0.991249,C
5510,POTE DOBLE FONDO BLANCO IMPORTADO 120GR C/TAPA Y LAINA FONDO SIMPLE CON CINTILLO,22.0,1,0.000104,0.991353,C
5559,FRASCO VIDRIO NEGRO 10ML C/TAPA Y TAPON N18,21.6,1,0.000102,0.991455,C
5593,FRASCO PET AZUL 250ML C/TAPA DISPENSADORA N24,21.0,3,9.9e-05,0.991554,C
5112,LENTES DE PROTECCION DE MARCO NEGRO,21.0,1,9.9e-05,0.991653,C
5184,FRASCO VIDRIO TRANSPARENTE CUADRADO 50ML PERFUME C/TAPA SPRAY METALIZADO N18,20.2,3,9.5e-05,0.991748,C
5425,POTE CREMERO DOBLE FONDO C/ CINTILLO PLATEADO 100GR C/TAPA Y LAINA,20.0,2,9.4e-05,0.991842,C
6,MATERIAL MEDICO MASCARILLA CELESTE,20.0,1,9.4e-05,0.991936,C
6,MATERIAL MEDICO Mascarillas kn95*10und,20.0,1,9.4e-05,0.99203,C
5163,FRASCO VIDRIO AMBAR 120ML TAPA Y TAPON N28 diferentes tapas,20.0,1,9.4e-05,0.992124,C
5140,ASA DE SIEMBRA 1 UL/INOCULADOR AZUL (BOLSA 10 UND),20.0,3,9.4e-05,0.992218,C
5419,GOTERO PLASTICO BLANCO 30ML C/TAPA Y TAPON N15 SOLO GOTERO Y PIPETA 20ML,20.0,1,9.4e-05,0.992312,C
5332,isopos *100und,20.0,1,9.4e-05,0.992406,C
5432,PRECINTO TERMOENCOGIBLE 128MM *1000UND nga termodifle 13.5,20.0,1,9.4e-05,0.9925,C
5392,FRASCO TUBULAR VIDRIO TRANSPARENTE 5ML T/BAQUELITA N13,19.3,3,9.1e-05,0.992591,C
6,MATERIAL MEDICO Jeringa 20ml caja,19.0,1,9e-05,0.992681,C
5297,PET COLORES CILINDRICO 120ML TAPA PRESS N20,18.5,3,8.7e-05,0.992768,C
5478,FRASCO CILINDRO PET TRANSPARENTE 250ML B28 SIN TAPA con tapa spray,18.5,2,8.7e-05,0.992855,C
5038,FRASCO PLASTICO AMBAR 60ML CON TAPA Y TAPON N28 tapra trigger negro,18.0,1,8.5e-05,0.99294,C
6,MATERIAL MEDICO estuche de diseccion,18.0,1,8.5e-05,0.993025,C
5422,FRASCO GOTERO VIDRIO VERDE 30ML C/TAPA Y CHUPON,18.0,1,8.5e-05,0.99311,C
5266,ABRAZADERA CRUZADA DE LABORATORIO (DOBLE NUEZ),18.0,1,8.5e-05,0.993195,C
5074,FRASCO BULLET 100ML CON TAPA ATOMIZADOR sin tapa,18.0,1,8.5e-05,0.99328,C
5517,REJILLA CON CENTRO CERAMICO 125MM,18.0,2,8.5e-05,0.993365,C
5016,FRASCO VIDRIO AMBAR HOMBRO CAIDO 250ML TAPA ESPRAY PISTOLA TRIGGER NEGRO,18.0,1,8.5e-05,0.99345,C
5609,FRASCO VIDRIO TRANSPARENTE 100ML TAPA SPRAY METALIZADA,18.0,1,8.5e-05,0.993535,C
5001,FRASCO GOTERO VIDRIO AMBAR 10ML CON TAPA Y CHUPON tapa azul o negra,18.0,1,8.5e-05,0.99362,C
5453,FRASCO BULLET 120ML C/TAPA ATOMIZADOR TAPA GEL,18.0,1,8.5e-05,0.993705,C
6,MATERIAL MEDICO jeringas de vidrio y de plastico,17.0,1,8e-05,0.993785,C
5555,FRASCO GOTERO INTERNO VIDRIO AMBAR  50ML B18 C/TAPA,16.5,2,7.8e-05,0.993863,C
5461,MATRAZ ERLENMEYER DE VIDRIO BORO 50ML g-,16.0,2,7.6e-05,0.993939,C
6,MATERIAL MEDICO jeringa 20ml,16.0,1,7.6e-05,0.994015,C
5074,FRASCO BULLET 100ML CON TAPA ATOMIZADOR spray,16.0,1,7.6e-05,0.994091,C
5017,POTE CREMERO SIMPLE 60GR CON TAPA Y LAINA 2 doble fondo  5.00 c/u y 4 simples 60ml 1.5c/u,16.0,1,7.6e-05,0.994167,C
5488,FRASCO GOTERO VIDRIO TRANSPARENTE 50ML C/TAPA Y CHUPON,16.0,3,7.6e-05,0.994243,C
5479,PROBADOR PLASTICO NATURAL CON ATOMIZDOR 10ML,15.6,1,7.4e-05,0.994317,C
5480,PROBADOR PLASTICO NATURAL C/GANCHO CON ATOMIZDOR 10ML,15.5,4,7.3e-05,0.99439,C
5364,FRASCO BARRIL 720ML C/TAPA 82,15.3,2,7.2e-05,0.994462,C
5440,GRADILLA DE PLASTICA PARA 90 TUBOS DE ENSAYO 13*100,15.0,1,7.1e-05,0.994533,C
5331,BOTELLA PET TRANSPARENTE 120ML B28 SIN TAPA con tapa spray,15.0,1,7.1e-05,0.994604,C
5303,TUBO DE ENSAYO DE VIDRIO 13*100MM (bx250u) REGATONES DE TAPA,15.0,1,7.1e-05,0.994675,C
5134,POTE CREMERO VIDRIO TRANSPARENTE 50GR C/TAPA METALIZADA Y LAINA 5 rojo 1 verde,15.0,1,7.1e-05,0.994746,C
5478,FRASCO CILINDRO PET TRANSPARENTE 250ML B28 SIN TAPA CON TAPA Y TAPON,15.0,1,7.1e-05,0.994817,C
5575,TUBO DE ENSAYO T/ROSCA 20*150MM - PYREX,15.0,1,7.1e-05,0.994888,C
5222,FRASCO PET AMBAR 120ML B28 C/TAPA GATILLO con tapa espray baja,15.0,1,7.1e-05,0.994959,C
5490,VASO GRADUADO DE PLASTICO 500ML,15.0,2,7.1e-05,0.99503,C
5263,GOTERO PLASTICO BLANCO 7ML C/TAPA Y TAPON N15,14.85,2,7e-05,0.9951,C
5275,SOLO TAPA PRESS N28.,14.2,3,6.7e-05,0.995167,C
5142,FRASCO VIDRIO VERDE 5ML C/TAPA Y TAPON N18,14.1,2,6.7e-05,0.995234,C
5032,PASTILLERO PLASTICO NEGRO 120GR CON TAPA,13.5,4,6.4e-05,0.995298,C
5201,VIAL VIDRIO TRANSPARENTE 20ML B20 C/TAPON BUTILO GRIS N20,13.0,3,6.1e-05,0.995359,C
5541,CUCHARA CON ESPATULA DE ACERO INOXIDABLE 30CM,13.0,1,6.1e-05,0.99542,C
5562,POTE PLASTICO BLANCO 20GR CON TAPA B40,13.0,3,6.1e-05,0.995481,C
5274,GOTERO VIDRIO PAVONADO 30ML B18 TAPA Y CHUPON tapa spray,12.6,1,6e-05,0.995541,C
5340,FRASCO PET COLORES BOSTON 120ML C/TAPA ESPRAY B20 blanco,12.5,1,5.9e-05,0.9956,C
5074,FRASCO BULLET 100ML CON TAPA ATOMIZADOR dispensador,12.5,1,5.9e-05,0.995659,C
5014,POTE CREMERO SIMPLE 30GR CON TAPA Y LAINA blanco,12.5,1,5.9e-05,0.995718,C
5280,POTE PASTILLERO PLASTICO BLANCO 10GR C/TAPA B/20,12.06,2,5.7e-05,0.995775,C
5478,FRASCO CILINDRO PET TRANSPARENTE 250ML B28 SIN TAPA con tapa y tapon,12.0,1,5.7e-05,0.995832,C
5165,FRASCO VIDRIO AMBAR IMPORTADO 500ML TAPA Y TAPON N28 TAPA DISPENSADOR,12.0,1,5.7e-05,0.995889,C
5331,BOTELLA PET TRANSPARENTE 120ML B28 SIN TAPA con tapa minigatillo,12.0,1,5.7e-05,0.995946,C
5584,SOLO TAPA ESPUMERO B28,12.0,3,5.7e-05,0.996003,C
5552,CREMERO SIMPLE 30GR C/ TAPA Y LAINA NEGRO 20gr,12.0,1,5.7e-05,0.99606,C
5380,GOTERO VIDRIO AZUL 50ML C/TAPA Y CHUPON,12.0,2,5.7e-05,0.996117,C
5457,POTE PLASTICO TIPO PROTEINA NEGRO 1KG C/TAPA,12.0,2,5.7e-05,0.996174,C
5284,TAPON IMPORTADO B28,12.0,1,5.7e-05,0.996231,C
5073,FRASCO BULLET 75ML CON TAPA	ATOMIZADOR con tapa mini gatillo negro,12.0,1,5.7e-05,0.996288,C
5203,POTE PLASTICO BLANCO TIPO ANALISIS 120GR C/TAPA CON LAINA,12.0,1,5.7e-05,0.996345,C
5586,ENVASE PEAD BLANCO CILINDRO 350ML,11.8,4,5.6e-05,0.996401,C
5537,FRASCO VIDRIO AMBAR IMPORTADO 100ML C/TAPA Y TAPON INTERNO. TAPA PULVERIZADOR,11.6,2,5.5e-05,0.996456,C
5279,POTE PASTILLERO PLASTICO BLANCO 12GR C/TAPA B/20,11.4,2,5.4e-05,0.99651,C
5463,FRASCO VIDRIO AZUL 20ML B/18 TAPA ESPRAY,11.0,2,5.2e-05,0.996562,C
5330,BOMBA PARA PIPETA una sola entrada,11.0,1,5.2e-05,0.996614,C
5,"ARTICULOS DE FERRETERIA film 9""",11.0,1,5.2e-05,0.996666,C
5040,FRASCO PLASTICO AMBAR 250ML CON TAPA Y TAPON N28 CON TAPA GEL,10.5,1,5e-05,0.996716,C
5335,BOTELLA PET TRANSPARENTE 1LT (37gr) B28 SIN TAPA tapa dispensador egro,10.5,1,5e-05,0.996766,C
5322,FRASCO VIDRIO TRANSPARENTE 100ML PERFUME C/TAPA SPRAY METALIZADO N18 botella gotero 100 con tapa metalizada,10.5,1,5e-05,0.996816,C
5172,FRASCO VIDRIO TRANSPARENTE IMPORTADO 125ML C/TAPA Y TAPON N28 con tapa dispensador,10.5,1,5e-05,0.996866,C
6,MATERIAL MEDICO Litro 70  con tapa gatillo blanco,10.0,1,4.7e-05,0.996913,C
5219,LATA DE ALUMINIO NEGRO 30GR C/TAPA,10.0,2,4.7e-05,0.99696,C
5500,"GRADILLA PARA CRIOVIALES TAPA PRESION (EPPENDORF) 0.5ML, 1.5ML Y 2ML",10.0,1,4.7e-05,0.997007,C
3,BOLSA 16*19 C/ASA *100UND,10.0,1,4.7e-05,0.997054,C
5128,TUBO DE ENSAYO DE VIDRIO CON TAPA ROSCA 16*125-PYREX sin rosca,10.0,1,4.7e-05,0.997101,C
5619,TAPA DISPENSADORA PLASTICO B24,10.0,1,4.7e-05,0.997148,C
5536,FRASCO VIDRIO AMBAR IMPORTADO 60ML C/TAPA Y TAPON INTERNO. CON TAPA DISPENSADOR,10.0,1,4.7e-05,0.997195,C
5443,ASA SIEMBRA 10UL/INOCULADOR CELESTE (BLS*10UND),10.0,1,4.7e-05,0.997242,C
5535,FRASCO VIDRIO AMBAR IMPORTADO 500ML C/TAPA Y TAPON INTERNO. tapa dispensador gel,10.0,1,4.7e-05,0.997289,C
5242,VIAL VIDRIO TRANSPARENTE 50ML N20,10.0,2,4.7e-05,0.997336,C
5227,TAPON BUTILO COLOR GRIS N20,10.0,1,4.7e-05,0.997383,C
5273,GOTERO VIDRIO PAVONADO 10ML B18 TAPA Y CHUPON,9.8,4,4.6e-05,0.997429,C
5339,FRASCO DE VIDRIO AMBAR 200ML BOCA 28 TAPA DISPENSADOR,9.0,1,4.3e-05,0.997472,C
5172,FRASCO VIDRIO TRANSPARENTE IMPORTADO 125ML C/TAPA Y TAPON N28 tapa dispensador y spray,9.0,1,4.3e-05,0.997515,C
5340,FRASCO PET COLORES BOSTON 120ML C/TAPA ESPRAY B20 con tapa dispensador,9.0,1,4.3e-05,0.997558,C
5433,PRECINTO TERMOENCOGIBLE 116MM*500 UND,9.0,2,4.3e-05,0.997601,C
5064,GATILLO PULVERIZADOR 28/410 3 negras y 3 blancas,9.0,1,4.3e-05,0.997644,C
6,MATERIAL MEDICO alcohol 96 litro,9.0,1,4.3e-05,0.997687,C
5431,PRECINTO TERMOENCOGIBLE 138MM * 1000UND,9.0,1,4.3e-05,0.99773,C
5462,BARRA AGITADORA MAGNETICA C200 20*7MM (AGITADOR MAGNETICO),8.5,1,4e-05,0.99777,C
5396,GOTERO PET TRANSPARENTE 30ML C/ TAPA Y CHUPON N18,8.0,1,3.8e-05,0.997808,C
5140,ASA DE SIEMBRA 1 UL/INOCULADOR AZUL (BOLSA 10 UND) MANGO,8.0,1,3.8e-05,0.997846,C
6,MATERIAL MEDICO papel tornasol,8.0,1,3.8e-05,0.997884,C
5007,TAPA DISPENSADORA BLANCO B28MM negrro,8.0,1,3.8e-05,0.997922,C
5462,BARRA AGITADORA MAGNETICA C200 20*7MM (AGITADOR MAGNETICO) PEQUEÑA,8.0,1,3.8e-05,0.99796,C
5290,ALCOHOL PADS ALCOHOL 98 1L,8.0,1,3.8e-05,0.997998,C
5155,FRASCO VIDRIO AMBAR 20ML C/TAPA Y TAPON B18,7.6,3,3.6e-05,0.998034,C
5313,FRASCO PET DE COLORES CILINDRICO 120ML C/TAPA ESPRAY N20 ambar,7.5,1,3.5e-05,0.998069,C
5216,FRASCO PET TRANSPARENTE 60ML C/TAPA Y TAPON N28,7.5,2,3.5e-05,0.998104,C
5297,PET COLORES CILINDRICO 120ML TAPA PRESS N20 CELESTES CON TAPA BLANCA,7.5,1,3.5e-05,0.998139,C
5344,TAPA FLIT TOP B28,7.5,2,3.5e-05,0.998174,C
5563,FRASCO PET AMBAR 60ML CON TAPA Y TAPON B28 TAPA SPRAY,7.5,1,3.5e-05,0.998209,C
5333,BOTELLA PET TRANSPARENTE 250ML B28 C/TAPA Y TAPON con tapa gatillo,7.0,1,3.3e-05,0.998242,C
5568,CEPILLO DE LIMPIEZA PARA PROBETA DE 500ML,7.0,1,3.3e-05,0.998275,C
5172,FRASCO VIDRIO TRANSPARENTE IMPORTADO 125ML C/TAPA Y TAPON N28 tapa spray,7.0,1,3.3e-05,0.998308,C
6,MATERIAL MEDICO JERINGA DE 3,7.0,1,3.3e-05,0.998341,C
5248,FRASCO VIDRIO TRANSPARENTE 100ML C/TAPA Y TAPON B18 TAPA SPRAY,7.0,1,3.3e-05,0.998374,C
5006,FRASCO GOTERO VIDRIO AMBAR 100ML CON TAPA Y CHUPON 1 negro 1 blanco o gris,7.0,1,3.3e-05,0.998407,C
5478,FRASCO CILINDRO PET TRANSPARENTE 250ML B28 SIN TAPA CON TAPA SPRAY,7.0,1,3.3e-05,0.99844,C
5164,FRASCO VIDRIO AMBAR IMPORTADO 250ML TAPA Y TAPON N28 tapa gatillo,7.0,1,3.3e-05,0.998473,C
5040,FRASCO PLASTICO AMBAR 250ML CON TAPA Y TAPON N28 con tapa gatillo,7.0,1,3.3e-05,0.998506,C
5040,FRASCO PLASTICO AMBAR 250ML CON TAPA Y TAPON N28 CON TAPA MINIGATILLO,7.0,1,3.3e-05,0.998539,C
5580,POTE PROTEINA 3.3KG,6.5,1,3.1e-05,0.99857,C
5,ARTICULOS DE FERRETERIA RON DE QUEMAR 500ML,6.0,1,2.8e-05,0.998598,C
5232,BOMBA ATOMIZADORA ACANALADO 20/410 NEGRO,6.0,1,2.8e-05,0.998626,C
6,MATERIAL MEDICO alcohol 500ml,6.0,1,2.8e-05,0.998654,C
5087,VASO PRECIPITADO DE VIDRIO 100 ML (BEAKER) v,6.0,1,2.8e-05,0.998682,C
5064,GATILLO PULVERIZADOR 28/410 blanco,6.0,1,2.8e-05,0.99871,C
6,MATERIAL MEDICO jeringa 10ml,6.0,1,2.8e-05,0.998738,C
5149,FRASCO VIDRIO TRANSPARENTE 10ML C/TAPA Y TAPON N18,6.0,1,2.8e-05,0.998766,C
5,ARTICULOS DE FERRETERIA manguera,6.0,1,2.8e-05,0.998794,C
5483,PLACA PETRI PLASTICO 100*15MM PAQUETE 10 UNIDADES,6.0,1,2.8e-05,0.998822,C
6,MATERIAL MEDICO estiliete,6.0,1,2.8e-05,0.99885,C
5550,GOTERO VIDRIO AMBAR 50ML TAPA METALIZADA DORADA Y CHUPON,6.0,1,2.8e-05,0.998878,C
5132,PLUMON DELGADO INDELEBLE NEGRO,6.0,1,2.8e-05,0.998906,C
5390,FRASCO TUBULAR VIDRIO TRANSPARENTE 3ML T/BAQUELITA N13,6.0,3,2.8e-05,0.998934,C
5478,FRASCO CILINDRO PET TRANSPARENTE 250ML B28 SIN TAPA CON TAPA DISPENSADOR,6.0,1,2.8e-05,0.998962,C
5067,PIPETAS PASTEUR ESTRILES 3ML BX200 5ML,6.0,1,2.8e-05,0.99899,C
5052,FRASCO VIDRIO AMBAR 250ML HOMBRO CAIDO C/TAPA Y TAPON Tapa Spray,5.5,1,2.6e-05,0.999016,C
5567,CEPILLO DE LIMPIEZA PARA PROBETA DE 250ML,5.0,1,2.4e-05,0.99904,C
6,MATERIAL MEDICO estilete,5.0,2,2.4e-05,0.999064,C
5553,FRASCO PET BLANCO 60ML C/TAPA DISPENSADOR N20,5.0,2,2.4e-05,0.999088,C
5313,FRASCO PET DE COLORES CILINDRICO 120ML C/TAPA ESPRAY N20 blanco,5.0,1,2.4e-05,0.999112,C
6,MATERIAL MEDICO agua destiliada,5.0,1,2.4e-05,0.999136,C
5,ARTICULOS DE FERRETERIA embalaje,5.0,1,2.4e-05,0.99916,C
5331,BOTELLA PET TRANSPARENTE 120ML B28 SIN TAPA tapa dispensador,5.0,1,2.4e-05,0.999184,C
5325,POTE VIDRIO AMBAR IMPORTADO 120GR B/38 C/TAPA tapa blanca y tapa negra,5.0,1,2.4e-05,0.999208,C
5222,FRASCO PET AMBAR 120ML B28 C/TAPA GATILLO con tapa atomizador,5.0,1,2.4e-05,0.999232,C
5182,STAPA ESPRAY PLASTICO BLANCO N28 C/SOBRE TAPA ALTA COLOR NEGRO,4.8,1,2.3e-05,0.999255,C
5387,FRASCO VIDRIO ROSADO 10ML C/TAPA ESPRAY N18,4.6,2,2.2e-05,0.999277,C
5586,ENVASE PEAD BLANCO CILINDRO 350ML tapa minigatillop,4.5,1,2.1e-05,0.999298,C
5037,FRASCO PLASTICO NATURAL 1LT CON TAPA Y TAPON N28 gatillo,4.5,1,2.1e-05,0.999319,C
5218,FRASCO PET TRANSPARENTE ALTO 120ML C/TAPA Y TAPON N28,4.5,1,2.1e-05,0.99934,C
5073,FRASCO BULLET 75ML CON TAPA	ATOMIZADOR tapa press,4.0,1,1.9e-05,0.999359,C
5331,BOTELLA PET TRANSPARENTE 120ML B28 SIN TAPA dispensar,4.0,1,1.9e-05,0.999378,C
5163,FRASCO VIDRIO AMBAR 120ML TAPA Y TAPON N28 tapa spray,4.0,1,1.9e-05,0.999397,C
5171,FRASCO VIDRIO TRANSPARENTE 250ML C/TAPA Y TAPON N28 con tapa dispensador,4.0,1,1.9e-05,0.999416,C
6,MATERIAL MEDICO mascarilla,4.0,1,1.9e-05,0.999435,C
5063,FRASCO VIDRIO AMBAR HOMBRO CAIDO 125ML TAPA ESPRAY PISTOLA negro TAPA DISPENSADOR,4.0,1,1.9e-05,0.999454,C
5333,BOTELLA PET TRANSPARENTE 250ML B28 C/TAPA Y TAPON tapa y tapon,4.0,1,1.9e-05,0.999473,C
5613,SOLO TRIGGER MINI GATILLO BLANCO B24,3.6,1,1.7e-05,0.99949,C
5536,FRASCO VIDRIO AMBAR IMPORTADO 60ML C/TAPA Y TAPON INTERNO. TAPA SPRAY,3.6,1,1.7e-05,0.999507,C
5031,PASTILLERO PLASTICO NEGRO 90GR CON TAPA,3.5,2,1.7e-05,0.999524,C
5478,FRASCO CILINDRO PET TRANSPARENTE 250ML B28 SIN TAPA tapa triigger blanco,3.5,1,1.7e-05,0.999541,C
5222,FRASCO PET AMBAR 120ML B28 C/TAPA GATILLO CON TAPA DISPENSAR,3.5,1,1.7e-05,0.999558,C
5478,FRASCO CILINDRO PET TRANSPARENTE 250ML B28 SIN TAPA +trigger,3.5,1,1.7e-05,0.999575,C
5508,FRASCO GOTERO VIDRIO VERDE 50ML C/TAPA Y CHUPON,3.5,1,1.7e-05,0.999592,C
5558,FRASCO PET TRANSPARENTE 200ML CON TAPA SPRAY N24,3.5,1,1.7e-05,0.999609,C
5101,POTE VIDRIO AMBAR IMPORTADO 250GR B45 C/TAPA 300G,3.5,1,1.7e-05,0.999626,C
5478,FRASCO CILINDRO PET TRANSPARENTE 250ML B28 SIN TAPA atomiazdor,3.5,1,1.7e-05,0.999643,C
5586,ENVASE PEAD BLANCO CILINDRO 350ML COLOR AZUL,3.5,1,1.7e-05,0.99966,C
5003,FRASCO GOTERO VIDRIO AMBAR 20ML CON TAPA Y CHUPON AZUL,3.0,1,1.4e-05,0.999674,C
5523,GOTERO VIDRIO AMBAR 15ML B18 C/TAPA Y CHUPON C/SEGURO SOLO PIPETA Y CHUPON,3.0,1,1.4e-05,0.999688,C
5103,TUBO DE ENSAYO DE VIDRIO 12*75MM (PAQ 250UND) plastico,3.0,1,1.4e-05,0.999702,C
5507,FRASCO GOTERO VIDRIO AZUL 100ML C/TAPA Y CHUPON con tapa spray,3.0,1,1.4e-05,0.999716,C
5324,FRASCO BLANCO TIPO LAVABAJILLA 650ML C/TAPA FLIT TOP B28,3.0,1,1.4e-05,0.99973,C
5064,GATILLO PULVERIZADOR 28/410 negro,3.0,1,1.4e-05,0.999744,C
5222,FRASCO PET AMBAR 120ML B28 C/TAPA GATILLO trigger blan,3.0,1,1.4e-05,0.999758,C
5160,FRASCO VIDRIO AMBAR PASTILLERO 30ML C/TAPA Y TAPON B28 con tapa dispensador,3.0,1,1.4e-05,0.999772,C
5172,FRASCO VIDRIO TRANSPARENTE IMPORTADO 125ML C/TAPA Y TAPON N28 con tapa spray,3.0,1,1.4e-05,0.999786,C
5537,FRASCO VIDRIO AMBAR IMPORTADO 100ML C/TAPA Y TAPON INTERNO. TAPA DISPENSADOR,2.7,1,1.3e-05,0.999799,C
5453,FRASCO BULLET 120ML C/TAPA ATOMIZADOR con tapa press,2.5,1,1.2e-05,0.999811,C
6,MATERIAL MEDICO mandil,2.5,1,1.2e-05,0.999823,C
5001,FRASCO GOTERO VIDRIO AMBAR 10ML CON TAPA Y CHUPON tapa dorada,2.5,1,1.2e-05,0.999835,C
5146,FRASCO VIDRIO VERDE 30ML C/TAPA Y TAPON B18,2.0,1,9e-06,0.999844,C
5098,PROBADOR PLASTICO NATURAL FORMA BAJA 5ML CON TAPA ESPRAY 10 ml lapicero,2.0,1,9e-06,0.999853,C
5039,FRASCO PLASTICO AMBAR 120ML CON TAPA Y TAPON N28 TAPA DISPENSADOR,2.0,1,9e-06,0.999862,C
5038,FRASCO PLASTICO AMBAR 60ML CON TAPA Y TAPON N28 tapa spray,2.0,1,9e-06,0.999871,C
5151,FRASCO VIDRIO TRANSPARENTE 20ML C/TAPA Y TAPON N18,2.0,1,9e-06,0.99988,C
6,MATERIAL MEDICO ligadura,2.0,1,9e-06,0.999889,C
5233,BOMBA ATOMIZADORA ACANALADO 20/410 CELESTE,2.0,1,9e-06,0.999898,C
5277,POTE CREMERO DOBLE FONDO 60GR BLANCO C/TAPA Y LAINA NACIONAL DOBLE,2.0,1,9e-06,0.999907,C
5334,BOTELLA PET TRANSPARENTE 500ML B28 SIN TAPA con tapa,2.0,1,9e-06,0.999916,C
5338,TAPA CHUPON BLANCO B28 CHUPON GOTERO BLANCO,2.0,1,9e-06,0.999925,C
5246,GOTERO VIDRIO TRANSPARENTE 10ML C/TAPA Y CHUPON TAPA DORADA,2.0,1,9e-06,0.999934,C
5238,BOMBA ATOMIZADORA ACANALADO N28 410 CELESTE,2.0,1,9e-06,0.999943,C
5074,FRASCO BULLET 100ML CON TAPA ATOMIZADOR TAPA FLITOP,2.0,1,9e-06,0.999952,C
5148,FRASCO VIDRIO TRANSPARENTE 5ML C/TAPA Y TAPON B18,1.5,1,7e-06,0.999959,C
5334,BOTELLA PET TRANSPARENTE 500ML B28 SIN TAPA con tapon,1.5,1,7e-06,0.999966,C
5285,SOLO MINI TRIGGER BLANCO B28 2 gatillo,1.5,1,7e-06,0.999973,C
5598,TAPA PRESS N°24,1.5,1,7e-06,0.99998,C
5241,VIAL VIDRIO TRANSPARENTE 30ML B20,1.5,1,7e-06,0.999987,C
5524,TAPA PRESS N20 N24,1.2,1,6e-06,0.999993,C
5591,BOLSAS ZIPLOC 10*15* (BLS100),1.0,1,5e-06,0.999998,C
6,MATERIAL MEDICO agujas,0.6,1,3e-06,1.000001,C
5213,FRASCO PET TRANSPARENTE ESPUMERO 200ML C/ TAPA Cortesia,0.02,1,0.0,1.000001,C
