product,product_label,leiden_community,connected_component
PRODUCT:5000,FRASCO GOTERO VIDRIO AMBAR 5ML CON TAPA Y CHUPON,6,0
PRODUCT:5001,FRASCO GOTERO VIDRIO AMBAR 10ML CON TAPA Y CHUPON,6,0
PRODUCT:5002,FRASCO GOTERO VIDRIO AMBAR 15ML CON TAPA Y CHUPON,6,0
PRODUCT:5003,FRASCO GOTERO VIDRIO AMBAR 20ML CON TAPA Y CHUPON,6,0
PRODUCT:5004,FRASCO GOTERO VIDRIO AMBAR 30ML CON TAPA Y CHUPON,6,0
PRODUCT:5005,FRASCO GOTERO VIDRIO AMBAR 50ML CON TAPA Y CHUPON,6,0
PRODUCT:5006,FRASCO GOTERO VIDRIO AMBAR 100ML CON TAPA Y CHUPON,6,0
PRODUCT:5007,TAPA DISPENSADORA BLANCO B28MM,1,0
PRODUCT:5008,FRASCO VIDRIO AMBAR IMPORTADO 125ML TAPA ESPRAY BAJA,2,0
PRODUCT:5009,PROBADOR VIDRIO TRASPARENTE 2ML CON TAPA SPRAY,5,0
PRODUCT:5010,PROBADOR VIDRIO TRASPARENTE 3ML CON TAPA SPRAY,5,0
PRODUCT:5011,PROBADOR VIDRIO TRASPARENTE 5ML CON TAPA SPRAY,5,0
PRODUCT:5012,PROBADOR VIDRIO TRASPARENTE 10ML CON TAPA SPRAY,5,0
PRODUCT:5013,FRASCO PARA RIMEL 5ML(9CM X 1CM) CON TAPA,2,0
PRODUCT:5014,POTE CREMERO SIMPLE 30GR CON TAPA Y LAINA,8,0
PRODUCT:5015,POTE PLASTICO 1KG B110 BLANCO C/TAPA,4,0
PRODUCT:5016,FRASCO VIDRIO AMBAR HOMBRO CAIDO 250ML TAPA ESPRAY PISTOLA,2,0
PRODUCT:5017,POTE CREMERO SIMPLE 60GR CON TAPA Y LAINA,8,0
PRODUCT:5018,FRASCO BULLET 30ML CON TAPA ATOMIZADOR,0,0
PRODUCT:5019,FRASCO BULLET 60ML CON TAPA ATOMIZADOR,0,0
PRODUCT:5020,FRASCO ESMALTE 5ML VIDRIO TRANSPARENTE CON BROCHA Y TAPA,3,0
PRODUCT:5021,FRASCO PET TRANSPARENTE ESPUMERO 100ML CON TAPA,0,0
PRODUCT:5022,FRASCO PET TRANSPARENTE ESPUMERO 150ML CON TAPA,0,0
PRODUCT:5023,FRASCO PET TRANSPARENTE 30ML C/TAPA FLIT TOP N18,0,0
PRODUCT:5024,FRASCO PET BLANCO ESPUMERO 150ML CON TAPA,0,0
PRODUCT:5025,PASTILLERO PLASTICO BLANCO 40GR CON TAPA,4,0
PRODUCT:5026,PASTILLERO PLASTICO BLANCO 60GR CON TAPA,4,0
PRODUCT:5027,PASTILLERO PLASTICO BLANCO 90GR CON TAPA,4,0
PRODUCT:5028,PASTILLERO PLASTICO BLANCO 120GR CON TAPA,4,0
PRODUCT:5029,PASTILLERO PLASTICO NEGRO 40GR CON TAPA,4,0
PRODUCT:5030,PASTILLERO PLASTICO NEGRO 60GR CON TAPA,4,0
PRODUCT:5031,PASTILLERO PLASTICO NEGRO 90GR CON TAPA,4,0
PRODUCT:5032,PASTILLERO PLASTICO NEGRO 120GR CON TAPA,4,0
PRODUCT:5033,FRASCO PLASTICO NATURAL 30ML CON TAPON Y TAPA N28,7,0
PRODUCT:5034,FRASCO PLASTICO NATURAL 120ML CON TAPON Y TAPA B/28,7,0
PRODUCT:5035,FRASCO PLASTICO NATURAL 250ML CON TAPON Y TAPA B28MM,7,0
PRODUCT:5036,FRASCO PLASTICO NATURAL 500ML CON TAPON Y TAPA B28MM,7,0
PRODUCT:5037,FRASCO PLASTICO NATURAL 1LT CON TAPA Y TAPON N28,7,0
PRODUCT:5038,FRASCO PLASTICO AMBAR 60ML CON TAPA Y TAPON N28,7,0
PRODUCT:5039,FRASCO PLASTICO AMBAR 120ML CON TAPA Y TAPON N28,7,0
PRODUCT:5040,FRASCO PLASTICO AMBAR 250ML CON TAPA Y TAPON N28,7,0
PRODUCT:5041,FRASCO PLASTICO AMBAR 500ML CON TAPA Y TAPON N28,7,0
PRODUCT:5042,FRASCO PLASTICO AMBAR 1LT CON TAPA Y TAPON N28,7,0
PRODUCT:5043,FRASCO PLASTICO BLANCO 30ML CON TAPA Y TAPON N28,7,0
PRODUCT:5044,FRASCO PLASTICO BLANCO 60ML CON TAPA Y TAPON N28,7,0
PRODUCT:5045,FRASCO PLASTICO BLANCO 120ML CON TAPA Y TAPON N28,7,0
PRODUCT:5046,FRASCO PLASTICO BLANCO 250ML CON TAPA Y TAPON N28,7,0
PRODUCT:5047,FRASCO PLASTICO BLANCO 500ML CON TAPA Y TAPON N28,7,0
PRODUCT:5048,FRASCO PLASTICO BLANCO 1LT CON TAPA Y TAPON N28,7,0
PRODUCT:5049,POTE CREMERO DOBLE FONDO NEGRO IMPORTADO 30GR CON TAPA Y LAINA,8,0
PRODUCT:5050,POTE CREMERO DOBLE FONDO NEGRO IMPORTADO 60ML,8,0
PRODUCT:5051,TAPA DE PLASTICO ROSCA,1,0
PRODUCT:5052,FRASCO VIDRIO AMBAR 250ML HOMBRO CAIDO C/TAPA Y TAPON,2,0
PRODUCT:5053,FRASCO VIDRIO AMBAR IMPORTADO 125ML TAPA PLASTICO ROSCA,2,0
PRODUCT:5054,FRASCO PLASTICO NATURAL 60ML CON TAPA Y TAPON B/28,7,0
PRODUCT:5055,FRASCO VIDRIO AMBAR IMPORTADO 250ML TAPA DISPENSADOR GEL,2,0
PRODUCT:5056,PASTILLERO PVC/CRISTAL N°4 80GR T/ROSCA Blanca,13,1
PRODUCT:5057,PASTILLERO PVC/CRISTAL N°3 50GR TAPA Blanca,13,1
PRODUCT:5058,PASTILLERO ESPECIAL PVC CRISTAL 150GR CON T/ESP,13,1
PRODUCT:5059,POTE PLASTICO PEAD BLANCO 1KG CON TAPA N°97,4,0
PRODUCT:5060,POTE PLASTICO PEAD BLANCO 500GR CON TAPA,4,0
PRODUCT:5061,POTE PLASTICO PEAD BLANCO 250GR CON TAPA Y LAINA,4,0
PRODUCT:5062,POTE PLASTICO PEAD BLANCO 500GR CON TAPA Y LAINA,4,0
PRODUCT:5063,FRASCO VIDRIO AMBAR HOMBRO CAIDO 125ML TAPA ESPRAY PISTOLA negro,2,0
PRODUCT:5064,GATILLO PULVERIZADOR 28/410,1,0
PRODUCT:5065,PISETA 250ML,5,0
PRODUCT:5066,PISETA 500 ML,5,0
PRODUCT:5068,CRIOVIAL C/TAPA ROSCA NO ESTERIL 2ML TAPA BLANCA (BOLSA*500UND),1,0
PRODUCT:5069,PISETA 1LT,4,0
PRODUCT:5070,FRASCO PET TRANSPARENTE 60ML CON TAPA Y TAPON N°28,0,0
PRODUCT:5071,GOTERO PLASTICO 100ML COLOR NATURAL,1,0
PRODUCT:5072,FRASCO YOGURT 1LT BLANCO CON TAPA 38MM,7,0
PRODUCT:5073,FRASCO BULLET 75ML CON TAPA	ATOMIZADOR,0,0
PRODUCT:5074,FRASCO BULLET 100ML CON TAPA ATOMIZADOR,0,0
PRODUCT:5075,POTE PLASTICO 500GR B110MM BLANCO CON TAPA,4,0
PRODUCT:5076,POTE PLASTICO BLANCO 250GR CON TAPA,4,0
PRODUCT:5077,GOTERO PLASTICO X 10ML NATURAL S/P B15MM C/TAPA Y TAPON,1,0
PRODUCT:5078,GOTERO PLASTICO 7ML NATURAL S/P B15MM C/TAPA Y TAPON,1,0
PRODUCT:5079,GOTERO PLASTICO 60ML NATURAL S/P B18MM C/TAPA Y TAPON,1,0
PRODUCT:5080,GOTERO PLASTICO 5ML NATURAL S/P C/TAPA,1,0
PRODUCT:5081,GOTERO PLASTICO 15ML NATURAL S/P C/TAPA,1,0
PRODUCT:5082,GOTERO PLASTICO 30ML NATURAL S/P C/TAPA,1,0
PRODUCT:5083,VASO PRECIPITADO DE VIDRIO 1L (BEAKER),5,0
PRODUCT:5084,VASO PRECIPITADO DE VIDRIO 500 ML (BEAKER),5,0
PRODUCT:5085,VASO PRECIPITADO DE VIDRIO 250 ML (BEAKER) G-,2,0
PRODUCT:5086,VASO PRECIPITADO DE VIDRIO FORMA ALTA 250 ML (BEAKER),2,0
PRODUCT:5087,VASO PRECIPITADO DE VIDRIO 100 ML (BEAKER),2,0
PRODUCT:5088,VASO PRECIPITADO DE VIDRIO 50ML (BEAKER),6,0
PRODUCT:5089,PROBETA DE VIDRIO GRADUADA C/PICO 10 ML,5,0
PRODUCT:5090,PROBETA DE VIDRIO GRADUADA C/PICO 50 ML G-,5,0
PRODUCT:5091,PROBETA DE VIDRIO GRADUADA C/PICO 100 ML,5,0
PRODUCT:5092,PROBETA DE PLASTICO GRADUADA 10 ML,4,0
PRODUCT:5093,PROBETA DE PLASTICO GRADUADA 50 ML,4,0
PRODUCT:5094,PROBETA DE PLASTICO GRADUADA 100 ML,4,0
PRODUCT:5095,PROBETA DE PLASTICO GRADUADA 250 ML,4,0
PRODUCT:5097,BURETA DE VIDRIO GRADUADO DE 25 ML CON LLAVE DE VIDRIO,5,0
PRODUCT:5098,PROBADOR PLASTICO NATURAL FORMA BAJA 5ML CON TAPA ESPRAY,1,0
PRODUCT:5099,PROBADOR PLASTICO 5ML ESPRAY COLORES,1,0
PRODUCT:5101,POTE VIDRIO AMBAR IMPORTADO 250GR B45 C/TAPA,2,0
PRODUCT:5103,TUBO DE ENSAYO DE VIDRIO 12*75MM (PAQ 250UND),9,2
PRODUCT:5105,MATRAZ ERLENMEYER DE VIDRIO 250ML,2,0
PRODUCT:5106,MATRAZ ERLENMEYER DE VIDRIO 500ML,5,0
PRODUCT:5110,PIPETA SEREOLOGICA GRADUADA DE VIDRIO DE 10ML - CITOGLAS,5,0
PRODUCT:5115,POTE CREMERO VIDRIO PAVONADO 30GR CON LAINA Y TAPA,8,0
PRODUCT:5116,FRASCO VIDRIO TRANSPARENTE TUBULAR 15ML CON TAPA BAQUELITA N18,3,0
PRODUCT:5117,FRASCO VIDRIO TRANSPARENTE TUBULAR 10ML CON TAPA BAQUELITA B/20,3,0
PRODUCT:5118,FRASCO VIDRIO TRANSPARENTE TUBULAR 5ML CON TAPA BAQUELITA N20,3,0
PRODUCT:5119,FRASCO PET CAMPANA TRANSPARENTE 500ML B/28 TAPA ESPRAY PISTOLA..,0,0
PRODUCT:5120,FRASCO PET TRANSPARENTE 60ML B/20 C/TAPA DISPENSADOR,0,0
PRODUCT:5121,FRASCO PET TRANSPARENTE 30ML B/20 TAPA DISPENSADOR GEL,0,0
PRODUCT:5122,POTE ACRILICO 10GR C/TAPA ROSCA,14,3
PRODUCT:5123,POTE VIDRIO AMBAR IMPORTADO 1KG C/TAPA,2,0
PRODUCT:5124,POTE VIDRIO AMBAR 500GR IMPORTADO C/TAPA,2,0
PRODUCT:5125,FRASCO PET TRANSPARENTE 120ML CON TAPA ESPRAY N28,0,0
PRODUCT:5128,TUBO DE ENSAYO DE VIDRIO CON TAPA ROSCA 16*125-PYREX,9,2
PRODUCT:5133,CRIOVIAL C/TAPA PRESION DE 1.5ML NO ESTERIL (TUBO EPPENDORF BOLSA*500UND),9,2
PRODUCT:5134,POTE CREMERO VIDRIO TRANSPARENTE 50GR C/TAPA METALIZADA Y LAINA,8,0
PRODUCT:5135,FRASCO ROLL-ON VIDRIO AMBAR 10ML C/TAPON Y TAPA,2,0
PRODUCT:5136,FRASCO MINI PARA AROMATIZADOR VIDRIO 6ML C/TAPA,2,0
PRODUCT:5137,TUBO DE ENSAYO C/TAPA ROSCA 13*100 SIMPLE,9,2
PRODUCT:5138,TUBO CONICO CON TAPA ROSCA DE 50ML NO ESTERIL,9,2
PRODUCT:5142,FRASCO VIDRIO VERDE 5ML C/TAPA Y TAPON N18,3,0
PRODUCT:5143,FRASCO VIDRIO VERDE 10ML C/TAPA Y TAPON N18,3,0
PRODUCT:5144,FRASCO VIDRIO VERDE 15ML C/TAPA Y TAPON N18,3,0
PRODUCT:5145,FRASCO VIDRIO VERDE 20ML C/TAPA Y TAPON N18,3,0
PRODUCT:5146,FRASCO VIDRIO VERDE 30ML C/TAPA Y TAPON B18,3,0
PRODUCT:5147,FRASCO VIDRIO VERDE 50ML C/TAPA Y TAPON B18,3,0
PRODUCT:5148,FRASCO VIDRIO TRANSPARENTE 5ML C/TAPA Y TAPON B18,3,0
PRODUCT:5149,FRASCO VIDRIO TRANSPARENTE 10ML C/TAPA Y TAPON N18,3,0
PRODUCT:5150,FRASCO VIDRIO TRANSPARENTE 15ML C/TAPA Y TAPON N18,3,0
PRODUCT:5151,FRASCO VIDRIO TRANSPARENTE 20ML C/TAPA Y TAPON N18,3,0
PRODUCT:5152,FRASCO VIDRIO AMBAR 5ML C/TAPA Y TAPON B18,2,0
PRODUCT:5153,FRASCO VIDRIO AMBAR 10ML C/TAPA Y TAPON B18,2,0
PRODUCT:5154,FRASCO VIDRIO AMBAR 15ML C/TAPA Y TAPON B18,2,0
PRODUCT:5155,FRASCO VIDRIO AMBAR 20ML C/TAPA Y TAPON B18,2,0
PRODUCT:5156,FRASCO VIDRIO AMBAR 30ML C/TAPA Y TAPON B18,2,0
PRODUCT:5157,FRASCO VIDRIO AMBAR 50ML C/TAPA Y TAPON B18,2,0
PRODUCT:5158,FRASCO VIDRIO AMBAR 100ML C/TAPA Y TAPON B18,2,0
PRODUCT:5159,FRASCO VIDRIO AMBAR 25ML C/TAPA Y TAPON B28,2,0
PRODUCT:5160,FRASCO VIDRIO AMBAR PASTILLERO 30ML C/TAPA Y TAPON B28,2,0
PRODUCT:5161,FRASCO VIDRIO AMBAR 70ML C/TAPA Y TAPON N28,2,0
PRODUCT:5162,FRASCO VIDRIO AMBAR 100ML TAPA Y TAPON N28,2,0
PRODUCT:5163,FRASCO VIDRIO AMBAR 120ML TAPA Y TAPON N28,2,0
PRODUCT:5164,FRASCO VIDRIO AMBAR IMPORTADO 250ML TAPA Y TAPON N28,2,0
PRODUCT:5165,FRASCO VIDRIO AMBAR IMPORTADO 500ML TAPA Y TAPON N28,2,0
PRODUCT:5166,FRASCO VIDRIO AMBAR IMPORTADO 1LT B28 TAPA Y TAPON,2,0
PRODUCT:5167,POTE CREMERO VIDRIO AMBAR 50GR C/TAPA NEGRA Y LAINA,8,0
PRODUCT:5168,POTE CREMERO VIDRIO AMBAR 100GR C/TAPA NEGRA Y LAINA,8,0
PRODUCT:5169,FRASCO VIDRIO TRANSPARENTE 1LT C/TAPA Y TAPON N28,3,0
PRODUCT:5170,FRASCO VIDRIO TRANSPARENTE 500ML C/TAPA Y TAPON N28,3,0
PRODUCT:5171,FRASCO VIDRIO TRANSPARENTE 250ML C/TAPA Y TAPON N28,3,0
PRODUCT:5172,FRASCO VIDRIO TRANSPARENTE IMPORTADO 125ML C/TAPA Y TAPON N28,3,0
PRODUCT:5173,FRASCO VIDRIO TRANSPARENTE 60ML C/TAPA Y TAPON N28,3,0
PRODUCT:5174,FRASCO VIDRIO TRANSPARENTE 250ML C/TAPA DE METAL,0,0
PRODUCT:5175,FRASCO VIDRIO AMBAR IMPORTADO 30ML C/TAPA Y TAPON B28,2,0
PRODUCT:5176,POTE VIDRIO TRANSPARENTE 240GR C/TAPA DE METAL N63 MN,11,4
PRODUCT:5177,POTE VIDRIO TRANSPARENTE 212GR BAJA TAPA METAL N63,11,4
PRODUCT:5178,POTE VIDRIO TRANSPARENTE 200ML C/TAPA METAL N63,11,4
PRODUCT:5179,POTE VIDRIO TRANSPARENTE 100GR C/TAPA METAL N53,11,4
PRODUCT:5180,POTE VIDRIO TRANSPARENTE 30GR C/TAPA METAL N43 MN,11,4
PRODUCT:5181,POTE CREMERO DOBLE FONDO C/ CINTILLO PLATEADO 50GR C/TAPA Y LAINA,8,0
PRODUCT:5182,STAPA ESPRAY PLASTICO BLANCO N28 C/SOBRE TAPA ALTA,1,0
PRODUCT:5183,FRASCO VIDRIO TRANSPARENTE ALTO 50ML PERFUME C/TAPA SPRAY METALIZADO N18,3,0
PRODUCT:5184,FRASCO VIDRIO TRANSPARENTE CUADRADO 50ML PERFUME C/TAPA SPRAY METALIZADO N18,3,0
PRODUCT:5185,FRASCO PLASTICO INSECTICIDA BLANCO 500ML C/TAPA Y TAPON,7,0
PRODUCT:5186,FRASCO PLASTICO INSECTICIDA BLANCO 1LT C/TAPA Y TAPON,7,0
PRODUCT:5188,TUBO DE ENSAYO T/ROSCA 16*150 - PYREX,9,2
PRODUCT:5192,FRASCO PET CAMPANA BLANCO 300ML C/TAPA DISPENSADOR N28..,0,0
PRODUCT:5193,TUBO COLAPSIBLE BLANCO 30ML C/TAPA,7,0
PRODUCT:5194,FRASCO ESMALTE VIDRIO TRANSPARENTE 10ML C/BROCHA Y TAPA,3,0
PRODUCT:5195,TUBO COLAPSIBLE BLANCO 60ML C/TAPA,7,0
PRODUCT:5196,TUBO COLAPSIBLE BLANCO 100ML C/TAPA,7,0
PRODUCT:5197,TUBO COLAPSIBLE BLANCO 120ML C/TAPA,7,0
PRODUCT:5198,POTE CREMERO VIDRIO PAVONADO 15GR CON LAINA Y TAPA,8,0
PRODUCT:5199,TALQUERA PLASTICO 70GR C/TAPA Y REJILLA,4,0
PRODUCT:5200,FRASCO PET BOLON 400ML TRANSPARENTE C/TAPA ESPRAY PISTOLA N28,0,0
PRODUCT:5201,VIAL VIDRIO TRANSPARENTE 20ML B20 C/TAPON BUTILO GRIS N20,10,0
PRODUCT:5202,FRASCO ROLL-ON PAVONADO 10ML C/TAPON Y TAPA,3,0
PRODUCT:5203,POTE PLASTICO BLANCO TIPO ANALISIS 120GR C/TAPA,4,0
PRODUCT:5204,POTE PLASTICO BLANCO TIPO ANALISIS 100GR C/TAPA,4,0
PRODUCT:5205,LATA DE ALUMINIO PLATEADO 15GR C/TAPA,1,0
PRODUCT:5206,LATA DE ALUMINIO PLATEADA 50GR C/TAPA,1,0
PRODUCT:5207,LATA DE ALUMINIO PLATEADA 30GR C/TAPA,1,0
PRODUCT:5208,FRASCO PET TRANSPARENTE 30ML C/TAPA PRESS N20,0,0
PRODUCT:5209,FRASCO PET TRANSPARENTE 120ML B/28 C/TAPA DISPENSADOR GEL,0,0
PRODUCT:5211,PROBETA VIDRIO TRANSPARENTE 250ML,5,0
PRODUCT:5212,FRASCO PET BLANCO ESPUMERO 100ML C/TAPA,0,0
PRODUCT:5213,FRASCO PET TRANSPARENTE ESPUMERO 200ML C/ TAPA,0,0
PRODUCT:5214,FRASCO GOTERO VIDRIO TRANSPARENTE 20ML C/TAPA Y CHUPON,6,0
PRODUCT:5215,LATA DE ALUMINIO NEGRO 15GR C/TAPA,1,0
PRODUCT:5216,FRASCO PET TRANSPARENTE 60ML C/TAPA Y TAPON N28,0,0
PRODUCT:5217,FRASCO PET TRANSPARENTE 120ML TAPA Y TAPON B28,0,0
PRODUCT:5218,FRASCO PET TRANSPARENTE ALTO 120ML C/TAPA Y TAPON N28,0,0
PRODUCT:5219,LATA DE ALUMINIO NEGRO 30GR C/TAPA,1,0
PRODUCT:5220,LATA DE ALUMINIO NEGRO 50GR C/TAPA,1,0
PRODUCT:5221,LATA DE ALUMINIO PLATEADA 100GR C/TAPA,1,0
PRODUCT:5222,FRASCO PET AMBAR 120ML B28 C/TAPA GATILLO,0,0
PRODUCT:5223,PROPIPETA VERDE 10ML,5,0
PRODUCT:5224,VASO VIDRIO BORO GRADUADO 2LT,5,0
PRODUCT:5227,TAPON BUTILO COLOR GRIS N20,10,0
PRODUCT:5228,VIAL VIDRIO TRANSPARENTE 7ML B20 C/TAPA BUTILO COLOR GRIS,10,0
PRODUCT:5229,BOMBA ATOMIZADORA ACANALADO 20 410 BLANCO,1,0
PRODUCT:5230,BOMBA ATOMIZADORA ACANALADO N28 410 FUCSIA,1,0
PRODUCT:5231,BOMBA ATOMIZADORA ACANALADO 20 410 TRANSPARENTE,0,0
PRODUCT:5232,BOMBA ATOMIZADORA ACANALADO 20/410 NEGRO,1,0
PRODUCT:5233,BOMBA ATOMIZADORA ACANALADO 20/410 CELESTE,1,0
PRODUCT:5234,BOMBA ATOMIZADORA ACANALADO N20 410 FUCSIA,1,0
PRODUCT:5235,BOMBA ATOMIZADORA ACANALADO N28 410 BLANCO,1,0
PRODUCT:5236,BOMBA ATOMIZADORA ACANALADO N28 410 TRANSPARENTE,0,0
PRODUCT:5237,BOMBA ATOMIZADORA ACANALADO N28 410 NEGRO,1,0
PRODUCT:5238,BOMBA ATOMIZADORA ACANALADO N28 410 CELESTE,1,0
PRODUCT:5239,VIAL VIDRIO TRANSPARENTE 10ML B20 C/TAPA BUTILO,10,0
PRODUCT:5240,VIAL VIDRIO TRANSPARENTE ALTO 15ML B20,10,0
PRODUCT:5241,VIAL VIDRIO TRANSPARENTE 30ML B20,10,0
PRODUCT:5242,VIAL VIDRIO TRANSPARENTE 50ML N20,10,0
PRODUCT:5243,VIAL VIDRIO TRANSPARENTE 100ML B20,10,0
PRODUCT:5244,VIAL VIDRIO TRANSPARENTE 5ML B20 C/TAPA BUTILO GRIS,10,0
PRODUCT:5245,FRASCO VIDRIO TRANSPARENTE 20ML C/TAPA BAQUELITA N24 Y LAINA SILICONA,3,0
PRODUCT:5246,GOTERO VIDRIO TRANSPARENTE 10ML C/TAPA Y CHUPON,6,0
PRODUCT:5247,FRASCO VIDRIO TRANSPARENTE 30ML C/TAPA Y TAPON N18,3,0
PRODUCT:5248,FRASCO VIDRIO TRANSPARENTE 100ML C/TAPA Y TAPON B18,3,0
PRODUCT:5249,SOLO MINI TRIGGER NEGRO B28,1,0
PRODUCT:5250,TUBO CONICO CON TAPA ROSCA DE 15ML NO ESTERIL,9,2
PRODUCT:5252,GOTERO VIDRIO TRANSPARENTE 100ML C/TAOA Y CHUPON,6,0
PRODUCT:5253,FRASCO PET 1LT TRANSPARENTE C/SPRAY PISTOLA N28,0,0
PRODUCT:5254,POTE ACRILICO 5GR C/TAPA ROSCA,14,3
PRODUCT:5256,TALQUERA PLASTICO 140GR C/TAPA Y REJILLA,4,0
PRODUCT:5257,POTE PET TRANSPARENTE 250GR C/TAPA ROSCA,5,0
PRODUCT:5259,FRASCO DE VIDRIO BOCA ANCHA TAPA AZUL 1L NIU S/20.0,2,0
PRODUCT:5260,FRASCO GOTERO VIDRIO TRANSPARENTE 30ML C/TAPA Y CHUPON,6,0
PRODUCT:5261,GOTER PLASTICO BLANCO 5ML C/TAPA Y TAPON N15,1,0
PRODUCT:5262,GOTERO PLASTICO BLANCO 10ML C/TAPA Y TAPON N15,1,0
PRODUCT:5263,GOTERO PLASTICO BLANCO 7ML C/TAPA Y TAPON N15,1,0
PRODUCT:5264,FRASCO DE  VIDRIO BOCA ANCHA TAPA AZUL 500ML,2,0
PRODUCT:5265,PIPETA SEREOLOGICA GRADUADA VIDRIO 5ML - CITOGLAS,5,0
PRODUCT:5270,PIPETEADOR DE CREMALLERA VERDE (PUMP) 10ML,5,0
PRODUCT:5272,PROBADOR PLASTICO 10ML ESPRAY COLORES,1,0
PRODUCT:5273,GOTERO VIDRIO PAVONADO 10ML B18 TAPA Y CHUPON,6,0
PRODUCT:5274,GOTERO VIDRIO PAVONADO 30ML B18 TAPA Y CHUPON,6,0
PRODUCT:5275,SOLO TAPA PRESS N28.,1,0
PRODUCT:5276,POTE CREMERO DOBLE FONDO BLANCO IMPORTADO 30GR C/TAPA Y LAINA,8,0
PRODUCT:5277,POTE CREMERO DOBLE FONDO 60GR BLANCO C/TAPA Y LAINA NACIONAL,8,0
PRODUCT:5278,POTE PASTILLERO PLASTICO BLANCO 19GR C/TAPA B/20,4,0
PRODUCT:5279,POTE PASTILLERO PLASTICO BLANCO 12GR C/TAPA B/20,4,0
PRODUCT:5280,POTE PASTILLERO PLASTICO BLANCO 10GR C/TAPA B/20,4,0
PRODUCT:5281,GOTERO VIDRIO TRANSPARENTE 5ML C/TAPA Y CHUPON,6,0
PRODUCT:5282,FRASCO GOTERO INTERNO VIDRIO AMBAR B/18 5ML TAPA S.,6,0
PRODUCT:5283,FRASCO GOTERO INTERNO VIDRIO AMBAR 10ML B/18 C/TAPA P.,6,0
PRODUCT:5284,TAPON IMPORTADO B28,1,0
PRODUCT:5285,SOLO MINI TRIGGER BLANCO B28,1,0
PRODUCT:5286,FRASCO PET TRANSPARENTE 250ML C/TAPA SPRAY MINI PISTOLA N24,0,0
PRODUCT:5287,POTE PLASTICO BLANCO TIPO FROTACION 50GR C/TAPA,4,0
PRODUCT:5288,POTE PLASTICO BLANCO TIPO FROTACION 100GR C/TAPA,4,0
PRODUCT:5289,TAPON PLASTICO IMPORTADO N28,1,0
PRODUCT:5291,FRASCO ROLL-ON VIDRIO TRANSPARENTE 3ML C/TAPA Y TAPON,3,0
PRODUCT:5292,FRASCO ROLL-ON VIDRIO TRANSPARENTE 7ML C/TAPA Y TAPON,3,0
PRODUCT:5293,PERFUME VIDRIO TRANSPARENTE CUADRADO 30ML TAPA ESPRAY METALIZADA N18,3,0
PRODUCT:5295,FRASCO PLASTICO NEGRO 350ML C/TAPA ESPRAY MINI PISTOLA N24,7,0
PRODUCT:5296,FRASCO PET NEGRO 250ML C/TAPA ESPRAY MINI PISTOLA N24,0,0
PRODUCT:5297,PET COLORES CILINDRICO 120ML TAPA PRESS N20,0,0
PRODUCT:5298,PROBETA VIDRIO TRANSPARENTE 500ML,5,0
PRODUCT:5299,FRASCO VIDRIO TRANSPARENTE 50ML B18 C/TAPA ESPRAY,3,0
PRODUCT:5300,FRASCO VIDRIO TRANSPARENTE 15ML B18 C/TAPA ESPRAY,3,0
PRODUCT:5302,FRASCO DE VIDRIO BOCA ANCHA TAPA AZUL 250ML,2,0
PRODUCT:5303,TUBO DE ENSAYO DE VIDRIO 13*100MM (bx250u),9,2
PRODUCT:5306,AZUL METILENO 500ML,2,0
PRODUCT:5308,TUVO CONICO TAPA AZUL 50ML C/FALDON,2,0
PRODUCT:5310,FRASCO PET TRANSPARENTE 250ML C/TAPA PRESS N24,0,0
PRODUCT:5311,PROBETA PLASTICO 1L,4,0
PRODUCT:5312,VIDRIO TUBULAR 20ML C/TAPA BAQUELITA N24 Y LAINA CARTON PTFE,3,0
PRODUCT:5313,FRASCO PET DE COLORES CILINDRICO 120ML C/TAPA ESPRAY N20,0,0
PRODUCT:5314,POTE PET TRANSPARENTE 1KG C/TAPA,5,0
PRODUCT:5315,FRASCO PLASTICO INSECTICIDA 125ML C/TAPA Y TAPON,7,0
PRODUCT:5316,GOTERO VIDRIO AMBAR 30ML C/TAPA Y CHUPON C/SEGURO,6,0
PRODUCT:5317,FRASCO PARA GEL 30ML DE CARTERA,0,0
PRODUCT:5318,FRASCO PET BLANCO 60ML C/TAPA PRESS N20,0,0
PRODUCT:5320,POTE VIDRIO AMBAR 200GR B45 C/TAPA,2,0
PRODUCT:5321,BOMBA DISPENSADORA PARA GALONERA 28/410 ACANALADO COLOR BLANCO,1,0
PRODUCT:5322,FRASCO VIDRIO TRANSPARENTE 100ML PERFUME C/TAPA SPRAY METALIZADO N18,3,0
PRODUCT:5323,VASO DOSIFICADOR PLASTICO GRADUADO 15ML,4,0
PRODUCT:5324,FRASCO BLANCO TIPO LAVABAJILLA 650ML C/TAPA FLIT TOP B28,7,0
PRODUCT:5325,POTE VIDRIO AMBAR IMPORTADO 120GR B/38 C/TAPA,2,0
PRODUCT:5327,FRASCO PET 1LT TRANSPARENTE C/TAPA Y TAPON N28.,0,0
PRODUCT:5328,ROLL-ON VIDRIO TRANSPARENTE 50ML C/TAPA BLANCA,3,0
PRODUCT:5329,FRASCO VIDRIO TRANSPARENTE TUBULAR 10ML C/TAPA BAQUELITA B18,3,0
PRODUCT:5331,BOTELLA PET TRANSPARENTE 120ML B28 SIN TAPA,0,0
PRODUCT:5333,BOTELLA PET TRANSPARENTE 250ML B28 C/TAPA Y TAPON,0,0
PRODUCT:5334,BOTELLA PET TRANSPARENTE 500ML B28 SIN TAPA,0,0
PRODUCT:5335,BOTELLA PET TRANSPARENTE 1LT (37gr) B28 SIN TAPA,0,0
PRODUCT:5336,PET CAMPANA TRANSPARENTE 300ML S/T B28..,0,0
PRODUCT:5337,PROBADOR DE VIDRIO 5ML METALIZADO RECARGABLE,5,0
PRODUCT:5338,TAPA CHUPON BLANCO B28,1,0
PRODUCT:5339,FRASCO DE VIDRIO AMBAR 200ML BOCA 28,2,0
PRODUCT:5340,FRASCO PET COLORES BOSTON 120ML C/TAPA ESPRAY B20,0,0
PRODUCT:5342,FRASCO DE VIDRIO BOCA ANCHA TRANSPARENTE TAPA AZUL 100ml,2,0
PRODUCT:5343,FRASCO DE VIDRIO BOCA ANCHA AMBAR TAPA AZUL 100ML,2,0
PRODUCT:5344,TAPA FLIT TOP B28,1,0
PRODUCT:5347,BAGUETA O VARILLA DE VIDRIO 30ML,6,0
PRODUCT:5348,FRASCO DE VIDRIO BOCA ANCHA AMBAR TAPA AZUL 250ML,2,0
PRODUCT:5349,BURETA DE VIDRIO GRADUADO DE 10ML CON LLAVE DE VIDRIO,5,0
PRODUCT:5359,FRASCO VIDRIO TRANSPARENTE 1.7 LT CON T/100,3,0
PRODUCT:5360,POTE VIDRIO TRANSPARENTE 1L C/TAPA 100,5,0
PRODUCT:5361,FRASCO ESPARRAGUERO 370ML C/TAPA 63,0,0
PRODUCT:5365,FRASCO VID TRANSPARENTE 370ML BAJO C/TAPA 77,0,0
PRODUCT:5368,POTE VIDRIO TRANSPARENTE 315ML C/TAPA 63,5,0
PRODUCT:5370,FRASCO VIDRIO TRANSPARENTE ESPARRAGUERO 315ML C/TAPA 63,3,0
PRODUCT:5372,FRASCO VIDRIO TRANSPARENTE 458ML C/TAPA 82,3,0
PRODUCT:5374,TAPA METALICA N82 DORADO,1,0
PRODUCT:5375,TAPA METALICA N82 NEGRO,1,0
PRODUCT:5377,FRASCO VIDRIO AMBAR 50ML B18 TAPA ESPRAY,2,0
PRODUCT:5378,FRASCO VIDRIO AMBAR 15ML B18 TAPA ESPRAY,2,0
PRODUCT:5379,GOTERO VIDRIO AZUL 30ML C/TAPA Y CHUPON,6,0
PRODUCT:5380,GOTERO VIDRIO AZUL 50ML C/TAPA Y CHUPON,6,0
PRODUCT:5381,FRASCO VIDRIO AZUL 50ML B/18 TAPA ESPRAY,3,0
PRODUCT:5383,PROBETA DE PLASTICO GRADUADA PROBETA DE PLASTICO GRADUADA 500 ML,4,0
PRODUCT:5384,VASO DE VIDRIO BORO GRADUADO 10ML,5,0
PRODUCT:5385,VASO GRADUADO DE POLIPROPILENO 100ML,5,0
PRODUCT:5386,VASO GRADUADO DE POLIPROPILENO 250ML-300ML,4,0
PRODUCT:5387,FRASCO VIDRIO ROSADO 10ML C/TAPA ESPRAY N18,3,0
PRODUCT:5388,FRASCO VIDRIO ROSADO 30ML C/TAPA ESPRAY N18,3,0
PRODUCT:5389,PROBADOR VIDRIO 1ML TAPON PLUMILLA,3,0
PRODUCT:5390,FRASCO TUBULAR VIDRIO TRANSPARENTE 3ML T/BAQUELITA N13,3,0
PRODUCT:5391,FRASCO TUBULAR VIDRIO TRANSPARENTE 4ML T/BAQUELITA N13,3,0
PRODUCT:5392,FRASCO TUBULAR VIDRIO TRANSPARENTE 5ML T/BAQUELITA N13,3,0
PRODUCT:5393,FRASCO PET BLANCO 60ML C/TAPA FLIP TOP N20,0,0
PRODUCT:5394,PET TRANSPARENTE 10ML C/GOTERO CHUPON N18,6,0
PRODUCT:5395,GOTERO PET TRANSPARENTE 20ML N18,6,0
PRODUCT:5396,GOTERO PET TRANSPARENTE 30ML C/ TAPA Y CHUPON N18,6,0
PRODUCT:5397,FRASCO VIDRIO AMBAR 20ML B18 C/TAPA ESPRAY,2,0
PRODUCT:5398,FRASCO VIDRIO AMBAR 30ML B18 C/TAPA ESPRAY,2,0
PRODUCT:5400,GOTERO  VIDRIO AMBAR 30ML TAPA METALIZADA DORADA Y CHUPON,6,0
PRODUCT:5401,PROBETA VIDRIO 25ML,5,0
PRODUCT:5402,MATRAZ ERLENMEYER DE VIDRIO BORO 100ML,2,0
PRODUCT:5403,MATRAZ ERLENMEYER DE VIDRIO 1L,5,0
PRODUCT:5404,FRASCO BOCA ANCHA TRANSPARENTE TAPA AZUL 50ML,2,0
PRODUCT:5409,FIOLA VOLUMETRICA GRADUADO DE VIDRIO 1000ML - BOECO,5,0
PRODUCT:5412,PROBETA VIDRIO GRADUADA 1L,5,0
PRODUCT:5414,PET JABONERA 37GR 400ML C/TAPA DISPENSADOR B28,1,0
PRODUCT:5415,BOTELLA PET TRANSPARENTE 30ML B28 C/TAPA,0,0
PRODUCT:5418,FRASCO PERFUME 100ML C/TAPA CHUPON DORADO IMPORTADO,6,0
PRODUCT:5419,GOTERO PLASTICO BLANCO 30ML C/TAPA Y TAPON N15,1,0
PRODUCT:5420,FRASCO PARA RIMEL 4ML C/TAPA (12CM - 1.5CM) INYEC.,2,0
PRODUCT:5421,FRASCO GOTERO VIDRIO VERDE 10ML C/TAPA Y CHUPON,6,0
PRODUCT:5422,FRASCO GOTERO VIDRIO VERDE 30ML C/TAPA Y CHUPON,6,0
PRODUCT:5424,GRADILLA CUBIERTA DE PLASTICO 3*4,4,0
PRODUCT:5425,POTE CREMERO DOBLE FONDO C/ CINTILLO PLATEADO 100GR C/TAPA Y LAINA,8,0
PRODUCT:5427,TAPA GASEOSA B28 NEGRO,1,0
PRODUCT:5428,PET TRANSPARENTE 100ML TAPA DISPENSADOR B20,0,0
PRODUCT:5437,TUBO CONICO C/TAPA ROSCA NO ESTERIL DE 10ML (BLS*100UND),9,2
PRODUCT:5439,GRADILLA DE PLASTICO 60 TUBOS  DE 10 Y/O 15ML,4,0
PRODUCT:5441,TAPA PLASTICA GASEOSA BLANCO,1,0
PRODUCT:5449,FRASCO VIDRIO TRANSPARENTE ALIMENTO 250ML T/63,3,0
PRODUCT:5451,SOLO FRASCO PET CAMPANA 500ML,0,0
PRODUCT:5452,GALONERA NATURAL 4L C/TAPA Y TAPON,1,0
PRODUCT:5453,FRASCO BULLET 120ML C/TAPA ATOMIZADOR,0,0
PRODUCT:5456,POTE PLASTICO TIPO PROTEINA BLANCO 1KG C/TAPA,4,0
PRODUCT:5457,POTE PLASTICO TIPO PROTEINA NEGRO 1KG C/TAPA,4,0
PRODUCT:5461,MATRAZ ERLENMEYER DE VIDRIO BORO 50ML g-,6,0
PRODUCT:5463,FRASCO VIDRIO AZUL 20ML B/18 TAPA ESPRAY,3,0
PRODUCT:5464,BOLSAS ZIPLOC 9*14*  (BLS100),12,5
PRODUCT:5465,BOLSAS ZIPLOC 7*10 (BLS100),12,5
PRODUCT:5466,BOLSAS ZIPLOC 5*8 (BLS100),12,5
PRODUCT:5468,FRASCO VIDRIO AZUL 30ML B/18 TAPA MINIGEL,3,0
PRODUCT:5478,FRASCO CILINDRO PET TRANSPARENTE 250ML B28 SIN TAPA,0,0
PRODUCT:5479,PROBADOR PLASTICO NATURAL CON ATOMIZDOR 10ML,1,0
PRODUCT:5480,PROBADOR PLASTICO NATURAL C/GANCHO CON ATOMIZDOR 10ML,1,0
PRODUCT:5481,ENVASE PEAD BIDON *20LT VERDE C/TAPA Y TAPON,7,0
PRODUCT:5482,FRASCO VIDRIO 85ML T/43 C/TAPA PLASTICO N43 BLANCO,7,0
PRODUCT:5485,GOTERO VIDRIO AZUL 5ML C/TAPA Y CHUPON,6,0
PRODUCT:5488,FRASCO GOTERO VIDRIO TRANSPARENTE 50ML C/TAPA Y CHUPON,6,0
PRODUCT:5489,"GRADILLA MULTIFUNCIONAL PARA TUBOS CONICOS DE 10ML, 15ML Y 50ML",5,0
PRODUCT:5490,VASO GRADUADO DE PLASTICO 500ML,4,0
PRODUCT:5495,FRASCO PLASTICO INSECTICIDA 250ML C/TAPA Y TAPON,7,0
PRODUCT:5496,VASO DE PLASTICO 500ML,4,0
PRODUCT:5498,FRASCO PET AMBAR 120ML C/TAPA Y TAPON N28,0,0
PRODUCT:5499,POTE DOBLE FONDO BLANCO IMPORTADO 60GR C/TAPA Y LAINA,4,0
PRODUCT:5502,VIAL VIDRIO AMBAR 50ML B20,10,0
PRODUCT:5503,PRECINTO DE ALUMINIO PLATEADO #20,1,0
PRODUCT:5504,FRASCO BULLET 250 ML C/TAPA ATOMIZADOR B/24,0,0
PRODUCT:5505,CUCHARA PLASTICO 10GR,4,0
PRODUCT:5506,LAINA PLASTICO N58,4,0
PRODUCT:5507,FRASCO GOTERO VIDRIO AZUL 100ML C/TAPA Y CHUPON,6,0
PRODUCT:5508,FRASCO GOTERO VIDRIO VERDE 50ML C/TAPA Y CHUPON,6,0
PRODUCT:5509,TUBO COLAPSIBLE 30ML NATURAL C/TAPA,7,0
PRODUCT:5510,POTE DOBLE FONDO BLANCO IMPORTADO 120GR C/TAPA Y LAINA,4,0
PRODUCT:5511,POTE PET TRANSPARENTE 750ML C/TAPA,5,0
PRODUCT:5512,FRASCO VIDRIO TRANSPARENTE 370 RECTO P-L T/63,3,0
PRODUCT:5513,TUBO ENSAYO PYREX 13*100 (BX250) 10ml,9,2
PRODUCT:5514,PIPETA SEREOLOGICA GRADUADA VIDRIO 25ML,5,0
PRODUCT:5515,FIOLA DE VIDRIO 250ML,2,0
PRODUCT:5518,FRASCO PET DE COLORES BOSTON 120ML C/TAPA FLIP TOP N20,0,0
PRODUCT:5521,FRASCO DE VIDRIO BOCA ANCHA AMBAR TAPA AZUL 500ML,2,0
PRODUCT:5523,GOTERO VIDRIO AMBAR 15ML B18 C/TAPA Y CHUPON C/SEGURO,6,0
PRODUCT:5524,TAPA PRESS N20,10,0
PRODUCT:5525,PASTILLERO PLASTICO BLANCO 180ML C/TAPA,4,0
PRODUCT:5527,VASO PRECIPITADO DE VIDRIO 25ML (BEAKER),5,0
PRODUCT:5530,GALONERA PLASTICO NATURAL 1L B36 C/TAPA Y TAPON,1,0
PRODUCT:5531,PET TRANSPARENTE 120ML TAPA DISPENSADOR B20,0,0
PRODUCT:5532,PET TRANSPARENTE 75ML TAPA DISPENSADOR B20,0,0
PRODUCT:5533,FRASCO VIDRIO AMBAR IMPORTADO 125ML C/TAPA Y TAPON INTERNO.,2,0
PRODUCT:5534,FRASCO VIDRIO AMBAR IMPORTADO 250ML C/TAPA Y TAPON INTERNO.,2,0
PRODUCT:5535,FRASCO VIDRIO AMBAR IMPORTADO 500ML C/TAPA Y TAPON INTERNO.,2,0
PRODUCT:5536,FRASCO VIDRIO AMBAR IMPORTADO 60ML C/TAPA Y TAPON INTERNO.,2,0
PRODUCT:5537,FRASCO VIDRIO AMBAR IMPORTADO 100ML C/TAPA Y TAPON INTERNO.,2,0
PRODUCT:5538,FRASCO PET AMBAR 120ML B28 C/TAPA DISPENSADOR GEL,0,0
PRODUCT:5539,FRASCO PET AMBAR 120ML B28 C/TAPA TRIGGER,0,0
PRODUCT:5540,FRASCO PET AMBAR 120ML B28 C/TAPA SPRAY,0,0
PRODUCT:5546,FRASCO VIDRIO TRANSPARENTE CUADRADO 50ML C/TAPA Y CHUPON DORADO N18,3,0
PRODUCT:5549,GOTERO VIDRIO AMBAR 100ML TAPA METALIZADA DORADA Y CHUPON,6,0
PRODUCT:5550,GOTERO VIDRIO AMBAR 50ML TAPA METALIZADA DORADA Y CHUPON,6,0
PRODUCT:5551,TAPA FLIP TOP BLANCO N20,1,0
PRODUCT:5552,CREMERO SIMPLE 30GR C/ TAPA Y LAINA NEGRO,8,0
PRODUCT:5553,FRASCO PET BLANCO 60ML C/TAPA DISPENSADOR N20,0,0
PRODUCT:5554,FRASCO PET COLORES BOSTON 120ML C/TAPA DISPENSADOR B20,0,0
PRODUCT:5555,FRASCO GOTERO INTERNO VIDRIO AMBAR  50ML B18 C/TAPA,6,0
PRODUCT:5556,FRASCO GOTERO INTERNO VIDRIO AMBAR 15ML B18 C/TAPA,6,0
PRODUCT:5557,Gotero interno 50ml,6,0
PRODUCT:5558,FRASCO PET TRANSPARENTE 200ML CON TAPA SPRAY N24,0,0
PRODUCT:5559,FRASCO VIDRIO NEGRO 10ML C/TAPA Y TAPON N18,3,0
PRODUCT:5561,FRASCO ESMALTE VIDRIO TRANSPARENTE OVALADO 8ML CON BROCHA Y TAPA,3,0
PRODUCT:5562,POTE PLASTICO BLANCO 20GR CON TAPA B40,4,0
PRODUCT:5563,FRASCO PET AMBAR 60ML CON TAPA Y TAPON B28,0,0
PRODUCT:5564,FRASCO PET BLANCO 60ML C/TAPA SPRAY N20,0,0
PRODUCT:5565,FRASCO DE VIDRIO AMBAR BOCA ANCHA TAPA AZUL 1L,2,0
PRODUCT:5566,CEPILLO DE LIMPIEZA PARA PROBETA DE 100ML,5,0
PRODUCT:5567,CEPILLO DE LIMPIEZA PARA PROBETA DE 250ML,5,0
PRODUCT:5568,CEPILLO DE LIMPIEZA PARA PROBETA DE 500ML,5,0
PRODUCT:5569,FRASCO PEAD PLASTICO AMARILLO CILINDRO 350ML,7,0
PRODUCT:5570,FRASCO PEAD PLASTICO AMARILLO CILINDRO 150ML,7,0
PRODUCT:5571,BOMBA ATOMIZADORA ACANALADO N24/410 NEGRO,1,0
PRODUCT:5573,TAPA PILFER N°28,1,0
PRODUCT:5575,TUBO DE ENSAYO T/ROSCA 20*150MM - PYREX,9,2
PRODUCT:5576,FRASCO VIDRIO AMBAR 5ML B18 TAPA ESPRAY,2,0
PRODUCT:5577,POTE PROTEINA BLANCO 3.3 KG,4,0
PRODUCT:5579,FRASCO ESMALTE VIDRIO TRANSPARENTE 15ML CON BROCHA Y TAPA,3,0
PRODUCT:5580,POTE PROTEINA 3.3KG,4,0
PRODUCT:5581,SOLO TAPA SPRAY MINI PISTOLA NEGRA N20,5,0
PRODUCT:5583,FRASCO PET CAMPANA 300ML BLANCO C/T SPRAY PISTOLA PVE,0,0
PRODUCT:5584,SOLO TAPA ESPUMERO B28,1,0
PRODUCT:5585,FRASCO VIDRIO AZUL 30ML B/18 TAPA ESPRAY,3,0
PRODUCT:5586,ENVASE PEAD BLANCO CILINDRO 350ML,7,0
PRODUCT:5587,VASO DE PLASTICO GRADUADO ALTO RELIEVE 500ML ISOLAB,4,0
PRODUCT:5588,TAPA DISPENSADORA NEGRO B28MM,1,0
PRODUCT:5589,POTE CREMERO BLANCO 25ML PLASTICO,8,0
PRODUCT:5590,FIOLA 1L VIDRIO,5,0
PRODUCT:5591,BOLSAS ZIPLOC 10*15* (BLS100),12,5
PRODUCT:5592,BOLSAS ZIPLOC 4*8 (BLS100),12,5
PRODUCT:5593,FRASCO PET AZUL 250ML C/TAPA DISPENSADORA N24,0,0
PRODUCT:5594,POTE CREMERO SIMPLE C/ CINTILLO PLATEADO 200GR C/TAPA Y LAINA,8,0
PRODUCT:5595,FRASCO GOTERO INTERNO VIDRIO AZUL 10ML B/18 C/TAPA,6,0
PRODUCT:5596,CREMERO DE VIDRIO 50GR PAVONADO,8,0
PRODUCT:5597,POTE DE VIDRIO RECTO TRANPARENTE C/ TAPA METALIZADA 458ML,5,0
PRODUCT:5598,TAPA PRESS N°24,1,0
PRODUCT:5599,POTE PLASTICO BLANCO ALTO 300GR C/TAPA Y LAINA,4,0
PRODUCT:5600,POTE PLASTICO BLANCO 200GR C/TAPA Y LAINA,4,0
PRODUCT:5601,FRASCO PET AMBAR 60ML CON TAPA MINIGATILLO B28,0,0
PRODUCT:5602,PIPETA SEREOLOGICA GRADUADA VIDRIO 2ML,5,0
PRODUCT:5603,PIPETA SEREOLOGICA GRADUADA VIDRIO 3ML,5,0
PRODUCT:5604,SOLO TAPA GOTERO INTERNO Y TAPON N18,6,0
PRODUCT:5605,MATRAZ CON PICO KITAZATO DE VIDRIO 500ML,5,0
PRODUCT:5606,TUBO COLAPSIBLE 100ML BLANCO C/TAPA,7,0
PRODUCT:5607,TUBO PARA BRILLO LABIAL 10ML GLOSS,9,2
PRODUCT:5609,FRASCO VIDRIO TRANSPARENTE 100ML TAPA SPRAY METALIZADA,3,0
PRODUCT:5610,FRASCO LAVAVAJILLA PET 500ML S/TAPA,0,0
PRODUCT:5611,FRASCO PET TRANSPARENTE GATILLO 650ML MOD IP S/TAPA B28,0,0
PRODUCT:5612,PET JABONERA TRANSPARENTE 28GR 400ML S/TAPA B28,0,0
PRODUCT:5613,SOLO TRIGGER MINI GATILLO BLANCO B24,1,0
PRODUCT:5614,BURETA DE VIDRIO C/LLAVE TEFLON 50ML,6,0
PRODUCT:5616,TUBO DE ENSAYO T/ROSCA 20*125 PYREX,9,2
PRODUCT:5618,FRASCO PET AMBAR 250ML C/TAPA DISPENSADORA N24,0,0
PRODUCT:5619,TAPA DISPENSADORA PLASTICO B24,1,0
PRODUCT:6514,GOTERO VIDRIO AMBAR 20ML TAPA METALIZADA DORADA Y CHUPON,6,0
