product_id,product_name,best_supplier,reference_unit_cost,effective_unit_cost,bellman_ford_distance,savings_per_unit,savings_pct,capacity_units,supplier_capacity,purchase_lines,last_purchase,has_negative_edge
0001,utiles de oficina,GRIT LABS S.A.C.,231.6,17.3,-214.3,214.3,0.925302,1.0,11.0,1,2026-03-26,True
0007,"GASTOS ADMINISTRITIVOS, MENAJES Y ONOMASTICOS",SHALOM EMPRESARIAL S.A.C.,150.75,1.0,-149.75,149.75,0.993367,20.0,20.0,1,2025-11-07,True
0008,BOLSA 16*19 C/ASA*100UND,NEGOCIACIONES MANTARI E.I.R.L.,105.25,4.5,-100.75,100.75,0.957245,2.0,300.0,2,2026-04-21,True
5469,BALANZA DIGITAL,CORPORACION PROMELAB E.I.R.L.,28.75,10.0,-18.75,18.75,0.652174,7.0,1250.0,4,2026-03-07,True
5446,PUNTERA DE 100-1000 UL AZUL GRADUADA (BLS *500UND),CORPORACION PROMELAB E.I.R.L.,23.75,7.0,-16.75,16.75,0.705263,2.0,1250.0,4,2026-02-25,True
5103,TUBO DE ENSAYO DE VIDRIO 12*75MM (PAQ 250UND),BIO CHEMICALSS S.A.C.,15.344,0.064,-15.28,15.28,0.995829,250.0,500.0,3,2026-01-21,True
5127,CUCHARA CON ESPATULA DE METAL 20CM,CORPORACION PROMELAB E.I.R.L.,14.5,4.0,-10.5,10.5,0.724138,11.0,1250.0,6,2026-04-16,True
5102,SOPORTE UNIVERSAL C/BASE Y VARILLA PINTADA - INTEK,CORPORACION PROMELAB E.I.R.L.,52.5,45.0,-7.5,7.5,0.142857,1.0,1250.0,2,2025-11-08,True
5590,FIOLA 1L VIDRIO,CORPORACION PROMELAB E.I.R.L.,26.5,20.0,-6.5,6.5,0.245283,2.0,1250.0,2,2026-04-29,True
5111,MECHERO BUNSEN PLOMO,CORPORACION PROMELAB E.I.R.L.,41.25,35.0,-6.25,6.25,0.151515,2.0,1250.0,4,2025-12-04,True
5514,PIPETA SEREOLOGICA GRADUADA VIDRIO 25ML,CORPORACION PROMELAB E.I.R.L.,11.833334,6.0,-5.833334,5.833334,0.492958,2.0,1250.0,3,2026-04-06,True
5409,FIOLA VOLUMETRICA GRADUADO DE VIDRIO 1000ML - BOECO,CORPORACION PROMELAB E.I.R.L.,23.333333,20.0,-3.333333,3.333333,0.142857,5.0,1250.0,3,2026-04-17,True
5516,FIOLA DE VIDRIO 500,CORPORACION PROMELAB E.I.R.L.,18.333333,15.0,-3.333333,3.333333,0.181818,5.0,1250.0,3,2026-03-03,True
5108,EMBUDO DE VIDRIO DE BOROSILICATO DE 100MM,CORPORACION PROMELAB E.I.R.L.,9.055,6.0,-3.055,3.055,0.337383,12.0,1250.0,4,2025-11-04,True
5383,PROBETA DE PLASTICO GRADUADA PROBETA DE PLASTICO GRADUADA 500 ML,IMPORTADORA ANDINA E.I.R.L,11.957,8.914,-3.043,3.043,0.254495,5.0,66.0,1,2025-10-21,True
5311,PROBETA PLASTICO 1L,CORPORACION PROMELAB E.I.R.L.,21.025,18.0,-3.025,3.025,0.143876,10.0,1250.0,10,2026-04-29,True
5211,PROBETA VIDRIO TRANSPARENTE 250ML,MATRAZ PERU E.I.R.L.,17.6,14.7,-2.9,2.9,0.164773,30.0,1697.0,1,2025-11-29,True
5386,VASO GRADUADO DE POLIPROPILENO 250ML-300ML,IMPORTADORA ANDINA E.I.R.L,4.463667,1.862,-2.601667,2.601667,0.582854,20.0,66.0,3,2025-10-02,True
5130,LUNA DE RELOJ DE VIDRIO DE LABORATORIO 100MM G-,MATRAZ PERU E.I.R.L.,5.15,2.8,-2.35,2.35,0.456311,130.0,1697.0,1,2025-11-29,True
5401,PROBETA VIDRIO 25ML,CORPORACION PROMELAB E.I.R.L.,7.34,5.0,-2.34,2.34,0.318801,11.0,1250.0,1,2026-02-20,True
5270,PIPETEADOR DE CREMALLERA VERDE (PUMP) 10ML,CORPORACION PROMELAB E.I.R.L.,15.333333,13.0,-2.333333,2.333333,0.152174,5.0,1250.0,3,2026-04-25,True
5113,TERMOMETRO  DIGITAL DE VASTAGO PARA COCINA DE 15CM,MATRAZ PERU E.I.R.L.,7.75,5.5,-2.25,2.25,0.290323,100.0,1697.0,1,2025-10-06,True
5131,CEPILLO DE LIMPIEZA PARA TUBO DE ENSAYO  13*100MM,CORPORACION PROMELAB E.I.R.L.,2.7,0.6,-2.1,2.1,0.777778,10.0,1250.0,4,2026-02-26,True
5353,FRAGANCIA CHICA FRESA 10ML,INVERSIONES AGO S.A.C.,3.0,1.0,-2.0,2.0,0.666667,25.0,6084.0,2,2025-08-11,True
5354,FRAGANCIA CHICLE 10ML,INVERSIONES AGO S.A.C.,3.0,1.0,-2.0,2.0,0.666667,25.0,6084.0,2,2025-08-11,True
5355,FRAGANCIA CT. PRIMAVERA POETT 10ML,INVERSIONES AGO S.A.C.,3.0,1.0,-2.0,2.0,0.666667,25.0,6084.0,2,2025-08-11,True
5357,FRAGANCIA LIMON EXTREMO 10ML,INVERSIONES AGO S.A.C.,3.0,1.0,-2.0,2.0,0.666667,25.0,6084.0,2,2025-08-11,True
5399,BARRA AGITADORA MAGNETICA C300 30*7.5 MM (AGITADOR MAGNETICO),CORPORACION PROMELAB E.I.R.L.,9.0,7.0,-2.0,2.0,0.222222,14.0,1250.0,3,2026-04-07,True
5351,FRAGANCIA BEBE POETT 10ML,INVERSIONES AGO S.A.C.,2.7,0.9,-1.8,1.8,0.666667,25.0,6084.0,2,2025-08-11,True
5352,FRAGANCIA BRISA MARINA 10ML,INVERSIONES AGO S.A.C.,2.7,0.9,-1.8,1.8,0.666667,25.0,6084.0,2,2025-08-11,True
5356,FRAGANCIA LAVANDA CT POETT 10ML,INVERSIONES AGO S.A.C.,2.7,0.9,-1.8,1.8,0.666667,25.0,6084.0,2,2025-08-11,True
5358,FRAGANCIA MANZANA 10ML,INVERSIONES AGO S.A.C.,2.7,0.9,-1.8,1.8,0.666667,25.0,6084.0,2,2025-08-11,True
5141,LAMINILLA CUBREOBJETO 22*22MM*100UND,CORPORACION PROMELAB E.I.R.L.,3.777778,2.0,-1.777778,1.777778,0.470588,30.0,1250.0,9,2026-04-25,True
5189,MECHERO DE ALCOHOL 150ML,CORPORACION PROMELAB E.I.R.L.,5.677,4.0,-1.677,1.677,0.295403,13.0,1250.0,7,2026-02-10,True
5486,VASO COPLIN PARA 5 LAMINAS VERTICAL,CORPORACION PROMELAB E.I.R.L.,16.666667,15.0,-1.666667,1.666667,0.1,10.0,1250.0,3,2025-11-13,True
5097,BURETA DE VIDRIO GRADUADO DE 25 ML CON LLAVE DE VIDRIO,CORPORACION PROMELAB E.I.R.L.,19.599999,18.0,-1.599999,1.599999,0.081633,2.0,1250.0,5,2026-04-17,True
5091,PROBETA DE VIDRIO GRADUADA C/PICO 100 ML,MATRAZ PERU E.I.R.L.,10.4,8.92,-1.48,1.48,0.142308,30.0,1697.0,2,2025-10-09,True
5095,PROBETA DE PLASTICO GRADUADA 250 ML,CORPORACION PROMELAB E.I.R.L.,9.358916,8.0,-1.358916,1.358916,0.1452,12.0,1250.0,6,2026-01-12,True
5382,TIRAS MEDIDORAS DE PH (CAJA *100UND),CORPORACION PROMELAB E.I.R.L.,9.333333,8.0,-1.333333,1.333333,0.142857,50.0,1250.0,6,2025-12-03,True
5090,PROBETA DE VIDRIO GRADUADA C/PICO 50 ML G-,MATRAZ PERU E.I.R.L.,8.0,6.7,-1.3,1.3,0.1625,100.0,1697.0,1,2025-11-29,True
5083,VASO PRECIPITADO DE VIDRIO 1L (BEAKER),MATRAZ PERU E.I.R.L.,7.866667,6.58,-1.286667,1.286667,0.163559,72.0,1697.0,1,2026-03-04,True
5265,PIPETA SEREOLOGICA GRADUADA VIDRIO 5ML - CITOGLAS,CORPORACION PROMELAB E.I.R.L.,5.285714,4.0,-1.285714,1.285714,0.243243,5.0,1250.0,7,2026-04-17,True
5084,VASO PRECIPITADO DE VIDRIO 500 ML (BEAKER),IMPORTADORA ANDINA E.I.R.L,6.0,4.8,-1.2,1.2,0.2,8.0,66.0,3,2025-09-17,True
5424,GRADILLA CUBIERTA DE PLASTICO 3*4,IMPORTADORA ANDINA E.I.R.L,7.5,6.3232,-1.1768,1.1768,0.156907,25.0,66.0,1,2025-11-26,True
5202,FRASCO ROLL-ON PAVONADO 10ML C/TAPON Y TAPA,ENVIPLAST E.I.R.L.,1.2,0.1,-1.1,1.1,0.916667,50.0,2050.0,3,2025-07-16,True
5461,MATRAZ ERLENMEYER DE VIDRIO BORO 50ML g-,MATRAZ PERU E.I.R.L.,4.31,3.3,-1.01,1.01,0.234339,192.0,1697.0,1,2025-11-29,True
0006,MATERIAL MEDICO,DIMMED S.A.C.,5.0,4.0,-1.0,1.0,0.2,6.0,6.0,1,2026-02-18,True
5100,PINZA PARA TUBO DE ENSAYO DE METAL 11.5CM,CORPORACION PROMELAB E.I.R.L.,6.0,5.0,-1.0,1.0,0.166667,10.0,1250.0,5,2026-04-16,True
5110,PIPETA SEREOLOGICA GRADUADA DE VIDRIO DE 10ML - CITOGLAS,CORPORACION PROMELAB E.I.R.L.,6.0,5.0,-1.0,1.0,0.166667,10.0,1250.0,6,2026-03-27,True
5129,ESPATULA MANGO DE MADERA 20 CM,CORPORACION PROMELAB E.I.R.L.,7.0,6.0,-1.0,1.0,0.142857,2.0,1250.0,2,2025-09-30,True
5301,MORTERO CON PILON DE PORCELANA 90MM,CORPORACION PROMELAB E.I.R.L.,9.5,8.5,-1.0,1.0,0.105263,10.0,1250.0,6,2026-01-03,True
5087,VASO PRECIPITADO DE VIDRIO 100 ML (BEAKER),MATRAZ PERU E.I.R.L.,2.861667,1.9,-0.961667,0.961667,0.336051,96.0,1697.0,3,2025-11-29,True
5522,PLACA PETRI DE VIDRIO 60,MATRAZ PERU E.I.R.L.,2.6,1.7,-0.9,0.9,0.346154,20.0,1697.0,1,2025-11-29,True
5187,EMBUDO VIDRIO 60MM,CORPORACION PROMELAB E.I.R.L.,4.857143,4.0,-0.857143,0.857143,0.176471,12.0,1250.0,7,2025-11-04,True
5348,FRASCO DE VIDRIO BOCA ANCHA AMBAR TAPA AZUL 250ML,CORPORACION PROMELAB E.I.R.L.,4.85,4.0,-0.85,0.85,0.175258,2.0,1250.0,2,2025-09-26,True
5264,FRASCO DE  VIDRIO BOCA ANCHA TAPA AZUL 500ML,CORPORACION PROMELAB E.I.R.L.,7.833333,7.0,-0.833333,0.833333,0.106383,12.0,1250.0,3,2025-10-25,True
5330,BOMBA PARA PIPETA,CORPORACION PROMELAB E.I.R.L.,7.833333,7.0,-0.833333,0.833333,0.106383,6.0,1250.0,6,2026-04-17,True
5109,PINZA DE MADERA PARA TUBO DE ENSAYO,CORPORACION PROMELAB E.I.R.L.,2.8125,2.0,-0.8125,0.8125,0.288889,5.0,1250.0,4,2025-05-30,True
5069,PISETA 1LT,CORPORACION PROMELAB E.I.R.L.,4.789999,4.0,-0.789999,0.789999,0.164927,110.0,1250.0,4,2026-03-13,True
5089,PROBETA DE VIDRIO GRADUADA C/PICO 10 ML,CORPORACION PROMELAB E.I.R.L.,5.75,5.0,-0.75,0.75,0.130435,10.0,1250.0,4,2025-10-15,True
5602,PIPETA SEREOLOGICA GRADUADA VIDRIO 2ML,CORPORACION PROMELAB E.I.R.L.,3.75,3.0,-0.75,0.75,0.2,5.0,1250.0,1,2026-03-27,True
5188,TUBO DE ENSAYO T/ROSCA 16*150 - PYREX,BIO CHEMICALSS S.A.C.,1.447143,0.7,-0.747143,0.747143,0.516288,250.0,500.0,7,2026-04-16,True
5134,POTE CREMERO VIDRIO TRANSPARENTE 50GR C/TAPA METALIZADA Y LAINA,ENVIPLAST E.I.R.L.,1.733334,1.0,-0.733334,0.733334,0.423077,100.0,2050.0,6,2026-03-03,True
5456,POTE PLASTICO TIPO PROTEINA BLANCO 1KG C/TAPA,ESNA MEDIC INVERSIONES S.A.C.,2.925,2.2,-0.725,0.725,0.247863,50.0,3650.0,2,2025-11-25,True
5093,PROBETA DE PLASTICO GRADUADA 50 ML,IMPORTADORA ANDINA E.I.R.L,3.633333,2.94,-0.693333,0.693333,0.190826,2.0,66.0,1,2025-10-03,True
5125,FRASCO PET TRANSPARENTE 120ML CON TAPA ESPRAY N28,ENVIPLAST E.I.R.L.,1.475,0.8,-0.675,0.675,0.457627,50.0,2050.0,4,2025-06-10,True
5139,PAPEL FILTRO RAPIDO X PLIEGO 50*50,CORPORACION PROMELAB E.I.R.L.,1.768182,1.1,-0.668182,0.668182,0.377892,500.0,1250.0,11,2025-12-03,True
5136,FRASCO MINI PARA AROMATIZADOR VIDRIO 6ML C/TAPA,ENVIPLAST E.I.R.L.,1.85,1.2,-0.65,0.65,0.351351,25.0,2050.0,2,2025-06-03,True
5259,FRASCO DE VIDRIO BOCA ANCHA TAPA AZUL 1L NIU S/20.0,CORPORACION PROMELAB E.I.R.L.,9.6,9.0,-0.6,0.6,0.0625,8.0,1250.0,5,2026-02-21,True
5448,PAPEL LENTE 100*150MM WHATMAN TISSUE 105 (CJ *50HJS),CORPORACION PROMELAB E.I.R.L.,5.6,5.0,-0.6,0.6,0.107143,12.0,1250.0,5,2026-04-16,True
5596,CREMERO DE VIDRIO 50GR PAVONADO,ENVIPLAST E.I.R.L.,2.4,1.8,-0.6,0.6,0.25,120.0,2050.0,2,2026-03-31,True
5190,MECHERO DE ALCOHOL 250ML,CORPORACION PROMELAB E.I.R.L.,5.531,5.0,-0.531,0.531,0.096004,5.0,1250.0,5,2026-04-18,True
5368,POTE VIDRIO TRANSPARENTE 315ML C/TAPA 63,ENVASES DEL PERU WILDOR EIRL,0.870266,0.35999,-0.510276,0.510276,0.586345,72.0,823.0,2,2025-09-12,True
5094,PROBETA DE PLASTICO GRADUADA 100 ML,CORPORACION PROMELAB E.I.R.L.,6.5,6.0,-0.5,0.5,0.076923,50.0,1250.0,8,2026-03-04,True
5174,FRASCO VIDRIO TRANSPARENTE 250ML C/TAPA DE METAL,ENVASES DEL PERU WILDOR EIRL,2.1,1.6,-0.5,0.5,0.238095,216.0,823.0,1,2026-03-11,True
5266,ABRAZADERA CRUZADA DE LABORATORIO (DOBLE NUEZ),CORPORACION PROMELAB E.I.R.L.,14.5,14.0,-0.5,0.5,0.034483,1.0,1250.0,1,2025-06-20,True
5269,TERMOMETRO DIGITAL DE VASTAGO PARA COCINA DE 30CM,CORPORACION PROMELAB E.I.R.L.,14.5,14.0,-0.5,0.5,0.034483,5.0,1250.0,2,2025-07-22,True
5339,FRASCO DE VIDRIO AMBAR 200ML BOCA 28,CORPORACION PROMELAB E.I.R.L.,7.5,7.0,-0.5,0.5,0.066667,1.0,1250.0,2,2025-09-30,True
5438,GRADILLA PLASTIFICADA 48 TUBOS NACIONAL,CORPORACION PROMELAB E.I.R.L.,9.5,9.0,-0.5,0.5,0.052632,10.0,1250.0,4,2026-04-14,True
5440,GRADILLA DE PLASTICA PARA 90 TUBOS DE ENSAYO 13*100,CORPORACION PROMELAB E.I.R.L.,9.5,9.0,-0.5,0.5,0.052632,3.0,1250.0,2,2026-01-21,True
5066,PISETA 500 ML,CORPORACION PROMELAB E.I.R.L.,2.759999,2.3,-0.459999,0.459999,0.166666,265.0,1250.0,5,2025-10-30,True
5007,TAPA DISPENSADORA BLANCO B28MM,IMPORTACIONES JIM SAN CHANG SOCIEDAD ANONIMA CERRADA,0.899995,0.455,-0.444995,0.444995,0.494441,1000.0,2000.0,4,2026-04-06,True
5177,POTE VIDRIO TRANSPARENTE 212GR BAJA TAPA METAL N63,ENVASES DEL PERU WILDOR EIRL,1.9179,1.485,-0.4329,0.4329,0.225716,200.0,823.0,3,2026-03-11,True
5342,FRASCO DE VIDRIO BOCA ANCHA TRANSPARENTE TAPA AZUL 100ml,MATRAZ PERU E.I.R.L.,4.48,4.06,-0.42,0.42,0.09375,10.0,1697.0,1,2025-08-13,True
5056,PASTILLERO PVC/CRISTAL N°4 80GR T/ROSCA Blanca,ENVIPLAST E.I.R.L.,2.1625,1.749999,-0.412501,0.412501,0.190752,25.0,2050.0,2,2025-05-23,True
5065,PISETA 250ML,CORPORACION PROMELAB E.I.R.L.,2.299997,1.9,-0.399997,0.399997,0.173912,200.0,1250.0,3,2025-06-20,True
5336,PET CAMPANA TRANSPARENTE 300ML S/T B28..,INVERSIONES AGO S.A.C.,0.81,0.42,-0.39,0.39,0.481481,500.0,6084.0,2,2025-09-27,True
5048,FRASCO PLASTICO BLANCO 1LT CON TAPA Y TAPON N28,COMERCIAL FERRETERA SARASARA S.A.C.,1.58,1.2,-0.38,0.38,0.240506,50.0,4424.0,4,2026-01-30,True
5105,MATRAZ ERLENMEYER DE VIDRIO 250ML,CORPORACION PROMELAB E.I.R.L.,7.375,7.0,-0.375,0.375,0.050847,6.0,1250.0,8,2025-11-04,True
5123,POTE VIDRIO AMBAR IMPORTADO 1KG C/TAPA,ENVIPLAST E.I.R.L.,6.333333,6.0,-0.333333,0.333333,0.052632,36.0,2050.0,3,2026-04-09,True
5472,PAPEL FILTRO WHATMAN N41 DIAM 125MM (CJ100),CORPORACION PROMELAB E.I.R.L.,17.333333,17.0,-0.333333,0.333333,0.019231,2.0,1250.0,3,2026-01-12,True
5249,SOLO MINI TRIGGER NEGRO B28,INVERSIONES AGO S.A.C.,0.9,0.58,-0.32,0.32,0.355556,1000.0,6084.0,3,2026-01-08,True
5028,PASTILLERO PLASTICO BLANCO 120GR CON TAPA,ENVIPLAST E.I.R.L.,1.1,0.8,-0.3,0.3,0.272727,500.0,2050.0,3,2025-07-07,True
5032,PASTILLERO PLASTICO NEGRO 120GR CON TAPA,ENVIPLAST E.I.R.L.,1.1,0.8,-0.3,0.3,0.272727,25.0,2050.0,1,2025-05-17,True
5347,BAGUETA O VARILLA DE VIDRIO 30ML,CORPORACION PROMELAB E.I.R.L.,3.285714,3.0,-0.285714,0.285714,0.086956,10.0,1250.0,7,2026-01-12,True
5275,SOLO TAPA PRESS N28.,IMPORTACIONES JIM SAN CHANG SOCIEDAD ANONIMA CERRADA,0.52056,0.24112,-0.27944,0.27944,0.536807,500.0,2000.0,1,2026-02-26,True
5096,PLACA PETRI DE PLASTICO 90*15,CORPORACION PROMELAB E.I.R.L.,0.495714,0.22,-0.275714,0.275714,0.556196,1000.0,1250.0,7,2026-04-06,True
5343,FRASCO DE VIDRIO BOCA ANCHA AMBAR TAPA AZUL 100ML,MATRAZ PERU E.I.R.L.,4.475,4.2,-0.275,0.275,0.061453,59.0,1697.0,1,2025-11-29,True
5031,PASTILLERO PLASTICO NEGRO 90GR CON TAPA,ENVIPLAST E.I.R.L.,0.99,0.72,-0.27,0.27,0.272727,25.0,2050.0,1,2025-05-17,True
5088,VASO PRECIPITADO DE VIDRIO 50ML (BEAKER),MATRAZ PERU E.I.R.L.,1.763333,1.5,-0.263333,0.263333,0.149338,192.0,1697.0,3,2025-11-29,True
5019,FRASCO BULLET 60ML CON TAPA ATOMIZADOR,INVERSIONES AGO S.A.C.,0.963,0.7,-0.263,0.263,0.273105,1000.0,6084.0,1,2025-11-19,True
5085,VASO PRECIPITADO DE VIDRIO 250 ML (BEAKER) G-,MATRAZ PERU E.I.R.L.,2.856,2.6,-0.256,0.256,0.089636,144.0,1697.0,1,2025-11-29,True
5029,PASTILLERO PLASTICO NEGRO 40GR CON TAPA,ENVIPLAST E.I.R.L.,0.87,0.62,-0.25,0.25,0.287356,25.0,2050.0,1,2025-06-11,True
5124,POTE VIDRIO AMBAR 500GR IMPORTADO C/TAPA,ENVIPLAST E.I.R.L.,3.95,3.7,-0.25,0.25,0.063291,25.0,2050.0,3,2026-03-21,True
5408,FIOLA VOLUMETRICA C/PICO 100ML,CORPORACION PROMELAB E.I.R.L.,7.25,7.0,-0.25,0.25,0.034483,10.0,1250.0,4,2026-04-29,True
5039,FRASCO PLASTICO AMBAR 120ML CON TAPA Y TAPON N28,ENVIPLAST E.I.R.L.,0.657999,0.419997,-0.238002,0.238002,0.361705,100.0,2050.0,5,2026-03-04,True
5043,FRASCO PLASTICO BLANCO 30ML CON TAPA Y TAPON N28,ENVIPLAST E.I.R.L.,0.605,0.37,-0.235,0.235,0.38843,25.0,2050.0,1,2025-07-04,True
5101,POTE VIDRIO AMBAR IMPORTADO 250GR B45 C/TAPA,ENVIPLAST E.I.R.L.,2.033333,1.8,-0.233333,0.233333,0.114754,50.0,2050.0,3,2025-06-02,True
5228,VIAL VIDRIO TRANSPARENTE 7ML B20 C/TAPA BUTILO COLOR GRIS,ENVIPLAST E.I.R.L.,0.558334,0.35,-0.208334,0.208334,0.373135,50.0,2050.0,2,2025-06-10,True
5018,FRASCO BULLET 30ML CON TAPA ATOMIZADOR,INVERSIONES AGO S.A.C.,0.8,0.6,-0.2,0.2,0.25,1000.0,6084.0,1,2025-11-19,True
5107,LAMINA PORTAOBJETO 7101 (PAQ. 50UND),CORPORACION PROMELAB E.I.R.L.,2.7,2.5,-0.2,0.2,0.074074,26.0,1250.0,10,2026-04-16,True
5277,POTE CREMERO DOBLE FONDO 60GR BLANCO C/TAPA Y LAINA NACIONAL,ENVIPLAST E.I.R.L.,1.5,1.3,-0.2,0.2,0.133333,25.0,2050.0,2,2025-08-23,True
5004,FRASCO GOTERO VIDRIO AMBAR 30ML CON TAPA Y CHUPON,CORPORACION PROMELAB E.I.R.L.,1.199999,1.0,-0.199999,0.199999,0.166666,110.0,1250.0,9,2026-01-26,True
5423,PLACA PETRI DE VIDRIO 100*15,CORPORACION PROMELAB E.I.R.L.,4.983334,4.8,-0.183334,0.183334,0.036789,70.0,1250.0,6,2026-04-13,True
5035,FRASCO PLASTICO NATURAL 250ML CON TAPON Y TAPA B28MM,GENPLAST S.A.C.,0.77,0.59,-0.18,0.18,0.233766,500.0,9200.0,1,2025-04-14,True
5488,FRASCO GOTERO VIDRIO TRANSPARENTE 50ML C/TAPA Y CHUPON,ESNA MEDIC INVERSIONES S.A.C.,1.575,1.4,-0.175,0.175,0.111111,50.0,3650.0,1,2025-11-11,True
5172,FRASCO VIDRIO TRANSPARENTE IMPORTADO 125ML C/TAPA Y TAPON N28,ENVIPLAST E.I.R.L.,1.366667,1.2,-0.166667,0.166667,0.121951,50.0,2050.0,6,2026-03-09,True
5192,FRASCO PET CAMPANA BLANCO 300ML C/TAPA DISPENSADOR N28..,ENVIPLAST E.I.R.L.,1.966667,1.8,-0.166667,0.166667,0.084746,30.0,2050.0,3,2025-07-11,True
5135,FRASCO ROLL-ON VIDRIO AMBAR 10ML C/TAPON Y TAPA,ENVIPLAST E.I.R.L.,1.166666,1.0,-0.166666,0.166666,0.142857,50.0,2050.0,3,2025-07-09,True
5015,POTE VIDRIO TRANSPARENTE 100GR CON TAPA DE METAL N53POTE PLASTICO 1KG B110 BLANCO C/TAPA,QUESITO SA,0.9357,0.7714,-0.1643,0.1643,0.17559,25.0,850.0,1,2025-03-12,True
5402,MATRAZ ERLENMEYER DE VIDRIO BORO 100ML,CORPORACION PROMELAB E.I.R.L.,4.763333,4.6,-0.163334,0.163334,0.03429,13.0,1250.0,3,2026-04-17,True
5148,FRASCO VIDRIO TRANSPARENTE 5ML C/TAPA Y TAPON B18,ENVIPLAST E.I.R.L.,0.85,0.7,-0.15,0.15,0.176471,25.0,2050.0,2,2025-05-22,True
5494,CEPILLO DE LIMPIEZA PARA TUBO DE ENSAYO 16*150MM,CRISTOFER IMPORT EIRL,2.35,2.2,-0.15,0.15,0.06383,10.0,300.0,1,2025-10-20,True
5064,GATILLO PULVERIZADOR 28/410,IMPORTACIONES JIM SAN CHANG SOCIEDAD ANONIMA CERRADA,0.680975,0.536,-0.144975,0.144975,0.212893,500.0,2000.0,3,2026-02-18,True
5037,FRASCO PLASTICO NATURAL 1LT CON TAPA Y TAPON N28,INVERSIONES AGO S.A.C.,1.051498,0.915011,-0.136487,0.136487,0.129802,435.0,6084.0,1,2025-12-26,True
5021,FRASCO PET TRANSPARENTE ESPUMERO 100ML CON TAPA,ENVIPLAST E.I.R.L.,2.633333,2.5,-0.133333,0.133333,0.050633,100.0,2050.0,3,2026-03-31,True
5224,VASO VIDRIO BORO GRADUADO 2LT,MATRAZ PERU E.I.R.L.,22.125,22.0,-0.125,0.125,0.00565,6.0,1697.0,2,2025-08-29,True
5054,FRASCO PLASTICO NATURAL 60ML CON TAPA Y TAPON B/28,GENPLAST S.A.C.,0.45,0.3304,-0.1196,0.1196,0.265778,500.0,9200.0,2,2025-04-29,True
5045,FRASCO PLASTICO BLANCO 120ML CON TAPA Y TAPON N28,ENVIPLAST E.I.R.L.,0.485,0.37,-0.115,0.115,0.237113,200.0,2050.0,3,2026-02-25,True
5122,POTE ACRILICO 10GR C/TAPA ROSCA,ENVIPLAST E.I.R.L.,1.111111,1.0,-0.111111,0.111111,0.1,1000.0,2050.0,9,2025-09-02,True
5053,FRASCO VIDRIO AMBAR IMPORTADO 125ML TAPA PLASTICO ROSCAFRASCO VIDRIO AMBAR IMPORTADO 125ML TAPA PLASTICO ROSCA,QUESITO SA,1.1,1.0,-0.1,0.1,0.090909,21.0,850.0,1,2025-03-12,True
5144,FRASCO VIDRIO VERDE 15ML C/TAPA Y TAPON N18,ENVIPLAST E.I.R.L.,1.1,1.0,-0.1,0.1,0.090909,25.0,2050.0,2,2025-06-02,True
5146,FRASCO VIDRIO VERDE 30ML C/TAPA Y TAPON B18,ENVIPLAST E.I.R.L.,1.1,1.0,-0.1,0.1,0.090909,26.0,2050.0,2,2025-06-09,True
5150,FRASCO VIDRIO TRANSPARENTE 15ML C/TAPA Y TAPON N18,ENVIPLAST E.I.R.L.,0.9,0.8,-0.1,0.1,0.111111,25.0,2050.0,2,2025-06-02,True
5160,FRASCO VIDRIO AMBAR PASTILLERO 30ML C/TAPA Y TAPON B28,ENVIPLAST E.I.R.L.,1.1,1.0,-0.1,0.1,0.090909,25.0,2050.0,2,2025-06-02,True
5169,FRASCO VIDRIO TRANSPARENTE 1LT C/TAPA Y TAPON N28,ENVIPLAST E.I.R.L.,4.6,4.5,-0.1,0.1,0.021739,25.0,2050.0,2,2025-06-20,True
5170,FRASCO VIDRIO TRANSPARENTE 500ML C/TAPA Y TAPON N28,ENVIPLAST E.I.R.L.,2.3,2.2,-0.1,0.1,0.043478,25.0,2050.0,2,2025-06-20,True
5175,FRASCO VIDRIO AMBAR IMPORTADO 30ML C/TAPA Y TAPON B28,ENVIPLAST E.I.R.L.,1.2,1.1,-0.1,0.1,0.083333,50.0,2050.0,2,2025-07-04,True
5176,POTE VIDRIO TRANSPARENTE 240GR C/TAPA DE METAL N63 MN,ENVIPLAST E.I.R.L.,1.4,1.3,-0.1,0.1,0.071429,90.0,2050.0,2,2025-07-12,True
5196,TUBO COLAPSIBLE BLANCO 100ML C/TAPA,COMERCIAL FERRETERA SARASARA S.A.C.,1.7,1.6,-0.1,0.1,0.058824,1080.0,4424.0,2,2026-02-03,True
5312,VIDRIO TUBULAR 20ML C/TAPA BAQUELITA N24 Y LAINA CARTON PTFE,COMERCIAL FERRETERA SARASARA S.A.C.,1.2,1.1,-0.1,0.1,0.083333,1000.0,4424.0,1,2025-12-15,True
5498,FRASCO PET AMBAR 120ML C/TAPA Y TAPON N28,MULTIGLASS & PLASTIC E.I.R.L.,0.8,0.7,-0.1,0.1,0.125,100.0,2350.0,2,2026-04-15,True
5563,FRASCO PET AMBAR 60ML CON TAPA Y TAPON B28,MULTIGLASS & PLASTIC E.I.R.L.,0.735,0.65,-0.085,0.085,0.115646,100.0,2350.0,1,2026-03-05,True
5074,FRASCO BULLET 100ML CON TAPA ATOMIZADOR,INVERSIONES AGO S.A.C.,0.8845,0.8,-0.0845,0.0845,0.095534,1000.0,6084.0,2,2025-11-19,True
5276,POTE CREMERO DOBLE FONDO BLANCO IMPORTADO 30GR C/TAPA Y LAINA,ENVIPLAST E.I.R.L.,1.925,1.85,-0.075,0.075,0.038961,100.0,2050.0,2,2025-08-25,True
5178,POTE VIDRIO TRANSPARENTE 200ML C/TAPA METAL N63,ENVIPLAST E.I.R.L.,1.17,1.1,-0.07,0.07,0.059829,500.0,2050.0,5,2025-07-21,True
5159,FRASCO VIDRIO AMBAR 25ML C/TAPA Y TAPON B28,ENVIPLAST E.I.R.L.,1.166667,1.1,-0.066667,0.066667,0.057143,200.0,2050.0,3,2025-06-20,True
5077,GOTERO PLASTICO X 10ML NATURAL S/P B15MM C/TAPA Y TAPON,GENPLAST S.A.C.,0.3,0.236,-0.064,0.064,0.213333,500.0,9200.0,1,2025-04-14,True
5059,POTE PLASTICO PEAD BLANCO 1KG CON TAPA N°97,ENVIPLAST E.I.R.L.,2.061991,1.999982,-0.062009,0.062009,0.030072,25.0,2050.0,1,2025-03-19,True
5138,TUBO CONICO CON TAPA ROSCA DE 50ML NO ESTERIL,CORPORACION PROMELAB E.I.R.L.,0.56,0.5,-0.06,0.06,0.107143,750.0,1250.0,5,2025-11-20,True
5385,VASO GRADUADO DE POLIPROPILENO 100ML,CORPORACION PROMELAB E.I.R.L.,1.55765,1.5,-0.05765,0.05765,0.037011,1.0,1250.0,1,2025-11-24,True
5005,FRASCO GOTERO VIDRIO AMBAR 50ML CON TAPA Y CHUPON,ENVIPLAST E.I.R.L.,1.45,1.4,-0.05,0.05,0.034483,205.0,2050.0,7,2026-03-28,True
5042,FRASCO PLASTICO AMBAR 1LT CON TAPA Y TAPON N28,ENVIPLAST E.I.R.L.,1.15,1.1,-0.05,0.05,0.043478,30.0,2050.0,2,2025-06-27,True
5142,FRASCO VIDRIO VERDE 5ML C/TAPA Y TAPON N18,ENVIPLAST E.I.R.L.,1.05,1.0,-0.05,0.05,0.047619,25.0,2050.0,2,2025-05-22,True
5152,FRASCO VIDRIO AMBAR 5ML C/TAPA Y TAPON B18,COMERCIAL FERRETERA SARASARA S.A.C.,0.65,0.6,-0.05,0.05,0.076923,100.0,4424.0,2,2026-01-01,True
5156,FRASCO VIDRIO AMBAR 30ML C/TAPA Y TAPON B18,ENVIPLAST E.I.R.L.,0.75,0.7,-0.05,0.05,0.066667,30.0,2050.0,2,2025-08-19,True
5158,FRASCO VIDRIO AMBAR 100ML C/TAPA Y TAPON B18,COMERCIAL FERRETERA SARASARA S.A.C.,1.15,1.1,-0.05,0.05,0.043478,100.0,4424.0,2,2026-01-17,True
5166,FRASCO VIDRIO AMBAR IMPORTADO 1LT B28 TAPA Y TAPON,ENVIPLAST E.I.R.L.,6.05,6.0,-0.05,0.05,0.008264,50.0,2050.0,4,2026-04-09,True
5171,FRASCO VIDRIO TRANSPARENTE 250ML C/TAPA Y TAPON N28,ENVIPLAST E.I.R.L.,1.75,1.7,-0.05,0.05,0.028571,50.0,2050.0,4,2026-04-10,True
5201,VIAL VIDRIO TRANSPARENTE 20ML B20 C/TAPON BUTILO GRIS N20,ENVIPLAST E.I.R.L.,0.65,0.6,-0.05,0.05,0.076923,50.0,2050.0,2,2026-03-21,True
5219,LATA DE ALUMINIO NEGRO 30GR C/TAPA,ENVIPLAST E.I.R.L.,1.55,1.5,-0.05,0.05,0.032258,50.0,2050.0,2,2026-03-10,True
5220,LATA DE ALUMINIO NEGRO 50GR C/TAPA,ENVIPLAST E.I.R.L.,1.65,1.6,-0.05,0.05,0.030303,50.0,2050.0,2,2026-03-10,True
5239,VIAL VIDRIO TRANSPARENTE 10ML B20 C/TAPA BUTILO,COMERCIAL FERRETERA SARASARA S.A.C.,0.4,0.35,-0.05,0.05,0.125,150.0,4424.0,5,2026-01-28,True
5244,VIAL VIDRIO TRANSPARENTE 5ML B20 C/TAPA BUTILO GRIS,ENVIPLAST E.I.R.L.,0.4,0.35,-0.05,0.05,0.125,30.0,2050.0,1,2025-06-10,True
5379,GOTERO VIDRIO AZUL 30ML C/TAPA Y CHUPON,ENVIPLAST E.I.R.L.,1.35,1.3,-0.05,0.05,0.037037,25.0,2050.0,1,2025-08-18,True
5062,POTE PLASTICO PEAD BLANCO 500GR CON TAPA Y LAINA,VIPLASTIC S.A.C.,1.849999,1.8,-0.049999,0.049999,0.027027,25.0,250.0,1,2025-09-08,True
5078,GOTERO PLASTICO 7ML NATURAL S/P B15MM C/TAPA Y TAPON,GENPLAST S.A.C.,0.2562,0.2124,-0.0438,0.0438,0.17096,500.0,9200.0,1,2025-04-14,True
5034,FRASCO PLASTICO NATURAL 120ML CON TAPON Y TAPA B/28,ENVIPLAST E.I.R.L.,0.372498,0.33,-0.042498,0.042498,0.114089,250.0,2050.0,4,2026-04-16,True
5250,TUBO CONICO CON TAPA ROSCA DE 15ML NO ESTERIL,CORPORACION PROMELAB E.I.R.L.,0.2875,0.25,-0.0375,0.0375,0.130435,500.0,1250.0,4,2026-01-22,True
5154,FRASCO VIDRIO AMBAR 15ML C/TAPA Y TAPON B18,ENVIPLAST E.I.R.L.,0.683334,0.65,-0.033334,0.033334,0.048781,156.0,2050.0,3,2025-06-24,True
5173,FRASCO VIDRIO TRANSPARENTE 60ML C/TAPA Y TAPON N28,ENVIPLAST E.I.R.L.,0.933334,0.9,-0.033334,0.033334,0.035715,100.0,2050.0,3,2026-03-06,True
5082,GOTERO PLASTICO 30ML NATURAL S/P C/TAPA,GENPLAST S.A.C.,0.268,0.236,-0.032,0.032,0.119403,500.0,9200.0,1,2025-04-29,True
5195,TUBO COLAPSIBLE BLANCO 60ML C/TAPA,ENVIPLAST E.I.R.L.,1.528571,1.5,-0.028571,0.028571,0.018691,100.0,2050.0,7,2026-03-07,True
5512,FRASCO VIDRIO TRANSPARENTE 370 RECTO P-L T/63,ENVASES DEL PERU WILDOR EIRL,1.590278,1.566667,-0.023611,0.023611,0.014847,360.0,823.0,2,2025-11-24,True
5235,BOMBA ATOMIZADORA ACANALADO N28 410 BLANCO,IMPORTACIONES JIM SAN CHANG SOCIEDAD ANONIMA CERRADA,0.336458,0.31375,-0.022708,0.022708,0.067491,1200.0,2000.0,2,2026-03-04,True
5067,PIPETAS PASTEUR ESTRILES 3ML BX200,CORPORACION PROMELAB E.I.R.L.,0.171429,0.15,-0.021429,0.021429,0.125002,400.0,1250.0,7,2026-04-11,True
5044,FRASCO PLASTICO BLANCO 60ML CON TAPA Y TAPON N28,ENVIPLAST E.I.R.L.,0.38,0.359994,-0.020006,0.020006,0.052647,130.0,2050.0,2,2025-05-28,True
5164,FRASCO VIDRIO AMBAR IMPORTADO 250ML TAPA Y TAPON N28,ENVIPLAST E.I.R.L.,2.02,2.0,-0.02,0.02,0.009901,30.0,2050.0,5,2026-04-10,True
5415,BOTELLA PET TRANSPARENTE 30ML B28 C/TAPA,INVERSIONES AGO S.A.C.,0.338333,0.32,-0.018333,0.018333,0.054186,1220.0,6084.0,3,2026-02-26,True
5036,FRASCO PLASTICO NATURAL 500ML CON TAPON Y TAPA B28MM,ENVIPLAST E.I.R.L.,0.818,0.8,-0.018,0.018,0.022005,200.0,2050.0,3,2026-03-04,True
5366,FRASCO COLMENA 746 C/TAPA 77,ENVASES DEL PERU WILDOR EIRL,3.764254,3.74638,-0.017874,0.017874,0.004748,128.0,823.0,3,2026-03-11,True
5161,FRASCO VIDRIO AMBAR 70ML C/TAPA Y TAPON N28,ENVIPLAST E.I.R.L.,1.216667,1.2,-0.016667,0.016667,0.013699,50.0,2050.0,6,2025-09-03,True
5237,BOMBA ATOMIZADORA ACANALADO N28 410 NEGRO,IMPORTACIONES JIM SAN CHANG SOCIEDAD ANONIMA CERRADA,0.343135,0.3271,-0.016035,0.016035,0.046731,1000.0,2000.0,2,2026-02-10,True
5365,FRASCO VID TRANSPARENTE 370ML BAJO C/TAPA 77,ENVASES DEL PERU WILDOR EIRL,2.068655,2.052971,-0.015684,0.015684,0.007582,125.0,823.0,3,2026-03-11,True
5060,POTE PLASTICO PEAD BLANCO 500GR CON TAPA,ENVIPLAST E.I.R.L.,1.864981,1.849886,-0.015095,0.015095,0.008094,25.0,2050.0,3,2025-06-16,True
5285,SOLO MINI TRIGGER BLANCO B28,INVERSIONES AGO S.A.C.,0.58375,0.57,-0.01375,0.01375,0.023555,3000.0,6084.0,8,2026-04-14,True
5040,FRASCO PLASTICO AMBAR 250ML CON TAPA Y TAPON N28,ENVIPLAST E.I.R.L.,0.693333,0.68,-0.013333,0.013333,0.01923,100.0,2050.0,3,2026-02-28,True
5046,FRASCO PLASTICO BLANCO 250ML CON TAPA Y TAPON N28,COMERCIAL FERRETERA SARASARA S.A.C.,0.693333,0.68,-0.013333,0.013333,0.01923,200.0,4424.0,3,2026-01-30,True
5168,POTE CREMERO VIDRIO AMBAR 100GR C/TAPA NEGRA Y LAINA,ENVIPLAST E.I.R.L.,2.2125,2.2,-0.0125,0.0125,0.00565,1000.0,2050.0,8,2026-04-04,True
5232,BOMBA ATOMIZADORA ACANALADO 20/410 NEGRO,IMPORTACIONES JIM SAN CHANG SOCIEDAD ANONIMA CERRADA,0.26233,0.25,-0.01233,0.01233,0.047002,500.0,2000.0,2,2026-02-10,True
5038,FRASCO PLASTICO AMBAR 60ML CON TAPA Y TAPON N28,ENVIPLAST E.I.R.L.,0.39,0.38,-0.01,0.01,0.025641,500.0,2050.0,2,2026-04-08,True
5478,FRASCO CILINDRO PET TRANSPARENTE 250ML B28 SIN TAPA,INVERSIONES AGO S.A.C.,0.42875,0.42,-0.00875,0.00875,0.020408,2112.0,6084.0,8,2026-04-14,True
5340,FRASCO PET COLORES BOSTON 120ML C/TAPA ESPRAY B20,ENVIPLAST E.I.R.L.,1.307692,1.3,-0.007692,0.007692,0.005882,200.0,2050.0,13,2026-04-25,True
5321,BOMBA DISPENSADORA PARA GALONERA 28/410 ACANALADO COLOR BLANCO,IMPORTACIONES JIM SAN CHANG SOCIEDAD ANONIMA CERRADA,1.01505,1.0085,-0.00655,0.00655,0.006453,200.0,2000.0,2,2025-08-19,True
5370,FRASCO VIDRIO TRANSPARENTE ESPARRAGUERO 315ML C/TAPA 63,ENVASES DEL PERU WILDOR EIRL,1.555547,1.55,-0.005547,0.005547,0.003566,360.0,823.0,3,2025-11-24,True
5079,GOTERO PLASTICO 60ML NATURAL S/P B18MM C/TAPA Y TAPON,GENPLAST S.A.C.,0.595,0.59,-0.005,0.005,0.008403,500.0,9200.0,1,2025-04-14,True
5335,BOTELLA PET TRANSPARENTE 1LT (37gr) B28 SIN TAPA,INVERSIONES AGO S.A.C.,0.585,0.58,-0.005,0.005,0.008547,1000.0,6084.0,2,2026-04-14,True
5279,POTE PASTILLERO PLASTICO BLANCO 12GR C/TAPA B/20,ENVIPLAST E.I.R.L.,0.3225,0.32,-0.0025,0.0025,0.007752,1500.0,2050.0,2,2026-04-11,True
5372,FRASCO VIDRIO TRANSPARENTE 458ML C/TAPA 82,ENVASES DEL PERU WILDOR EIRL,2.317978,2.31631,-0.001668,0.001668,0.00072,108.0,823.0,2,2026-03-11,True
5445,MATRAZ ERLENMEYER POLIPROPILENO *100ML,IMPORTADORA ANDINA E.I.R.L,13.169,13.168,-0.001,0.001,7.6e-05,10.0,66.0,2,2026-01-23,True
5360,POTE VIDRIO TRANSPARENTE 1L C/TAPA 100,ENVASES DEL PERU WILDOR EIRL,4.518526,4.518,-0.000526,0.000526,0.000116,80.0,823.0,4,2025-11-19,True
5058,PASTILLERO ESPECIAL PVC CRISTAL 150GR CON T/ESP,ENVIPLAST E.I.R.L.,1.949994,1.94995,-4.4e-05,4.4e-05,2.3e-05,76.0,2050.0,4,2025-06-24,True
5061,POTE PLASTICO PEAD BLANCO 250GR CON TAPA Y LAINA,ENVIPLAST E.I.R.L.,1.6,1.599962,-3.8e-05,3.8e-05,2.4e-05,50.0,2050.0,5,2025-08-18,True
5057,PASTILLERO PVC/CRISTAL N°3 50GR TAPA Blanca,ENVIPLAST E.I.R.L.,1.519979,1.519958,-2.1e-05,2.1e-05,1.4e-05,25.0,2050.0,2,2025-05-23,True
5033,FRASCO PLASTICO NATURAL 30ML CON TAPON Y TAPA N28,ENVIPLAST E.I.R.L.,0.37,0.369989,-1.1e-05,1.1e-05,3e-05,400.0,2050.0,4,2026-04-08,True
5003,FRASCO GOTERO VIDRIO AMBAR 20ML CON TAPA Y CHUPON,ENVIPLAST E.I.R.L.,1.0,0.999991,-9e-06,9e-06,9e-06,80.0,2050.0,7,2025-08-20,True
5011,PROBADOR VIDRIO TRASPARENTE 5ML CON TAPA SPRAY,ENVIPLAST E.I.R.L.,0.8,0.799993,-7e-06,7e-06,9e-06,100.0,2050.0,10,2026-04-07,True
5362,FRASCO ESPARRAGUERO 212ML C/TAPA METALICA N58,ENVASES DEL PERU WILDOR EIRL,1.278348,1.278341,-7e-06,7e-06,5e-06,196.0,823.0,3,2025-09-26,True
5086,VASO PRECIPITADO DE VIDRIO FORMA ALTA 250 ML (BEAKER),CORPORACION PROMELAB E.I.R.L.,4.999995,4.99999,-5e-06,5e-06,1e-06,2.0,1250.0,2,2025-05-14,True
5092,PROBETA DE PLASTICO GRADUADA 10 ML,CORPORACION PROMELAB E.I.R.L.,1.999999,1.999994,-5e-06,5e-06,3e-06,12.0,1250.0,7,2026-03-19,True
5012,PROBADOR VIDRIO TRASPARENTE 10ML CON TAPA SPRAY,ENVIPLAST E.I.R.L.,0.9,0.899998,-2e-06,2e-06,2e-06,100.0,2050.0,9,2026-04-07,True
5361,FRASCO ESPARRAGUERO 370ML C/TAPA 63,ENVASES DEL PERU WILDOR EIRL,1.769408,1.769406,-2e-06,2e-06,1e-06,108.0,823.0,2,2025-09-26,True
5359,FRASCO VIDRIO TRANSPARENTE 1.7 LT CON T/100,ENVASES DEL PERU WILDOR EIRL,5.13623,5.136229,-1e-06,1e-06,0.0,55.0,823.0,4,2026-03-11,True
5367,FRASCO 4 ONZAS C/TAPA 63,ENVASES DEL PERU WILDOR EIRL,1.280529,1.280528,-1e-06,1e-06,1e-06,300.0,823.0,3,2025-11-19,True
0002,ORTOPEDIA,MULTI SALUX E.I.R.L.,150.0,150.0,0.0,0.0,0.0,1.0,1.0,1,2025-06-21,False
0003,BOLSA 16*19 C/ASA *100UND,NEGOCIACIONES MANTARI E.I.R.L.,4.5,4.5,0.0,0.0,0.0,3.0,300.0,1,2025-08-26,False
0004,BOLSA 12*16 BCO ALFA *100UND,NEGOCIACIONES MANTARI E.I.R.L.,3.0,3.0,0.0,0.0,0.0,3.0,300.0,2,2025-12-01,False
0005,TEMPLE Y SELLADOR MAJESTAADARTICULOS DE FERRETERIA,GRUPO CARLITOS SOCIEDAD ANONIMA CERRADA - GRUPO CARLITOS S.A.C.,76.0,76.0,0.0,0.0,0.0,1.0,1.0,1,2026-04-28,False
0009,BOLSA 21*24,NEGOCIACIONES MANTARI E.I.R.L.,10.0,10.0,0.0,0.0,0.0,2.0,300.0,1,2025-12-01,False
5000,FRASCO GOTERO VIDRIO AMBAR 5ML CON TAPA Y CHUPON,ENVIPLAST E.I.R.L.,0.8,0.8,0.0,0.0,0.0,100.0,2050.0,6,2025-08-07,False
5001,FRASCO GOTERO VIDRIO AMBAR 10ML CON TAPA Y CHUPON,ENVIPLAST E.I.R.L.,0.85,0.85,0.0,0.0,0.0,100.0,2050.0,5,2025-07-24,False
5002,FRASCO GOTERO VIDRIO AMBAR 15ML CON TAPA Y CHUPON,ENVIPLAST E.I.R.L.,0.9,0.9,0.0,0.0,0.0,100.0,2050.0,4,2025-07-07,False
5006,FRASCO GOTERO VIDRIO AMBAR 100ML CON TAPA Y CHUPON,ENVIPLAST E.I.R.L.,1.6,1.6,0.0,0.0,0.0,100.0,2050.0,8,2025-09-02,False
5008,FRASCO VIDRIO AMBAR IMPORTADO 125ML TAPA ESPRAY BAJAFRASCO VIDRIO AMBAR IMPORTADO 125ML TAPA ESPRAY BAJA,QUESITO SA,2.8,2.8,0.0,0.0,0.0,22.0,850.0,1,2025-03-12,False
5009,PROBADOR VIDRIO TRASPARENTE 2ML CON TAPA SPRAY,ESNA MEDIC INVERSIONES S.A.C.,0.65,0.65,0.0,0.0,0.0,100.0,3650.0,2,2025-11-02,False
5010,PROBADOR VIDRIO TRASPARENTE 3ML CON TAPA SPRAY,COMERCIAL FERRETERA SARASARA S.A.C.,0.7,0.7,0.0,0.0,0.0,100.0,4424.0,1,2025-11-25,False
5013,FRASCO PARA RIMEL 5ML(9CM X 1CM) CON TAPA,COMERCIAL FERRETERA SARASARA S.A.C.,2.0,2.0,0.0,0.0,0.0,100.0,4424.0,2,2025-12-15,False
5014,POTE CREMERO SIMPLE 30GR CON TAPA Y LAINA,ENVIPLAST E.I.R.L.,0.36,0.36,0.0,0.0,0.0,500.0,2050.0,11,2026-04-08,False
5016,FRASCO VIDRIO AMBAR HOMBRO CAIDO 250ML TAPA ESPRAY PISTOLAFRASCO VIDRIO AMBAR HOMBRO CAIDO 250ML TAPA ESPRAY PISTOLA,QUESITO SA,3.78,3.78,0.0,0.0,0.0,23.0,850.0,1,2025-03-12,False
5017,POTE CREMERO SIMPLE 60GR CON TAPA Y LAINA,ENVIPLAST E.I.R.L.,0.65,0.65,0.0,0.0,0.0,200.0,2050.0,5,2026-03-12,False
5020,FRASCO ESMALTE 5ML VIDRIO TRANSPARENTE CON BROCHA Y TAPA,ENVIPLAST E.I.R.L.,0.6,0.6,0.0,0.0,0.0,480.0,2050.0,12,2026-04-27,False
5022,FRASCO PET TRANSPARENTE ESPUMERO 150ML CON TAPA,ENVIPLAST E.I.R.L.,2.8,2.8,0.0,0.0,0.0,100.0,2050.0,3,2026-03-31,False
5023,FRASCO PET TRANSPARENTE 30ML C/TAPA FLIT TOP N18,ENVIPLAST E.I.R.L.,0.8,0.8,0.0,0.0,0.0,50.0,2050.0,4,2025-08-29,False
5024,FRASCO PET BLANCO ESPUMERO 150ML CON TAPA,ENVIPLAST E.I.R.L.,2.8,2.8,0.0,0.0,0.0,100.0,2050.0,3,2026-03-07,False
5025,PASTILLERO PLASTICO BLANCO 40GR CON TAPA,COMERCIAL FERRETERA SARASARA S.A.C.,0.62,0.62,0.0,0.0,0.0,500.0,4424.0,2,2026-01-28,False
5026,PASTILLERO PLASTICO BLANCO 60GR CON TAPA,ENVIPLAST E.I.R.L.,0.68,0.68,0.0,0.0,0.0,50.0,2050.0,3,2025-08-01,False
5027,PASTILLERO PLASTICO BLANCO 90GR CON TAPA,COMERCIAL FERRETERA SARASARA S.A.C.,0.72,0.72,0.0,0.0,0.0,100.0,4424.0,1,2026-02-23,False
5030,PASTILLERO PLASTICO NEGRO 60GR CON TAPA,COMERCIAL FERRETERA SARASARA S.A.C.,0.68,0.68,0.0,0.0,0.0,50.0,4424.0,1,2026-01-13,False
5041,FRASCO PLASTICO AMBAR 500ML CON TAPA Y TAPON N28,ENVIPLAST E.I.R.L.,0.85,0.85,0.0,0.0,0.0,25.0,2050.0,2,2025-05-21,False
5047,FRASCO PLASTICO BLANCO 500ML CON TAPA Y TAPON N28,COMERCIAL FERRETERA SARASARA S.A.C.,0.85,0.85,0.0,0.0,0.0,1000.0,4424.0,4,2026-02-03,False
5049,POTE CREMERO DOBLE FONDO NEGRO IMPORTADO 30GR CON TAPA Y LAINAPOTE CREMERO DOBLE FONDO NEGRO IMPORTADO 30GR CON TAPA Y LAINA,QUESITO SA,2.8,2.8,0.0,0.0,0.0,1.0,850.0,1,2025-03-12,False
5050,POTE CREMERO DOBLE FONDO NEGRO IMPORTADO 60ML,COMERCIAL FERRETERA SARASARA S.A.C.,2.2,2.2,0.0,0.0,0.0,25.0,4424.0,1,2025-11-19,False
5052,FRASCO VIDRIO AMBAR 250ML HOMBRO CAIDO C/TAPA Y TAPON,ENVIPLAST E.I.R.L.,1.8,1.8,0.0,0.0,0.0,50.0,2050.0,5,2025-08-23,False
5055,FRASCO VIDRIO AMBAR IMPORTADO 250ML TAPA DISPENSADOR GELFRASCO VIDRIO AMBAR IMPORTADO 250ML TAPA DISPENSADOR GEL,QUESITO SA,3.9,3.9,0.0,0.0,0.0,1.0,850.0,1,2025-03-12,False
5063,FRASCO VIDRIO AMBAR HOMBRO CAIDO 125ML TAPA ESPRAY PISTOLA negro,ENVIPLAST E.I.R.L.,2.999997,2.999997,0.0,0.0,0.0,6.0,2050.0,1,2025-03-14,False
5068,CRIOVIAL C/TAPA ROSCA NO ESTERIL 2ML TAPA BLANCA (BOLSA*500UND),CORPORACION PROMELAB E.I.R.L.,0.09,0.09,0.0,0.0,0.0,500.0,1250.0,4,2025-11-24,False
5070,FRASCO PET TRANSPARENTE 60ML CON TAPA Y TAPON N°28,ENVIPLAST E.I.R.L.,0.779992,0.779992,0.0,0.0,0.0,2000.0,2050.0,1,2025-04-14,False
5071,GOTERO PLASTICO 100ML COLOR NATURAL,VELARDE FLORES JENNY CARMEN,0.9086,0.9086,0.0,0.0,0.0,200.0,200.0,1,2025-04-16,False
5072,FRASCO YOGURT 1LT BLANCO CON TAPA 38MM,GENPLAST S.A.C.,0.944,0.944,0.0,0.0,0.0,1000.0,9200.0,1,2025-04-14,False
5073,FRASCO BULLET 75ML CON TAPA	ATOMIZADOR,GENPLAST S.A.C.,0.885,0.885,0.0,0.0,0.0,900.0,9200.0,1,2025-04-14,False
5075,POTE PLASTICO 500GR B110MM BLANCO CON TAPA,GENPLAST S.A.C.,2.124,2.124,0.0,0.0,0.0,500.0,9200.0,1,2025-04-14,False
5076,POTE PLASTICO BLANCO 250GR CON TAPA,GENPLAST S.A.C.,0.708,0.708,0.0,0.0,0.0,500.0,9200.0,1,2025-04-14,False
5080,GOTERO PLASTICO 5ML NATURAL S/P C/TAPA,GENPLAST S.A.C.,0.2124,0.2124,0.0,0.0,0.0,500.0,9200.0,1,2025-04-29,False
5081,GOTERO PLASTICO 15ML NATURAL S/P C/TAPA,GENPLAST S.A.C.,0.236,0.236,0.0,0.0,0.0,500.0,9200.0,1,2025-04-29,False
5098,PROBADOR PLASTICO NATURAL FORMA BAJA 5ML CON TAPA ESPRAY,ENVIPLAST E.I.R.L.,0.95,0.95,0.0,0.0,0.0,50.0,2050.0,2,2025-06-23,False
5099,PROBADOR PLASTICO 5ML ESPRAY COLORES,ENVIPLAST E.I.R.L.,1.2,1.2,0.0,0.0,0.0,50.0,2050.0,4,2025-08-23,False
5104,MORTERO DE 100MM C/PILON,CORPORACION PROMELAB E.I.R.L.,10.0,10.0,0.0,0.0,0.0,3.0,1250.0,5,2025-07-05,False
5106,MATRAZ ERLENMEYER DE VIDRIO 500ML,CORPORACION PROMELAB E.I.R.L.,15.0,15.0,0.0,0.0,0.0,1.0,1250.0,2,2025-07-31,False
5112,LENTES DE PROTECCION DE MARCO NEGRO,CORPORACION PROMELAB E.I.R.L.,2.5,2.5,0.0,0.0,0.0,1.0,1250.0,1,2025-04-28,False
5114,GRADILLA ACRILICA PARA 50 TUBOS,CORPORACION PROMELAB E.I.R.L.,10.0,10.0,0.0,0.0,0.0,12.0,1250.0,11,2026-03-06,False
5115,POTE CREMERO VIDRIO PAVONADO 30GR CON LAINA Y TAPA,ENVIPLAST E.I.R.L.,2.0,2.0,0.0,0.0,0.0,80.0,2050.0,5,2025-07-24,False
5116,FRASCO VIDRIO TRANSPARENTE TUBULAR 15ML CON TAPA BAQUELITA N18,ENVIPLAST E.I.R.L.,1.2,1.2,0.0,0.0,0.0,30.0,2050.0,3,2025-07-21,False
5117,FRASCO VIDRIO TRANSPARENTE TUBULAR 10ML CON TAPA BAQUELITA B/20,ENVIPLAST E.I.R.L.,1.1,1.1,0.0,0.0,0.0,40.0,2050.0,4,2025-07-21,False
5118,FRASCO VIDRIO TRANSPARENTE TUBULAR 5ML CON TAPA BAQUELITA N20,ENVIPLAST E.I.R.L.,1.0,1.0,0.0,0.0,0.0,50.0,2050.0,3,2025-07-21,False
5119,FRASCO PET CAMPANA TRANSPARENTE 500ML B/28 TAPA ESPRAY PISTOLA..,ENVIPLAST E.I.R.L.,2.2,2.2,0.0,0.0,0.0,100.0,2050.0,3,2025-06-25,False
5120,FRASCO PET TRANSPARENTE 60ML B/20 C/TAPA DISPENSADOR,ENVIPLAST E.I.R.L.,1.0,1.0,0.0,0.0,0.0,100.0,2050.0,3,2025-08-07,False
5121,FRASCO PET TRANSPARENTE 30ML B/20 TAPA DISPENSADOR GEL,ENVIPLAST E.I.R.L.,1.0,1.0,0.0,0.0,0.0,100.0,2050.0,4,2025-09-02,False
5126,BAGUETA O VARILLAS DE AGITACION DE VIDRIO 20CM,CORPORACION PROMELAB E.I.R.L.,2.0,2.0,0.0,0.0,0.0,12.0,1250.0,9,2026-01-09,False
5128,TUBO DE ENSAYO DE VIDRIO CON TAPA ROSCA 16*125-PYREX,BIO CHEMICALSS S.A.C.,1.5,1.5,0.0,0.0,0.0,100.0,500.0,3,2026-04-30,False
5133,CRIOVIAL C/TAPA PRESION DE 1.5ML NO ESTERIL (TUBO EPPENDORF BOLSA*500UND),CORPORACION PROMELAB E.I.R.L.,15.0,15.0,0.0,0.0,0.0,5.0,1250.0,3,2025-11-03,False
5137,TUBO DE ENSAYO C/TAPA ROSCA 13*100 SIMPLE,BIO CHEMICALSS S.A.C.,0.85,0.85,0.0,0.0,0.0,250.0,500.0,2,2025-10-15,False
5140,ASA DE SIEMBRA 1 UL/INOCULADOR AZUL (BOLSA 10 UND),CORPORACION PROMELAB E.I.R.L.,3.0,3.0,0.0,0.0,0.0,2.0,1250.0,2,2026-04-04,False
5143,FRASCO VIDRIO VERDE 10ML C/TAPA Y TAPON N18,ENVIPLAST E.I.R.L.,1.2,1.2,0.0,0.0,0.0,1.0,2050.0,1,2025-05-17,False
5145,FRASCO VIDRIO VERDE 20ML C/TAPA Y TAPON N18,ENVIPLAST E.I.R.L.,1.2,1.2,0.0,0.0,0.0,1.0,2050.0,1,2025-05-17,False
5147,FRASCO VIDRIO VERDE 50ML C/TAPA Y TAPON B18,ENVIPLAST E.I.R.L.,1.2,1.2,0.0,0.0,0.0,25.0,2050.0,2,2026-04-01,False
5149,FRASCO VIDRIO TRANSPARENTE 10ML C/TAPA Y TAPON N18,ENVIPLAST E.I.R.L.,1.0,1.0,0.0,0.0,0.0,1.0,2050.0,1,2025-05-17,False
5151,FRASCO VIDRIO TRANSPARENTE 20ML C/TAPA Y TAPON N18,ENVIPLAST E.I.R.L.,1.0,1.0,0.0,0.0,0.0,1.0,2050.0,1,2025-05-17,False
5153,FRASCO VIDRIO AMBAR 10ML C/TAPA Y TAPON B18,ENVIPLAST E.I.R.L.,0.85,0.85,0.0,0.0,0.0,1.0,2050.0,1,2025-05-17,False
5155,FRASCO VIDRIO AMBAR 20ML C/TAPA Y TAPON B18,ENVIPLAST E.I.R.L.,0.9,0.9,0.0,0.0,0.0,1.0,2050.0,1,2025-05-17,False
5157,FRASCO VIDRIO AMBAR 50ML C/TAPA Y TAPON B18,ENVIPLAST E.I.R.L.,1.2,1.2,0.0,0.0,0.0,1.0,2050.0,1,2025-05-17,False
5162,FRASCO VIDRIO AMBAR 100ML TAPA Y TAPON N28,ENVIPLAST E.I.R.L.,1.2,1.2,0.0,0.0,0.0,50.0,2050.0,4,2025-08-25,False
5163,FRASCO VIDRIO AMBAR 120ML TAPA Y TAPON N28,ENVIPLAST E.I.R.L.,1.2,1.2,0.0,0.0,0.0,100.0,2050.0,4,2025-08-29,False
5165,FRASCO VIDRIO AMBAR IMPORTADO 500ML TAPA Y TAPON N28,ENVIPLAST E.I.R.L.,2.5,2.5,0.0,0.0,0.0,100.0,2050.0,4,2025-08-08,False
5167,POTE CREMERO VIDRIO AMBAR 50GR C/TAPA NEGRA Y LAINA,COMERCIAL FERRETERA SARASARA S.A.C.,2.0,2.0,0.0,0.0,0.0,200.0,4424.0,4,2026-02-03,False
5179,POTE VIDRIO TRANSPARENTE 100GR C/TAPA METAL N53,ENVIPLAST E.I.R.L.,1.1,1.1,0.0,0.0,0.0,100.0,2050.0,8,2025-08-21,False
5180,POTE VIDRIO TRANSPARENTE 30GR C/TAPA METAL N43 MN,ENVIPLAST E.I.R.L.,1.0,1.0,0.0,0.0,0.0,200.0,2050.0,8,2026-03-02,False
5181,POTE CREMERO DOBLE FONDO C/ CINTILLO PLATEADO 50GR C/TAPA Y LAINA,ENVIPLAST E.I.R.L.,2.5,2.5,0.0,0.0,0.0,25.0,2050.0,2,2025-08-04,False
5182,STAPA ESPRAY PLASTICO BLANCO N28 C/SOBRE TAPA ALTA,COMERCIAL FERRETERA SARASARA S.A.C.,1.0,1.0,0.0,0.0,0.0,70.0,4424.0,2,2025-11-28,False
5183,FRASCO VIDRIO TRANSPARENTE ALTO 50ML PERFUME C/TAPA SPRAY METALIZADO N18,ENVIPLAST E.I.R.L.,2.8,2.8,0.0,0.0,0.0,50.0,2050.0,4,2025-07-21,False
5184,FRASCO VIDRIO TRANSPARENTE CUADRADO 50ML PERFUME C/TAPA SPRAY METALIZADO N18,COMERCIAL FERRETERA SARASARA S.A.C.,2.8,2.8,0.0,0.0,0.0,650.0,4424.0,6,2026-02-13,False
5185,FRASCO PLASTICO INSECTICIDA BLANCO 500ML C/TAPA Y TAPON,ENVIPLAST E.I.R.L.,2.6,2.6,0.0,0.0,0.0,100.0,2050.0,2,2026-03-16,False
5186,FRASCO PLASTICO INSECTICIDA BLANCO 1LT C/TAPA Y TAPON,COMERCIAL FERRETERA SARASARA S.A.C.,2.9,2.9,0.0,0.0,0.0,100.0,4424.0,2,2026-01-14,False
5191,MORTERO DE 150MM C/PILON,CORPORACION PROMELAB E.I.R.L.,20.0,20.0,0.0,0.0,0.0,11.0,1250.0,4,2025-11-27,False
5193,TUBO COLAPSIBLE BLANCO 30ML C/TAPA,ENVIPLAST E.I.R.L.,1.3,1.3,0.0,0.0,0.0,50.0,2050.0,4,2025-08-12,False
5194,FRASCO ESMALTE VIDRIO TRANSPARENTE 10ML C/BROCHA Y TAPA,ENVIPLAST E.I.R.L.,0.8,0.8,0.0,0.0,0.0,100.0,2050.0,5,2025-07-17,False
5197,TUBO COLAPSIBLE BLANCO 120ML C/TAPA,ENVIPLAST E.I.R.L.,1.8,1.8,0.0,0.0,0.0,25.0,2050.0,3,2025-08-12,False
5198,POTE CREMERO VIDRIO PAVONADO 15GR CON LAINA Y TAPA,ENVIPLAST E.I.R.L.,1.8,1.8,0.0,0.0,0.0,50.0,2050.0,2,2025-06-27,False
5199,TALQUERA PLASTICO 70GR C/TAPA Y REJILLA,ENVIPLAST E.I.R.L.,2.2,2.2,0.0,0.0,0.0,50.0,2050.0,6,2025-08-23,False
5200,FRASCO PET BOLON 400ML TRANSPARENTE C/TAPA ESPRAY PISTOLA N28,ENVIPLAST E.I.R.L.,2.2,2.2,0.0,0.0,0.0,25.0,2050.0,1,2025-05-24,False
5203,POTE PLASTICO BLANCO TIPO ANALISIS 120GR C/TAPA,COMERCIAL FERRETERA SARASARA S.A.C.,0.59,0.59,0.0,0.0,0.0,200.0,4424.0,2,2026-01-01,False
5204,POTE PLASTICO BLANCO TIPO ANALISIS 100GR C/TAPA,COMERCIAL FERRETERA SARASARA S.A.C.,0.59,0.59,0.0,0.0,0.0,200.0,4424.0,2,2026-01-01,False
5205,LATA DE ALUMINIO PLATEADO 15GR C/TAPA,ENVIPLAST E.I.R.L.,1.3,1.3,0.0,0.0,0.0,50.0,2050.0,3,2025-08-15,False
5206,LATA DE ALUMINIO PLATEADA 50GR C/TAPA,ENVIPLAST E.I.R.L.,1.5,1.5,0.0,0.0,0.0,1000.0,2050.0,5,2026-04-04,False
5207,LATA DE ALUMINIO PLATEADA 30GR C/TAPA,ENVIPLAST E.I.R.L.,1.4,1.4,0.0,0.0,0.0,60.0,2050.0,3,2025-07-14,False
5208,FRASCO PET TRANSPARENTE 30ML C/TAPA PRESS N20,ENVIPLAST E.I.R.L.,0.85,0.85,0.0,0.0,0.0,100.0,2050.0,3,2025-08-25,False
5209,FRASCO PET TRANSPARENTE 120ML B/28 C/TAPA DISPENSADOR GEL,ENVIPLAST E.I.R.L.,1.6,1.6,0.0,0.0,0.0,50.0,2050.0,1,2025-06-10,False
5212,FRASCO PET BLANCO ESPUMERO 100ML C/TAPA,ENVIPLAST E.I.R.L.,2.5,2.5,0.0,0.0,0.0,100.0,2050.0,4,2026-03-07,False
5213,FRASCO PET TRANSPARENTE ESPUMERO 200ML C/ TAPA,ESNA MEDIC INVERSIONES S.A.C.,2.9,2.9,0.0,0.0,0.0,50.0,3650.0,2,2025-10-07,False
5214,FRASCO GOTERO VIDRIO TRANSPARENTE 20ML C/TAPA Y CHUPON,ENVIPLAST E.I.R.L.,1.2,1.2,0.0,0.0,0.0,50.0,2050.0,1,2025-06-02,False
5215,LATA DE ALUMINIO NEGRO 15GR C/TAPA,ENVIPLAST E.I.R.L.,1.5,1.5,0.0,0.0,0.0,25.0,2050.0,2,2025-06-20,False
5216,FRASCO PET TRANSPARENTE 60ML C/TAPA Y TAPON N28,ENVIPLAST E.I.R.L.,0.8,0.8,0.0,0.0,0.0,25.0,2050.0,1,2025-06-03,False
5217,FRASCO PET TRANSPARENTE 120ML TAPA Y TAPON B28,ENVIPLAST E.I.R.L.,0.8,0.8,0.0,0.0,0.0,100.0,2050.0,3,2025-06-23,False
5218,FRASCO PET TRANSPARENTE ALTO 120ML C/TAPA Y TAPON N28,ENVIPLAST E.I.R.L.,0.85,0.85,0.0,0.0,0.0,25.0,2050.0,1,2025-06-03,False
5221,LATA DE ALUMINIO PLATEADA 100GR C/TAPA,COMERCIAL FERRETERA SARASARA S.A.C.,2.0,2.0,0.0,0.0,0.0,50.0,4424.0,1,2025-11-06,False
5222,FRASCO PET AMBAR 120ML B28 C/TAPA GATILLO,ENVIPLAST E.I.R.L.,0.82,0.82,0.0,0.0,0.0,100.0,2050.0,5,2025-09-01,False
5225,PLACA PETRI VIDRIO 90*15,CORPORACION PROMELAB E.I.R.L.,4.0,4.0,0.0,0.0,0.0,40.0,1250.0,7,2025-12-04,False
5227,TAPON BUTILO COLOR GRIS N20,ENVIPLAST E.I.R.L.,0.1,0.1,0.0,0.0,0.0,230.0,2050.0,3,2025-09-01,False
5229,BOMBA ATOMIZADORA ACANALADO 20 410 BLANCO,IMPORTACIONES JIM SAN CHANG SOCIEDAD ANONIMA CERRADA,0.27466,0.27466,0.0,0.0,0.0,200.0,2000.0,1,2025-06-10,False
5230,BOMBA ATOMIZADORA ACANALADO N28 410 FUCSIA,IMPORTACIONES JIM SAN CHANG SOCIEDAD ANONIMA CERRADA,0.35917,0.35917,0.0,0.0,0.0,200.0,2000.0,1,2025-06-10,False
5231,BOMBA ATOMIZADORA ACANALADO 20 410 TRANSPARENTE,IMPORTACIONES JIM SAN CHANG SOCIEDAD ANONIMA CERRADA,0.27466,0.27466,0.0,0.0,0.0,200.0,2000.0,1,2025-06-10,False
5233,BOMBA ATOMIZADORA ACANALADO 20/410 CELESTE,IMPORTACIONES JIM SAN CHANG SOCIEDAD ANONIMA CERRADA,0.27466,0.27466,0.0,0.0,0.0,200.0,2000.0,1,2025-06-10,False
5234,BOMBA ATOMIZADORA ACANALADO N20 410 FUCSIA,IMPORTACIONES JIM SAN CHANG SOCIEDAD ANONIMA CERRADA,0.27466,0.27466,0.0,0.0,0.0,200.0,2000.0,1,2025-06-10,False
5236,BOMBA ATOMIZADORA ACANALADO N28 410 TRANSPARENTE,IMPORTACIONES JIM SAN CHANG SOCIEDAD ANONIMA CERRADA,0.35917,0.35917,0.0,0.0,0.0,200.0,2000.0,1,2025-06-10,False
5238,BOMBA ATOMIZADORA ACANALADO N28 410 CELESTE,IMPORTACIONES JIM SAN CHANG SOCIEDAD ANONIMA CERRADA,0.35917,0.35917,0.0,0.0,0.0,200.0,2000.0,1,2025-06-10,False
5240,VIAL VIDRIO TRANSPARENTE ALTO 15ML B20,ENVIPLAST E.I.R.L.,0.4,0.4,0.0,0.0,0.0,400.0,2050.0,3,2025-08-28,False
5241,VIAL VIDRIO TRANSPARENTE 30ML B20,ENVIPLAST E.I.R.L.,0.5,0.5,0.0,0.0,0.0,30.0,2050.0,1,2025-06-10,False
5242,VIAL VIDRIO TRANSPARENTE 50ML N20,ENVIPLAST E.I.R.L.,0.9,0.9,0.0,0.0,0.0,50.0,2050.0,3,2025-07-15,False
5243,VIAL VIDRIO TRANSPARENTE 100ML B20,ENVIPLAST E.I.R.L.,0.9,0.9,0.0,0.0,0.0,30.0,2050.0,1,2025-06-10,False
5245,FRASCO VIDRIO TRANSPARENTE 20ML C/TAPA BAQUELITA N24 Y LAINA SILICONA,ENVIPLAST E.I.R.L.,1.1,1.1,0.0,0.0,0.0,1000.0,2050.0,5,2026-03-26,False
5246,GOTERO VIDRIO TRANSPARENTE 10ML C/TAPA Y CHUPON,ENVIPLAST E.I.R.L.,1.0,1.0,0.0,0.0,0.0,500.0,2050.0,6,2026-04-29,False
5247,FRASCO VIDRIO TRANSPARENTE 30ML C/TAPA Y TAPON N18,ENVIPLAST E.I.R.L.,0.8,0.8,0.0,0.0,0.0,26.0,2050.0,1,2025-06-09,False
5248,FRASCO VIDRIO TRANSPARENTE 100ML C/TAPA Y TAPON B18,COMERCIAL FERRETERA SARASARA S.A.C.,1.1,1.1,0.0,0.0,0.0,200.0,4424.0,3,2025-12-15,False
5252,GOTERO VIDRIO TRANSPARENTE 100ML C/TAOA Y CHUPON,ENVIPLAST E.I.R.L.,1.6,1.6,0.0,0.0,0.0,35.0,2050.0,1,2025-06-20,False
5253,FRASCO PET 1LT TRANSPARENTE C/SPRAY PISTOLA N28,ENVIPLAST E.I.R.L.,1.8,1.8,0.0,0.0,0.0,50.0,2050.0,1,2025-06-20,False
5254,POTE ACRILICO 5GR C/TAPA ROSCA,ENVIPLAST E.I.R.L.,0.9,0.9,0.0,0.0,0.0,200.0,2050.0,6,2025-09-04,False
5255,VASELINERO 7GR,ENVIPLAST E.I.R.L.,0.2,0.2,0.0,0.0,0.0,200.0,2050.0,8,2025-08-29,False
5256,TALQUERA PLASTICO 140GR C/TAPA Y REJILLA,ENVIPLAST E.I.R.L.,2.8,2.8,0.0,0.0,0.0,50.0,2050.0,4,2026-04-17,False
5257,POTE PET TRANSPARENTE 250GR C/TAPA ROSCA,ENVIPLAST E.I.R.L.,2.2,2.2,0.0,0.0,0.0,386.0,2050.0,2,2026-04-29,False
5258,PIPETAS PASTEUR ESTRILES 5ML (BLS100),CORPORACION PROMELAB E.I.R.L.,0.1,0.1,0.0,0.0,0.0,100.0,1250.0,1,2026-03-03,False
5260,FRASCO GOTERO VIDRIO TRANSPARENTE 30ML C/TAPA Y CHUPON,ENVIPLAST E.I.R.L.,1.3,1.3,0.0,0.0,0.0,50.0,2050.0,1,2025-06-23,False
5261,GOTER PLASTICO BLANCO 5ML C/TAPA Y TAPON N15,ENVIPLAST E.I.R.L.,0.3,0.3,0.0,0.0,0.0,100.0,2050.0,1,2025-06-23,False
5262,GOTERO PLASTICO BLANCO 10ML C/TAPA Y TAPON N15,ENVIPLAST E.I.R.L.,0.3,0.3,0.0,0.0,0.0,200.0,2050.0,3,2026-04-29,False
5263,GOTERO PLASTICO BLANCO 7ML C/TAPA Y TAPON N15,ENVIPLAST E.I.R.L.,0.3,0.3,0.0,0.0,0.0,100.0,2050.0,1,2025-06-23,False
5267,ABRAZADERA PARA MATRAZ,CORPORACION PROMELAB E.I.R.L.,15.0,15.0,0.0,0.0,0.0,1.0,1250.0,1,2025-06-20,False
5268,DESECADOR 300MM,CORPORACION PROMELAB E.I.R.L.,320.0,320.0,0.0,0.0,0.0,1.0,1250.0,1,2025-06-10,False
5272,PROBADOR PLASTICO 10ML ESPRAY COLORES,ENVIPLAST E.I.R.L.,1.3,1.3,0.0,0.0,0.0,50.0,2050.0,2,2025-08-23,False
5273,GOTERO VIDRIO PAVONADO 10ML B18 TAPA Y CHUPON,ENVIPLAST E.I.R.L.,1.2,1.2,0.0,0.0,0.0,30.0,2050.0,1,2025-06-25,False
5274,GOTERO VIDRIO PAVONADO 30ML B18 TAPA Y CHUPON,ENVIPLAST E.I.R.L.,1.5,1.5,0.0,0.0,0.0,50.0,2050.0,2,2026-02-28,False
5278,POTE PASTILLERO PLASTICO BLANCO 19GR C/TAPA B/20,ENVIPLAST E.I.R.L.,0.35,0.35,0.0,0.0,0.0,26.0,2050.0,1,2025-06-27,False
5280,POTE PASTILLERO PLASTICO BLANCO 10GR C/TAPA B/20,ENVIPLAST E.I.R.L.,0.31,0.31,0.0,0.0,0.0,26.0,2050.0,1,2025-06-27,False
5281,GOTERO VIDRIO TRANSPARENTE 5ML C/TAPA Y CHUPON,COMERCIAL FERRETERA SARASARA S.A.C.,0.9,0.9,0.0,0.0,0.0,100.0,4424.0,4,2026-02-03,False
5282,FRASCO GOTERO INTERNO VIDRIO AMBAR B/18 5ML TAPA S.,COMERCIAL FERRETERA SARASARA S.A.C.,0.7,0.7,0.0,0.0,0.0,90.0,4424.0,2,2026-02-23,False
5283,FRASCO GOTERO INTERNO VIDRIO AMBAR 10ML B/18 C/TAPA P.,ENVIPLAST E.I.R.L.,0.9,0.9,0.0,0.0,0.0,26.0,2050.0,1,2025-06-27,False
5286,FRASCO PET TRANSPARENTE 250ML C/TAPA SPRAY MINI PISTOLA N24,ENVIPLAST E.I.R.L.,2.3,2.3,0.0,0.0,0.0,50.0,2050.0,1,2025-06-30,False
5287,POTE PLASTICO BLANCO TIPO FROTACION 50GR C/TAPA,ENVIPLAST E.I.R.L.,0.4,0.4,0.0,0.0,0.0,50.0,2050.0,3,2026-03-31,False
5288,POTE PLASTICO BLANCO TIPO FROTACION 100GR C/TAPA,ENVIPLAST E.I.R.L.,0.65,0.65,0.0,0.0,0.0,50.0,2050.0,4,2025-08-21,False
5289,TAPON PLASTICO IMPORTADO N28,ENVIPLAST E.I.R.L.,0.08,0.08,0.0,0.0,0.0,100.0,2050.0,1,2025-06-30,False
5291,FRASCO ROLL-ON VIDRIO TRANSPARENTE 3ML C/TAPA Y TAPON,ENVIPLAST E.I.R.L.,0.9,0.9,0.0,0.0,0.0,200.0,2050.0,2,2025-07-21,False
5292,FRASCO ROLL-ON VIDRIO TRANSPARENTE 7ML C/TAPA Y TAPON,ENVIPLAST E.I.R.L.,0.9,0.9,0.0,0.0,0.0,50.0,2050.0,1,2025-07-01,False
5293,PERFUME VIDRIO TRANSPARENTE CUADRADO 30ML TAPA ESPRAY METALIZADA N18,ENVIPLAST E.I.R.L.,2.6,2.6,0.0,0.0,0.0,100.0,2050.0,2,2025-07-21,False
5294,LIPSTICK/BALSAMO LABIAL 5ML,ENVIPLAST E.I.R.L.,1.5,1.5,0.0,0.0,0.0,100.0,2050.0,3,2025-08-20,False
5295,FRASCO PLASTICO NEGRO 350ML C/TAPA ESPRAY MINI PISTOLA N24,COMERCIAL FERRETERA SARASARA S.A.C.,1.5,1.5,0.0,0.0,0.0,50.0,4424.0,1,2026-01-14,False
5296,FRASCO PET NEGRO 250ML C/TAPA ESPRAY MINI PISTOLA N24,ENVIPLAST E.I.R.L.,2.1,2.1,0.0,0.0,0.0,100.0,2050.0,6,2026-03-13,False
5297,PET COLORES CILINDRICO 120ML TAPA PRESS N20,ENVIPLAST E.I.R.L.,1.1,1.1,0.0,0.0,0.0,100.0,2050.0,2,2026-04-16,False
5298,PROBETA VIDRIO TRANSPARENTE 500ML,MATRAZ PERU E.I.R.L.,27.97,27.97,0.0,0.0,0.0,2.0,1697.0,1,2025-08-13,False
5299,FRASCO VIDRIO TRANSPARENTE 50ML B18 C/TAPA ESPRAY,ENVIPLAST E.I.R.L.,1.6,1.6,0.0,0.0,0.0,40.0,2050.0,2,2025-07-07,False
5300,FRASCO VIDRIO TRANSPARENTE 15ML B18 C/TAPA ESPRAY,ENVIPLAST E.I.R.L.,1.3,1.3,0.0,0.0,0.0,40.0,2050.0,2,2025-07-07,False
5302,FRASCO DE VIDRIO BOCA ANCHA TAPA AZUL 250ML,CORPORACION PROMELAB E.I.R.L.,6.0,6.0,0.0,0.0,0.0,20.0,1250.0,4,2025-10-25,False
5303,TUBO DE ENSAYO DE VIDRIO 13*100MM (bx250u),CORPORACION PROMELAB E.I.R.L.,0.12,0.12,0.0,0.0,0.0,250.0,1250.0,1,2025-07-08,False
5304,TAPON BUTILO ROJO N13,ENVIPLAST E.I.R.L.,0.2,0.2,0.0,0.0,0.0,100.0,2050.0,1,2025-07-08,False
5305,PROBADOR PLASTICO 12ML ESPRAY COLORES,ENVIPLAST E.I.R.L.,1.5,1.5,0.0,0.0,0.0,50.0,2050.0,3,2025-08-22,False
5306,AZUL METILENO 500ML,REPRESENTACIONES MARCOS SOCIEDAD ANONIMA CERRADA,35.0,35.0,0.0,0.0,0.0,1.0,1.0,1,2025-07-09,False
5307,LUGOL PARASITOLOGICO MRCS,CORPORACION PROMELAB E.I.R.L.,50.0,50.0,0.0,0.0,0.0,1.0,1250.0,2,2025-07-10,False
5309,GRADILLA 7*3 21T CONICO 50MM,CORPORACION PROMELAB E.I.R.L.,10.0,10.0,0.0,0.0,0.0,23.0,1250.0,5,2025-12-13,False
5310,FRASCO PET TRANSPARENTE 250ML C/TAPA PRESS N24,ENVIPLAST E.I.R.L.,1.8,1.8,0.0,0.0,0.0,25.0,2050.0,1,2025-08-28,False
5313,FRASCO PET DE COLORES CILINDRICO 120ML C/TAPA ESPRAY N20,ENVIPLAST E.I.R.L.,1.3,1.3,0.0,0.0,0.0,100.0,2050.0,3,2025-07-24,False
5314,POTE PET TRANSPARENTE 1KG C/TAPA,COMERCIAL FERRETERA SARASARA S.A.C.,3.3,3.3,0.0,0.0,0.0,100.0,4424.0,1,2026-01-01,False
5315,FRASCO PLASTICO INSECTICIDA 125ML C/TAPA Y TAPON,COMERCIAL FERRETERA SARASARA S.A.C.,1.8,1.8,0.0,0.0,0.0,50.0,4424.0,1,2026-02-23,False
5316,GOTERO VIDRIO AMBAR 30ML C/TAPA Y CHUPON C/SEGURO,ENVIPLAST E.I.R.L.,1.2,1.2,0.0,0.0,0.0,120.0,2050.0,7,2026-03-18,False
5317,FRASCO PARA GEL 30ML DE CARTERA,ENVIPLAST E.I.R.L.,0.8,0.8,0.0,0.0,0.0,100.0,2050.0,3,2025-08-23,False
5318,FRASCO PET BLANCO 60ML C/TAPA PRESS N20,ENVIPLAST E.I.R.L.,0.9,0.9,0.0,0.0,0.0,27.0,2050.0,1,2025-07-11,False
5319,CRIOBOX PARA 50CRIOVIALES,CORPORACION PROMELAB E.I.R.L.,7.0,7.0,0.0,0.0,0.0,1.0,1250.0,2,2025-07-12,False
5320,POTE VIDRIO AMBAR 200GR B45 C/TAPA,ENVIPLAST E.I.R.L.,1.7,1.7,0.0,0.0,0.0,50.0,2050.0,2,2025-07-14,False
5322,FRASCO VIDRIO TRANSPARENTE 100ML PERFUME C/TAPA SPRAY METALIZADO N18,ENVIPLAST E.I.R.L.,3.2,3.2,0.0,0.0,0.0,50.0,2050.0,1,2025-07-14,False
5323,VASO DOSIFICADOR PLASTICO GRADUADO 15ML,ENVIPLAST E.I.R.L.,0.12,0.12,0.0,0.0,0.0,200.0,2050.0,2,2026-04-15,False
5325,POTE VIDRIO AMBAR IMPORTADO 120GR B/38 C/TAPA,ENVIPLAST E.I.R.L.,1.5,1.5,0.0,0.0,0.0,50.0,2050.0,1,2025-07-12,False
5326,CORCHO BAJO N4,ENVIPLAST E.I.R.L.,0.4,0.4,0.0,0.0,0.0,400.0,2050.0,3,2025-08-28,False
5327,FRASCO PET 1LT TRANSPARENTE C/TAPA Y TAPON N28.,ENVIPLAST E.I.R.L.,1.2,1.2,0.0,0.0,0.0,25.0,2050.0,1,2025-07-15,False
5328,ROLL-ON VIDRIO TRANSPARENTE 50ML C/TAPA BLANCA,COMERCIAL FERRETERA SARASARA S.A.C.,2.0,2.0,0.0,0.0,0.0,50.0,4424.0,1,2025-12-15,False
5329,FRASCO VIDRIO TRANSPARENTE TUBULAR 10ML C/TAPA BAQUELITA B18,ENVIPLAST E.I.R.L.,1.1,1.1,0.0,0.0,0.0,50.0,2050.0,2,2026-02-28,False
5331,BOTELLA PET TRANSPARENTE 120ML B28 SIN TAPA,INVERSIONES AGO S.A.C.,0.3,0.3,0.0,0.0,0.0,1000.0,6084.0,1,2025-07-25,False
5333,BOTELLA PET TRANSPARENTE 250ML B28 C/TAPA Y TAPON,INVERSIONES AGO S.A.C.,0.32,0.32,0.0,0.0,0.0,1000.0,6084.0,3,2025-08-11,False
5334,BOTELLA PET TRANSPARENTE 500ML B28 SIN TAPA,INVERSIONES AGO S.A.C.,0.4,0.4,0.0,0.0,0.0,698.0,6084.0,2,2026-03-17,False
5337,PROBADOR DE VIDRIO 5ML METALIZADO RECARGABLE,ENVIPLAST E.I.R.L.,2.5,2.5,0.0,0.0,0.0,50.0,2050.0,4,2025-09-06,False
5346,PHMETRO COMBO SUELOS 4 EN 1 (PH-HUMEDAD-TEMP-LUZ SOLAR) TPH01803,MATRAZ PERU E.I.R.L.,24.0,24.0,0.0,0.0,0.0,12.0,1697.0,1,2025-08-08,False
5349,BURETA DE VIDRIO GRADUADO DE 10ML CON LLAVE DE VIDRIO,CORPORACION PROMELAB E.I.R.L.,15.0,15.0,0.0,0.0,0.0,2.0,1250.0,1,2025-08-09,False
5363,FRASCO CUADRADRO 387ML C/TAPA 63,ENVASES DEL PERU WILDOR EIRL,1.642113,1.642113,0.0,0.0,0.0,35.0,823.0,1,2025-08-11,False
5364,FRASCO BARRIL 720ML C/TAPA 82,ENVASES DEL PERU WILDOR EIRL,2.182953,2.182953,0.0,0.0,0.0,20.0,823.0,1,2025-08-11,False
5377,FRASCO VIDRIO AMBAR 50ML B18 TAPA ESPRAY,ENVIPLAST E.I.R.L.,1.6,1.6,0.0,0.0,0.0,27.0,2050.0,1,2025-08-18,False
5378,FRASCO VIDRIO AMBAR 15ML B18 TAPA ESPRAY,COMERCIAL FERRETERA SARASARA S.A.C.,1.3,1.3,0.0,0.0,0.0,100.0,4424.0,2,2026-02-23,False
5380,GOTERO VIDRIO AZUL 50ML C/TAPA Y CHUPON,COMERCIAL FERRETERA SARASARA S.A.C.,1.4,1.4,0.0,0.0,0.0,30.0,4424.0,1,2025-11-25,False
5381,FRASCO VIDRIO AZUL 50ML B/18 TAPA ESPRAY,ENVIPLAST E.I.R.L.,1.6,1.6,0.0,0.0,0.0,30.0,2050.0,1,2025-08-19,False
5384,VASO DE VIDRIO BORO GRADUADO 10ML,MATRAZ PERU E.I.R.L.,1.4,1.4,0.0,0.0,0.0,40.0,1697.0,1,2025-09-05,False
5387,FRASCO VIDRIO ROSADO 10ML C/TAPA ESPRAY N18,ENVIPLAST E.I.R.L.,1.3,1.3,0.0,0.0,0.0,30.0,2050.0,1,2025-08-23,False
5388,FRASCO VIDRIO ROSADO 30ML C/TAPA ESPRAY N18,COMERCIAL FERRETERA SARASARA S.A.C.,1.5,1.5,0.0,0.0,0.0,100.0,4424.0,1,2026-01-13,False
5389,PROBADOR VIDRIO 1ML TAPON PLUMILLA,ENVIPLAST E.I.R.L.,0.25,0.25,0.0,0.0,0.0,100.0,2050.0,2,2026-04-10,False
5390,FRASCO TUBULAR VIDRIO TRANSPARENTE 3ML T/BAQUELITA N13,ENVIPLAST E.I.R.L.,0.7,0.7,0.0,0.0,0.0,25.0,2050.0,1,2025-08-23,False
5391,FRASCO TUBULAR VIDRIO TRANSPARENTE 4ML T/BAQUELITA N13,ENVIPLAST E.I.R.L.,0.7,0.7,0.0,0.0,0.0,100.0,2050.0,2,2026-03-25,False
5392,FRASCO TUBULAR VIDRIO TRANSPARENTE 5ML T/BAQUELITA N13,ENVIPLAST E.I.R.L.,0.7,0.7,0.0,0.0,0.0,25.0,2050.0,1,2025-08-23,False
5393,FRASCO PET BLANCO 60ML C/TAPA FLIP TOP N20,ENVIPLAST E.I.R.L.,1.0,1.0,0.0,0.0,0.0,105.0,2050.0,2,2026-03-04,False
5394,PET TRANSPARENTE 10ML C/GOTERO CHUPON N18,ENVIPLAST E.I.R.L.,1.0,1.0,0.0,0.0,0.0,25.0,2050.0,1,2025-08-23,False
5395,GOTERO PET TRANSPARENTE 20ML N18,ENVIPLAST E.I.R.L.,1.1,1.1,0.0,0.0,0.0,25.0,2050.0,1,2025-08-23,False
5396,GOTERO PET TRANSPARENTE 30ML C/ TAPA Y CHUPON N18,ENVIPLAST E.I.R.L.,1.1,1.1,0.0,0.0,0.0,25.0,2050.0,1,2025-08-23,False
5397,FRASCO VIDRIO AMBAR 20ML B18 C/TAPA ESPRAY,ENVIPLAST E.I.R.L.,1.4,1.4,0.0,0.0,0.0,25.0,2050.0,1,2025-08-25,False
5398,FRASCO VIDRIO AMBAR 30ML B18 C/TAPA ESPRAY,ENVIPLAST E.I.R.L.,1.5,1.5,0.0,0.0,0.0,30.0,2050.0,1,2025-08-25,False
5400,GOTERO  VIDRIO AMBAR 30ML TAPA METALIZADA DORADA Y CHUPON,COMERCIAL FERRETERA SARASARA S.A.C.,1.4,1.4,0.0,0.0,0.0,800.0,4424.0,3,2026-02-13,False
5403,MATRAZ ERLENMEYER DE VIDRIO 1L,MATRAZ PERU E.I.R.L.,17.34,17.34,0.0,0.0,0.0,4.0,1697.0,2,2025-11-03,False
5404,FRASCO BOCA ANCHA TRANSPARENTE TAPA AZUL 50ML,MATRAZ PERU E.I.R.L.,4.06,4.06,0.0,0.0,0.0,16.0,1697.0,1,2025-08-13,False
5405,CALIBRADOR VERNIER DIGITAL - TECAI - 93 / PRECISSO,MATRAZ PERU E.I.R.L.,19.5,19.5,0.0,0.0,0.0,12.0,1697.0,1,2025-08-14,False
5407,MICROPIPETA BOECO RANGO VARIABLE 100-1000UL,CORPORACION PROMELAB E.I.R.L.,90.0,90.0,0.0,0.0,0.0,1.0,1250.0,1,2025-10-15,False
5410,BARRA AGITADORA MAGNETICA C400 40*8 MM (AGITADOR MAGNETICO),CORPORACION PROMELAB E.I.R.L.,12.0,12.0,0.0,0.0,0.0,4.0,1250.0,1,2025-08-27,False
5412,PROBETA VIDRIO GRADUADA 1L,MATRAZ PERU E.I.R.L.,32.7,32.7,0.0,0.0,0.0,12.0,1697.0,1,2025-11-29,False
5414,PET JABONERA 37GR 400ML C/TAPA DISPENSADOR B28,INVERSIONES AGO S.A.C.,0.58,0.58,0.0,0.0,0.0,200.0,6084.0,1,2025-08-12,False
5416,TERMOMETRO DIGITAL -50 +300 CON ESPIGA DE 15CM - TP300 - PRECISSO,MATRAZ PERU E.I.R.L.,8.6,8.6,0.0,0.0,0.0,6.0,1697.0,1,2025-08-12,False
5417,ESPATULA ASA DRIGALSKI DE VIDRIO,IMPORTADORA ANDINA E.I.R.L,5.712,5.712,0.0,0.0,0.0,20.0,66.0,1,2025-09-02,False
5418,FRASCO PERFUME 100ML C/TAPA CHUPON DORADO IMPORTADO,ENVIPLAST E.I.R.L.,3.3,3.3,0.0,0.0,0.0,1.0,2050.0,1,2025-09-06,False
5419,GOTERO PLASTICO BLANCO 30ML C/TAPA Y TAPON N15,ENVIPLAST E.I.R.L.,0.3,0.3,0.0,0.0,0.0,200.0,2050.0,2,2026-02-24,False
5420,FRASCO PARA RIMEL 4ML C/TAPA (12CM - 1.5CM) INYEC.,COMERCIAL FERRETERA SARASARA S.A.C.,2.3,2.3,0.0,0.0,0.0,250.0,4424.0,1,2026-01-14,False
5421,FRASCO GOTERO VIDRIO VERDE 10ML C/TAPA Y CHUPON,ENVIPLAST E.I.R.L.,1.0,1.0,0.0,0.0,0.0,27.0,2050.0,1,2025-09-02,False
5422,FRASCO GOTERO VIDRIO VERDE 30ML C/TAPA Y CHUPON,ENVIPLAST E.I.R.L.,1.3,1.3,0.0,0.0,0.0,27.0,2050.0,1,2025-09-02,False
5425,POTE CREMERO DOBLE FONDO C/ CINTILLO PLATEADO 100GR C/TAPA Y LAINA,MULTIGLASS & PLASTIC E.I.R.L.,3.3,3.3,0.0,0.0,0.0,25.0,2350.0,1,2026-04-06,False
5429,GALON DE ALCOHOL ISOPROPILICO,INVERSIONES AGO S.A.C.,114.0,114.0,0.0,0.0,0.0,1.0,6084.0,1,2025-09-11,False
5430,PRECINTO TERMOENCOGIBLE 166MM *500UND,ENVASES DEL PERU WILDOR EIRL,38.2,38.2,0.0,0.0,0.0,1.0,823.0,1,2025-09-12,False
5431,PRECINTO TERMOENCOGIBLE 138MM * 1000UND,ENVASES DEL PERU WILDOR EIRL,61.0,61.0,0.0,0.0,0.0,1.0,823.0,1,2025-09-12,False
5432,PRECINTO TERMOENCOGIBLE 128MM *1000UND,ENVASES DEL PERU WILDOR EIRL,61.0,61.0,0.0,0.0,0.0,1.0,823.0,1,2025-09-12,False
5433,PRECINTO TERMOENCOGIBLE 116MM*500 UND,ENVASES DEL PERU WILDOR EIRL,25.1,25.1,0.0,0.0,0.0,2.0,823.0,1,2025-09-12,False
5434,PRECINTO TERMOENCOGIBLE 97MM*1000UND,ENVASES DEL PERU WILDOR EIRL,43.1,43.1,0.0,0.0,0.0,2.0,823.0,1,2025-09-12,False
5435,PRECINTO TERMOENCOGIBLE N38*1000UND,ENVASES DEL PERU WILDOR EIRL,32.0,32.0,0.0,0.0,0.0,2.0,823.0,1,2025-09-12,False
5436,PAPEL LENTE 105,CORPORACION PROMELAB E.I.R.L.,6.0,6.0,0.0,0.0,0.0,1.0,1250.0,1,2025-09-24,False
5437,TUBO CONICO C/TAPA ROSCA NO ESTERIL DE 10ML (BLS*100UND),CORPORACION PROMELAB E.I.R.L.,0.25,0.25,0.0,0.0,0.0,100.0,1250.0,2,2025-11-20,False
5439,GRADILLA DE PLASTICO 60 TUBOS  DE 10 Y/O 15ML,CORPORACION PROMELAB E.I.R.L.,9.0,9.0,0.0,0.0,0.0,2.0,1250.0,1,2025-09-22,False
5441,TAPA PLASTICA GASEOSA BLANCO,INVERSIONES AGO S.A.C.,0.06,0.06,0.0,0.0,0.0,1000.0,6084.0,1,2025-09-11,False
5442,CRISOL 30ML,CORPORACION PROMELAB E.I.R.L.,4.0,4.0,0.0,0.0,0.0,2.0,1250.0,2,2025-09-23,False
5443,ASA SIEMBRA 10UL/INOCULADOR CELESTE (BLS*10UND),CORPORACION PROMELAB E.I.R.L.,1.6,1.6,0.0,0.0,0.0,3.0,1250.0,1,2025-09-16,False
5444,TUBO DE PLASTICO 13*100MM BLS*300UND,CRISTOFER IMPORT EIRL,0.1333,0.1333,0.0,0.0,0.0,300.0,300.0,1,2025-09-23,False
5447,PUNTERA DE 200UL AMARILLA (BLS *1000UND),CORPORACION PROMELAB E.I.R.L.,5.0,5.0,0.0,0.0,0.0,1.0,1250.0,1,2025-09-26,False
5449,FRASCO VIDRIO TRANSPARENTE ALIMENTO 250ML T/63,ENVASES DEL PERU WILDOR EIRL,1.55832,1.55832,0.0,0.0,0.0,108.0,823.0,1,2025-09-26,False
5451,SOLO FRASCO PET CAMPANA 500ML,INVERSIONES AGO S.A.C.,0.58,0.58,0.0,0.0,0.0,500.0,6084.0,1,2025-09-27,False
5452,GALONERA NATURAL 4L C/TAPA Y TAPON,INVERSIONES AGO S.A.C.,2.3,2.3,0.0,0.0,0.0,500.0,6084.0,1,2025-09-27,False
5453,FRASCO BULLET 120ML C/TAPA ATOMIZADOR,INVERSIONES AGO S.A.C.,0.9,0.9,0.0,0.0,0.0,1500.0,6084.0,2,2026-03-11,False
5454,ESPATULA MANGO DE MADERA 32 CM,CORPORACION PROMELAB E.I.R.L.,8.0,8.0,0.0,0.0,0.0,1.0,1250.0,1,2025-09-30,False
5455,FIOLA 50ML,IMPORTADORA ANDINA E.I.R.L,7.6,7.6,0.0,0.0,0.0,10.0,66.0,1,2026-01-10,False
5457,POTE PLASTICO TIPO PROTEINA NEGRO 1KG C/TAPA,ESNA MEDIC INVERSIONES S.A.C.,2.2,2.2,0.0,0.0,0.0,25.0,3650.0,1,2025-10-01,False
5462,BARRA AGITADORA MAGNETICA C200 20*7MM (AGITADOR MAGNETICO),CORPORACION PROMELAB E.I.R.L.,5.0,5.0,0.0,0.0,0.0,1.0,1250.0,1,2025-10-07,False
5463,FRASCO VIDRIO AZUL 20ML B/18 TAPA ESPRAY,ESNA MEDIC INVERSIONES S.A.C.,1.4,1.4,0.0,0.0,0.0,50.0,3650.0,1,2025-10-07,False
5464,BOLSAS ZIPLOC 9*14*  (BLS100),NEGOCIACIONES MANTARI E.I.R.L.,0.53,0.53,0.0,0.0,0.0,100.0,300.0,1,2025-10-10,False
5465,BOLSAS ZIPLOC 7*10 (BLS100),NEGOCIACIONES MANTARI E.I.R.L.,0.26,0.26,0.0,0.0,0.0,100.0,300.0,1,2025-10-10,False
5466,BOLSAS ZIPLOC 5*8 (BLS100),NEGOCIACIONES MANTARI E.I.R.L.,0.2,0.2,0.0,0.0,0.0,100.0,300.0,2,2025-12-01,False
5467,PARAFILM SEAFILM,DIMMED S.A.C.,80.0,80.0,0.0,0.0,0.0,1.0,6.0,1,2025-10-13,False
5470,PLACA PETRI DE 60*15MM SIN DIVISION PLASTICO (BLS10),CORPORACION PROMELAB E.I.R.L.,3.0,3.0,0.0,0.0,0.0,5.0,1250.0,4,2025-12-05,False
5471,PIPETEADOR DE CREMALLERA AMARILLO (PUMP),CORPORACION PROMELAB E.I.R.L.,13.0,13.0,0.0,0.0,0.0,1.0,1250.0,1,2025-09-30,False
5473,PAPEL FILTRO WHATMAN N4 DIAM 125MM (CJ100),CORPORACION PROMELAB E.I.R.L.,18.0,18.0,0.0,0.0,0.0,1.0,1250.0,1,2025-10-11,False
5474,ASA SIEMBRA MULTIFUNCIONAL 1UL/10UL INOCULADOR ESTERIL (BLS 20),CORPORACION PROMELAB E.I.R.L.,2.5,2.5,0.0,0.0,0.0,1.0,1250.0,1,2025-10-15,False
5475,MANGO PARA ASA BACTERIOLOGICA (MANGO DE KOLLE),CORPORACION PROMELAB E.I.R.L.,6.0,6.0,0.0,0.0,0.0,5.0,1250.0,3,2026-04-11,False
5476,PIPETEADOR DE CREMALLERA ROJO(PUMP) 25ML,CORPORACION PROMELAB E.I.R.L.,13.0,13.0,0.0,0.0,0.0,3.0,1250.0,4,2026-02-21,False
5477,CONDUCTIMETRO Y TDS DIGITAL CON SENSOR DE TEMPERATURA,MATRAZ PERU E.I.R.L.,19.0,19.0,0.0,0.0,0.0,6.0,1697.0,1,2025-10-24,False
5479,PROBADOR PLASTICO NATURAL CON ATOMIZDOR 10ML,IMPORTACIONES JIM SAN CHANG SOCIEDAD ANONIMA CERRADA,0.628,0.628,0.0,0.0,0.0,500.0,2000.0,1,2025-10-20,False
5480,PROBADOR PLASTICO NATURAL C/GANCHO CON ATOMIZDOR 10ML,IMPORTACIONES JIM SAN CHANG SOCIEDAD ANONIMA CERRADA,0.628,0.628,0.0,0.0,0.0,500.0,2000.0,1,2025-10-20,False
5481,ENVASE PEAD BIDON *20LT VERDE C/TAPA Y TAPON,INVERSIONES AGO S.A.C.,7.5,7.5,0.0,0.0,0.0,1.0,6084.0,1,2025-09-11,False
5482,FRASCO VIDRIO 85ML T/43 C/TAPA PLASTICO N43 BLANCO,ENVASES DEL PERU WILDOR EIRL,0.77075,0.77075,0.0,0.0,0.0,320.0,823.0,1,2025-10-21,False
5485,GOTERO VIDRIO AZUL 5ML C/TAPA Y CHUPON,ESNA MEDIC INVERSIONES S.A.C.,0.8,0.8,0.0,0.0,0.0,100.0,3650.0,1,2025-11-06,False
5487,CRISOL 40ML,CORPORACION PROMELAB E.I.R.L.,5.0,5.0,0.0,0.0,0.0,1.0,1250.0,1,2025-11-04,False
5489,"GRADILLA MULTIFUNCIONAL PARA TUBOS CONICOS DE 10ML, 15ML Y 50ML",CORPORACION PROMELAB E.I.R.L.,10.0,10.0,0.0,0.0,0.0,2.0,1250.0,1,2025-11-12,False
5490,VASO GRADUADO DE PLASTICO 500ML,CORPORACION PROMELAB E.I.R.L.,3.0,3.0,0.0,0.0,0.0,1.0,1250.0,1,2025-11-12,False
5491,PIPETAS PASTEUR ESTRILES 1ML BX100,CORPORACION PROMELAB E.I.R.L.,0.15,0.15,0.0,0.0,0.0,100.0,1250.0,2,2026-03-03,False
5492,SOPORTE DE BURETA O ABRAZADERA DE METAL,CORPORACION PROMELAB E.I.R.L.,20.0,20.0,0.0,0.0,0.0,1.0,1250.0,1,2025-11-08,False
5493,PAPEL FILTRO WHATMAN N42 DIAM 125MM (CJ100),CORPORACION PROMELAB E.I.R.L.,17.0,17.0,0.0,0.0,0.0,1.0,1250.0,1,2025-11-08,False
5495,FRASCO PLASTICO INSECTICIDA 250ML C/TAPA Y TAPON,COMERCIAL FERRETERA SARASARA S.A.C.,2.35,2.35,0.0,0.0,0.0,50.0,4424.0,1,2025-11-25,False
5496,VASO DE PLASTICO 500ML,CORPORACION PROMELAB E.I.R.L.,3.0,3.0,0.0,0.0,0.0,5.0,1250.0,1,2025-11-13,False
5497,CAJA PARA PORTAOBJETOS *25UND,BIO CHEMICALSS S.A.C.,5.0,5.0,0.0,0.0,0.0,3.0,500.0,1,2025-11-13,False
5499,POTE DOBLE FONDO BLANCO IMPORTADO 60GR C/TAPA Y LAINA,ENVIPLAST E.I.R.L.,2.0,2.0,0.0,0.0,0.0,50.0,2050.0,1,2025-08-27,False
5500,"GRADILLA PARA CRIOVIALES TAPA PRESION (EPPENDORF) 0.5ML, 1.5ML Y 2ML",CORPORACION PROMELAB E.I.R.L.,15.0,15.0,0.0,0.0,0.0,1.0,1250.0,1,2025-07-12,False
5501,LANCETERO NIPRO PREMIER UNIVERSAL,CORPORACION PROMELAB E.I.R.L.,8.0,8.0,0.0,0.0,0.0,1.0,1250.0,1,2025-07-12,False
5502,VIAL VIDRIO AMBAR 50ML B20,ESNA MEDIC INVERSIONES S.A.C.,1.0,1.0,0.0,0.0,0.0,60.0,3650.0,1,2025-11-19,False
5503,PRECINTO DE ALUMINIO PLATEADO #20,COMERCIAL FERRETERA SARASARA S.A.C.,0.045,0.045,0.0,0.0,0.0,400.0,4424.0,3,2026-01-28,False
5505,CUCHARA PLASTICO 10GR,VIPLASTIC S.A.C.,0.4,0.4,0.0,0.0,0.0,100.0,250.0,1,2025-11-24,False
5506,LAINA PLASTICO N58,COMERCIAL FERRETERA SARASARA S.A.C.,0.1,0.1,0.0,0.0,0.0,500.0,4424.0,2,2025-12-27,False
5507,FRASCO GOTERO VIDRIO AZUL 100ML C/TAPA Y CHUPON,COMERCIAL FERRETERA SARASARA S.A.C.,1.6,1.6,0.0,0.0,0.0,30.0,4424.0,1,2025-11-25,False
5508,FRASCO GOTERO VIDRIO VERDE 50ML C/TAPA Y CHUPON,COMERCIAL FERRETERA SARASARA S.A.C.,1.5,1.5,0.0,0.0,0.0,30.0,4424.0,1,2025-11-25,False
5509,TUBO COLAPSIBLE 30ML NATURAL C/TAPA,COMERCIAL FERRETERA SARASARA S.A.C.,1.3,1.3,0.0,0.0,0.0,100.0,4424.0,3,2026-02-13,False
5510,POTE DOBLE FONDO BLANCO IMPORTADO 120GR C/TAPA Y LAINA,COMERCIAL FERRETERA SARASARA S.A.C.,2.7,2.7,0.0,0.0,0.0,50.0,4424.0,2,2025-12-06,False
5511,POTE PET TRANSPARENTE 750ML C/TAPA,COMERCIAL FERRETERA SARASARA S.A.C.,2.2,2.2,0.0,0.0,0.0,100.0,4424.0,1,2026-01-01,False
5513,TUBO ENSAYO PYREX 13*100 (BX250) 10ml,BIO CHEMICALSS S.A.C.,0.35,0.35,0.0,0.0,0.0,250.0,500.0,1,2026-04-16,False
5515,FIOLA DE VIDRIO 250ML,CORPORACION PROMELAB E.I.R.L.,10.0,10.0,0.0,0.0,0.0,5.0,1250.0,4,2026-02-06,False
5517,REJILLA CON CENTRO CERAMICO 125MM,IMPORTADORA ANDINA E.I.R.L,3.23666,3.23666,0.0,0.0,0.0,6.0,66.0,1,2025-11-24,False
5518,FRASCO PET DE COLORES BOSTON 120ML C/TAPA FLIP TOP N20,COMERCIAL FERRETERA SARASARA S.A.C.,1.1,1.1,0.0,0.0,0.0,50.0,4424.0,1,2025-12-01,False
5519,BRILLO 12*18 (100und),NEGOCIACIONES MANTARI E.I.R.L.,8.0,8.0,0.0,0.0,0.0,1.0,300.0,1,2025-12-01,False
5520,BRILLO 13*20,NEGOCIACIONES MANTARI E.I.R.L.,9.0,9.0,0.0,0.0,0.0,1.0,300.0,1,2025-12-01,False
5521,FRASCO DE VIDRIO BOCA ANCHA AMBAR TAPA AZUL 500ML,MATRAZ PERU E.I.R.L.,5.2,5.2,0.0,0.0,0.0,48.0,1697.0,1,2025-11-29,False
5523,GOTERO VIDRIO AMBAR 15ML B18 C/TAPA Y CHUPON C/SEGURO,COMERCIAL FERRETERA SARASARA S.A.C.,1.0,1.0,0.0,0.0,0.0,50.0,4424.0,1,2025-12-03,False
5524,TAPA PRESS N20,COMERCIAL FERRETERA SARASARA S.A.C.,0.5,0.5,0.0,0.0,0.0,50.0,4424.0,1,2025-12-03,False
5525,PASTILLERO PLASTICO BLANCO 180ML C/TAPA,COMERCIAL FERRETERA SARASARA S.A.C.,1.5,1.5,0.0,0.0,0.0,100.0,4424.0,1,2025-12-04,False
5526,BARRA AGITADORA MAGNETICA C100 10*4MM (AGITADOR MAGNETICO),CORPORACION PROMELAB E.I.R.L.,3.0,3.0,0.0,0.0,0.0,1.0,1250.0,1,2025-12-02,False
5527,VASO PRECIPITADO DE VIDRIO 25ML (BEAKER),MATRAZ PERU E.I.R.L.,1.2,1.2,0.0,0.0,0.0,384.0,1697.0,1,2025-11-29,False
5528,EMBUDO DE VIDRIO DE BOROSILICATO DE 75MM G-,MATRAZ PERU E.I.R.L.,3.3,3.3,0.0,0.0,0.0,210.0,1697.0,1,2025-11-29,False
5529,LACTODENSIMETRO CON TERMOMETRO RANGO 0-40 BOECO,CORPORACION PROMELAB E.I.R.L.,35.0,35.0,0.0,0.0,0.0,2.0,1250.0,2,2025-12-12,False
5541,CUCHARA CON ESPATULA DE ACERO INOXIDABLE 30CM,CORPORACION PROMELAB E.I.R.L.,9.0,9.0,0.0,0.0,0.0,1.0,1250.0,2,2025-12-29,False
5542,TRIPODE,CORPORACION PROMELAB E.I.R.L.,10.0,10.0,0.0,0.0,0.0,2.0,1250.0,2,2026-04-13,False
5543,PEPEL TORNASOL ROJO 100 TIRAS,CORPORACION PROMELAB E.I.R.L.,5.0,5.0,0.0,0.0,0.0,1.0,1250.0,1,2025-12-06,False
5544,TERMOMETRO CON LASER INFRARROJO INDUSTRIAL,CORPORACION PROMELAB E.I.R.L.,70.0,70.0,0.0,0.0,0.0,1.0,1250.0,1,2025-12-12,False
5545,REFRACTROMETRO ATC 0-32% BRIX,CORPORACION PROMELAB E.I.R.L.,80.0,80.0,0.0,0.0,0.0,1.0,1250.0,1,2025-12-12,False
5549,GOTERO VIDRIO AMBAR 100ML TAPA METALIZADA DORADA Y CHUPON,COMERCIAL FERRETERA SARASARA S.A.C.,2.0,2.0,0.0,0.0,0.0,100.0,4424.0,1,2026-01-01,False
5550,GOTERO VIDRIO AMBAR 50ML TAPA METALIZADA DORADA Y CHUPON,COMERCIAL FERRETERA SARASARA S.A.C.,1.6,1.6,0.0,0.0,0.0,100.0,4424.0,1,2026-01-01,False
5551,TAPA FLIP TOP BLANCO N20,COMERCIAL FERRETERA SARASARA S.A.C.,0.4,0.4,0.0,0.0,0.0,100.0,4424.0,1,2026-01-14,False
5552,CREMERO SIMPLE 30GR C/ TAPA Y LAINA NEGRO,COMERCIAL FERRETERA SARASARA S.A.C.,0.36,0.36,0.0,0.0,0.0,100.0,4424.0,1,2026-01-14,False
5554,FRASCO PET COLORES BOSTON 120ML C/TAPA DISPENSADOR B20,COMERCIAL FERRETERA SARASARA S.A.C.,1.3,1.3,0.0,0.0,0.0,25.0,4424.0,1,2026-02-03,False
5555,FRASCO GOTERO INTERNO VIDRIO AMBAR  50ML B18 C/TAPA,COMERCIAL FERRETERA SARASARA S.A.C.,1.2,1.2,0.0,0.0,0.0,25.0,4424.0,1,2026-01-17,False
5556,FRASCO GOTERO INTERNO VIDRIO AMBAR 15ML B18 C/TAPA,COMERCIAL FERRETERA SARASARA S.A.C.,0.9,0.9,0.0,0.0,0.0,25.0,4424.0,1,2026-01-17,False
5558,FRASCO PET TRANSPARENTE 200ML CON TAPA SPRAY N24,COMERCIAL FERRETERA SARASARA S.A.C.,2.0,2.0,0.0,0.0,0.0,25.0,4424.0,1,2026-01-17,False
5559,FRASCO VIDRIO NEGRO 10ML C/TAPA Y TAPON N18,COMERCIAL FERRETERA SARASARA S.A.C.,1.0,1.0,0.0,0.0,0.0,100.0,4424.0,1,2026-01-30,False
5560,LIPSTICK / BALSAMO LABIAL BLANCO 15ML,COMERCIAL FERRETERA SARASARA S.A.C.,1.7,1.7,0.0,0.0,0.0,100.0,4424.0,1,2026-01-30,False
5561,FRASCO ESMALTE VIDRIO TRANSPARENTE OVALADO 8ML CON BROCHA Y TAPA,COMERCIAL FERRETERA SARASARA S.A.C.,0.8,0.8,0.0,0.0,0.0,50.0,4424.0,1,2026-02-03,False
5562,POTE PLASTICO BLANCO 20GR CON TAPA B40,COMERCIAL FERRETERA SARASARA S.A.C.,0.24,0.24,0.0,0.0,0.0,100.0,4424.0,1,2026-02-03,False
5564,FRASCO PET BLANCO 60ML C/TAPA SPRAY N20,COMERCIAL FERRETERA SARASARA S.A.C.,1.0,1.0,0.0,0.0,0.0,50.0,4424.0,1,2026-02-03,False
5565,FRASCO DE VIDRIO AMBAR BOCA ANCHA TAPA AZUL 1L,CORPORACION PROMELAB E.I.R.L.,10.0,10.0,0.0,0.0,0.0,8.0,1250.0,4,2026-03-10,False
5566,CEPILLO DE LIMPIEZA PARA PROBETA DE 100ML,CORPORACION PROMELAB E.I.R.L.,2.5,2.5,0.0,0.0,0.0,2.0,1250.0,1,2026-01-06,False
5567,CEPILLO DE LIMPIEZA PARA PROBETA DE 250ML,CORPORACION PROMELAB E.I.R.L.,3.0,3.0,0.0,0.0,0.0,2.0,1250.0,1,2026-01-06,False
5568,CEPILLO DE LIMPIEZA PARA PROBETA DE 500ML,CORPORACION PROMELAB E.I.R.L.,5.0,5.0,0.0,0.0,0.0,2.0,1250.0,1,2026-01-06,False
5569,FRASCO PEAD PLASTICO AMARILLO CILINDRO 350ML,INVERSIONES AGO S.A.C.,0.04,0.04,0.0,0.0,0.0,1.0,6084.0,1,2026-01-21,False
5570,FRASCO PEAD PLASTICO AMARILLO CILINDRO 150ML,INVERSIONES AGO S.A.C.,0.04,0.04,0.0,0.0,0.0,1.0,6084.0,1,2026-01-21,False
5571,BOMBA ATOMIZADORA ACANALADO N24/410 NEGRO,INVERSIONES AGO S.A.C.,0.04,0.04,0.0,0.0,0.0,2.0,6084.0,1,2026-01-21,False
5572,MATRAZ ERLENMEYER DE POLIPROPILENO 250ML,IMPORTADORA ANDINA E.I.R.L,17.87167,17.87167,0.0,0.0,0.0,6.0,66.0,1,2026-01-23,False
5574,TERMOMETRO DE VIDRIO -20 +150,MATRAZ PERU E.I.R.L.,19.0,19.0,0.0,0.0,0.0,5.0,1697.0,2,2026-02-13,False
5575,TUBO DE ENSAYO T/ROSCA 20*150MM - PYREX,CORPORACION PROMELAB E.I.R.L.,2.0,2.0,0.0,0.0,0.0,10.0,1250.0,1,2026-02-05,False
5578,Balanza 200g-0.01g,GRIT LABS S.A.C.,9.9,9.9,0.0,0.0,0.0,10.0,11.0,1,2026-03-26,False
5579,FRASCO ESMALTE VIDRIO TRANSPARENTE 15ML CON BROCHA Y TAPA,COMERCIAL FERRETERA SARASARA S.A.C.,1.0,1.0,0.0,0.0,0.0,100.0,4424.0,1,2026-02-23,False
5580,POTE PROTEINA 3.3KG,COMERCIAL FERRETERA SARASARA S.A.C.,3.5,3.5,0.0,0.0,0.0,25.0,4424.0,1,2026-02-23,False
5581,SOLO TAPA SPRAY MINI PISTOLA NEGRA N20,ENVIPLAST E.I.R.L.,0.6,0.6,0.0,0.0,0.0,100.0,2050.0,1,2026-02-24,False
5582,PIPETEADOR DE CREMALLERA AZUL (PUMP) 2ML,CORPORACION PROMELAB E.I.R.L.,13.0,13.0,0.0,0.0,0.0,2.0,1250.0,1,2026-02-25,False
5583,FRASCO PET CAMPANA 300ML BLANCO C/T SPRAY PISTOLA PVE,ENVIPLAST E.I.R.L.,1.8,1.8,0.0,0.0,0.0,100.0,2050.0,1,2026-02-23,False
5584,SOLO TAPA ESPUMERO B28,IMPORTACIONES JIM SAN CHANG SOCIEDAD ANONIMA CERRADA,1.1278,1.1278,0.0,0.0,0.0,500.0,2000.0,1,2026-02-26,False
5586,ENVASE PEAD BLANCO CILINDRO 350ML,INVERSIONES AGO S.A.C.,0.65,0.65,0.0,0.0,0.0,500.0,6084.0,1,2026-02-26,False
5587,VASO DE PLASTICO GRADUADO ALTO RELIEVE 500ML ISOLAB,CRISTOFER IMPORT EIRL,14.0,14.0,0.0,0.0,0.0,6.0,300.0,1,2026-03-02,False
5588,TAPA DISPENSADORA NEGRO B28MM,IMPORTACIONES JIM SAN CHANG SOCIEDAD ANONIMA CERRADA,0.45629,0.45629,0.0,0.0,0.0,1000.0,2000.0,1,2026-03-02,False
5593,FRASCO PET AZUL 250ML C/TAPA DISPENSADORA N24,ENVIPLAST E.I.R.L.,2.1,2.1,0.0,0.0,0.0,24.0,2050.0,1,2026-03-03,False
5594,POTE CREMERO SIMPLE C/ CINTILLO PLATEADO 200GR C/TAPA Y LAINA,MULTIGLASS & PLASTIC E.I.R.L.,3.3,3.3,0.0,0.0,0.0,25.0,2350.0,2,2026-04-06,False
5595,FRASCO GOTERO INTERNO VIDRIO AZUL 10ML B/18 C/TAPA,COMERCIAL FERRETERA SARASARA S.A.C.,0.9,0.9,0.0,0.0,0.0,500.0,4424.0,1,2026-03-06,False
5597,POTE DE VIDRIO RECTO TRANPARENTE C/ TAPA METALIZADA 458ML,ENVASES DEL PERU WILDOR EIRL,1.8,1.8,0.0,0.0,0.0,96.0,823.0,1,2026-03-11,False
5598,TAPA PRESS N°24,ENVIPLAST E.I.R.L.,0.8,0.8,0.0,0.0,0.0,50.0,2050.0,1,2026-03-13,False
5599,POTE PLASTICO BLANCO ALTO 300GR C/TAPA Y LAINA,ENVIPLAST E.I.R.L.,1.8,1.8,0.0,0.0,0.0,50.0,2050.0,1,2026-03-30,False
5600,POTE PLASTICO BLANCO 200GR C/TAPA Y LAINA,ENVIPLAST E.I.R.L.,1.5,1.5,0.0,0.0,0.0,50.0,2050.0,1,2026-03-30,False
5603,PIPETA SEREOLOGICA GRADUADA VIDRIO 3ML,CORPORACION PROMELAB E.I.R.L.,2.5,2.5,0.0,0.0,0.0,5.0,1250.0,1,2026-03-27,False
5604,SOLO TAPA GOTERO INTERNO Y TAPON N18,ENVIPLAST E.I.R.L.,0.12,0.12,0.0,0.0,0.0,25.0,2050.0,1,2026-04-01,False
5605,MATRAZ CON PICO KITAZATO DE VIDRIO 500ML,CORPORACION PROMELAB E.I.R.L.,15.0,15.0,0.0,0.0,0.0,1.0,1250.0,1,2026-04-06,False
5607,TUBO PARA BRILLO LABIAL 10ML GLOSS,ENVIPLAST E.I.R.L.,2.0,2.0,0.0,0.0,0.0,30.0,2050.0,1,2026-04-08,False
5608,CRISOL 25ML,CORPORACION PROMELAB E.I.R.L.,2.5,2.5,0.0,0.0,0.0,100.0,1250.0,1,2026-04-10,False
5610,FRASCO LAVAVAJILLA PET 500ML S/TAPA,INVERSIONES AGO S.A.C.,0.6,0.6,0.0,0.0,0.0,500.0,6084.0,1,2026-04-14,False
5611,FRASCO PET TRANSPARENTE GATILLO 650ML MOD IP S/TAPA B28,INVERSIONES AGO S.A.C.,0.71,0.71,0.0,0.0,0.0,500.0,6084.0,1,2026-04-14,False
5612,PET JABONERA TRANSPARENTE 28GR 400ML S/TAPA B28,INVERSIONES AGO S.A.C.,0.45,0.45,0.0,0.0,0.0,500.0,6084.0,1,2026-04-14,False
5613,SOLO TRIGGER MINI GATILLO BLANCO B24,INVERSIONES AGO S.A.C.,0.56,0.56,0.0,0.0,0.0,1000.0,6084.0,1,2026-04-14,False
5614,BURETA DE VIDRIO C/LLAVE TEFLON 50ML,BIO CHEMICALSS S.A.C.,45.0,45.0,0.0,0.0,0.0,2.0,500.0,1,2026-04-17,False
5615,CUCHARA DE POLIETILENO PARA STEVIA,ENVIPLAST E.I.R.L.,0.07,0.07,0.0,0.0,0.0,2000.0,2050.0,1,2026-04-21,False
5616,TUBO DE ENSAYO T/ROSCA 20*125 PYREX,BIO CHEMICALSS S.A.C.,2.0,2.0,0.0,0.0,0.0,5.0,500.0,1,2026-04-30,False
5617,PIPETA SEREOLOGICA 1ML - BOECO AZUL,BIO CHEMICALSS S.A.C.,4.5,4.5,0.0,0.0,0.0,12.0,500.0,1,2026-04-29,False
6514,GOTERO VIDRIO AMBAR 20ML TAPA METALIZADA DORADA Y CHUPON,ENVIPLAST E.I.R.L.,1.3,1.3,0.0,0.0,0.0,50.0,2050.0,1,2026-04-18,False
