product_id,product_name,software_category,unit,current_price,stock_available,stock_available_raw,stock_status,software_category_confidence,is_commercial_product,product_name_norm,source_dataset
0,LAPTOP MAMEL,SIN CATEGORÍA,NIU,,0.0,0.0,zero,low,True,LAPTOP MAMEL,products
1,utiles de oficina,SIN CATEGORÍA,NIU,,3.0,3.0,positive,low,True,UTILES DE OFICINA,products
2,ORTOPEDIA,SIN CATEGORÍA,NIU,,1.0,1.0,positive,low,True,ORTOPEDIA,products
3,BOLSA 16*19 C/ASA *100UND,SIN CATEGORÍA,BG,0.2,2.0,2.0,positive,low,True,BOLSA 16 19 C ASA 100UND,products
4,BOLSA 12*16 BCO ALFA *100UND,SIN CATEGORÍA,NIU,0.15,6.0,6.0,positive,low,True,BOLSA 12 16 BCO ALFA 100UND,products
5,ARTICULOS DE FERRETERIA,SIN CATEGORÍA,NIU,,0.0,-19.0,negative_raw_clipped,low,True,ARTICULOS DE FERRETERIA,products
6,MATERIAL MEDICO,SIN CATEGORÍA,NIU,10.0,0.0,-21.0,negative_raw_clipped,low,True,MATERIAL MEDICO,products
7,"GASTOS ADMINISTRITIVOS, MENAJES Y ONOMASTICOS",SIN CATEGORÍA,NIU,,23.0,23.0,positive,low,True,GASTOS ADMINISTRITIVOS MENAJES Y ONOMASTICOS,products
8,BOLSA 16*19 C/ASA*100UND,SIN CATEGORÍA,NIU,6.0,3.0,3.0,positive,low,True,BOLSA 16 19 C ASA 100UND,products
9,BOLSA 21*24,SIN CATEGORÍA,NIU,13.5,2.0,2.0,positive,low,True,BOLSA 21 24,products
10,EQUIPOS DE SEGURIDAD,SIN CATEGORÍA,NIU,1.0,0.0,-52.0,negative_raw_clipped,low,True,EQUIPOS DE SEGURIDAD,products
5000,FRASCO GOTERO VIDRIO AMBAR 5ML CON TAPA Y CHUPON,SIN CATEGORÍA,NIU,1.2,555.0,555.0,positive,low,True,FRASCO GOTERO VIDRIO AMBAR 5ML CON TAPA Y CHUPON,products
5001,FRASCO GOTERO VIDRIO AMBAR 10ML CON TAPA Y CHUPON,SIN CATEGORÍA,NIU,1.2,0.0,-989.0,negative_raw_clipped,low,True,FRASCO GOTERO VIDRIO AMBAR 10ML CON TAPA Y CHUPON,products
5002,FRASCO GOTERO VIDRIO AMBAR 15ML CON TAPA Y CHUPON,SIN CATEGORÍA,NIU,1.35,0.0,-235.0,negative_raw_clipped,low,True,FRASCO GOTERO VIDRIO AMBAR 15ML CON TAPA Y CHUPON,products
5003,FRASCO GOTERO VIDRIO AMBAR 20ML CON TAPA Y CHUPON,SIN CATEGORÍA,NIU,1.4,61.0,61.0,positive,low,True,FRASCO GOTERO VIDRIO AMBAR 20ML CON TAPA Y CHUPON,products
5004,FRASCO GOTERO VIDRIO AMBAR 30ML CON TAPA Y CHUPON,SIN CATEGORÍA,NIU,1.65,0.0,-1530.0,negative_raw_clipped,low,True,FRASCO GOTERO VIDRIO AMBAR 30ML CON TAPA Y CHUPON,products
5005,FRASCO GOTERO VIDRIO AMBAR 50ML CON TAPA Y CHUPON,SIN CATEGORÍA,NIU,1.95,0.0,-1746.0,negative_raw_clipped,low,True,FRASCO GOTERO VIDRIO AMBAR 50ML CON TAPA Y CHUPON,products
5006,FRASCO GOTERO VIDRIO AMBAR 100ML CON TAPA Y CHUPON,SIN CATEGORÍA,NIU,2.2,70.0,70.0,positive,low,True,FRASCO GOTERO VIDRIO AMBAR 100ML CON TAPA Y CHUPON,products
5007,TAPA DISPENSADORA BLANCO B28MM,SIN CATEGORÍA,NIU,1.0,1640.0,1640.0,positive,low,True,TAPA DISPENSADORA BLANCO B28MM,products
5008,FRASCO VIDRIO AMBAR IMPORTADO 125ML TAPA ESPRAY BAJA,SIN CATEGORÍA,NIU,2.8,0.0,-69.0,negative_raw_clipped,low,True,FRASCO VIDRIO AMBAR IMPORTADO 125ML TAPA ESPRAY BAJA,products
5009,PROBADOR VIDRIO TRASPARENTE 2ML CON TAPA SPRAY,SIN CATEGORÍA,NIU,0.85,234.0,234.0,positive,low,True,PROBADOR VIDRIO TRASPARENTE 2ML CON TAPA SPRAY,products
5010,PROBADOR VIDRIO TRASPARENTE 3ML CON TAPA SPRAY,SIN CATEGORÍA,NIU,0.955,213.0,213.0,positive,low,True,PROBADOR VIDRIO TRASPARENTE 3ML CON TAPA SPRAY,products
5011,PROBADOR VIDRIO TRASPARENTE 5ML CON TAPA SPRAY,SIN CATEGORÍA,NIU,1.1,331.0,331.0,positive,low,True,PROBADOR VIDRIO TRASPARENTE 5ML CON TAPA SPRAY,products
5012,PROBADOR VIDRIO TRASPARENTE 10ML CON TAPA SPRAY,SIN CATEGORÍA,NIU,1.25,251.0,251.0,positive,low,True,PROBADOR VIDRIO TRASPARENTE 10ML CON TAPA SPRAY,products
5013,FRASCO PARA RIMEL 5ML(9CM X 1CM) CON TAPA,SIN CATEGORÍA,NIU,2.7,69.0,69.0,positive,low,True,FRASCO PARA RIMEL 5ML 9CM X 1CM CON TAPA,products
5014,POTE CREMERO SIMPLE 30GR CON TAPA Y LAINA,SIN CATEGORÍA,NIU,0.5,1013.0,1013.0,positive,low,True,POTE CREMERO SIMPLE 30GR CON TAPA Y LAINA,products
5015,POTE PLASTICO 1KG B110 BLANCO C/TAPA,SIN CATEGORÍA,NIU,3.0,0.0,-407.0,negative_raw_clipped,low,True,POTE PLASTICO 1KG B110 BLANCO C TAPA,products
5016,FRASCO VIDRIO AMBAR HOMBRO CAIDO 250ML TAPA ESPRAY PISTOLA,SIN CATEGORÍA,NIU,3.8,0.0,-23.0,negative_raw_clipped,low,True,FRASCO VIDRIO AMBAR HOMBRO CAIDO 250ML TAPA ESPRAY PISTOLA,products
5017,POTE CREMERO SIMPLE 60GR CON TAPA Y LAINA,SIN CATEGORÍA,NIU,0.9,281.0,281.0,positive,low,True,POTE CREMERO SIMPLE 60GR CON TAPA Y LAINA,products
5018,FRASCO BULLET 30ML CON TAPA ATOMIZADOR,SIN CATEGORÍA,NIU,1.1,1284.0,1284.0,positive,low,True,FRASCO BULLET 30ML CON TAPA ATOMIZADOR,products
5019,FRASCO BULLET 60ML CON TAPA ATOMIZADOR,SIN CATEGORÍA,NIU,1.2,1598.0,1598.0,positive,low,True,FRASCO BULLET 60ML CON TAPA ATOMIZADOR,products
5020,FRASCO ESMALTE 5ML VIDRIO TRANSPARENTE CON BROCHA Y TAPA,SIN CATEGORÍA,NIU,0.85,1310.0,1310.0,positive,low,True,FRASCO ESMALTE 5ML VIDRIO TRANSPARENTE CON BROCHA Y TAPA,products
5021,FRASCO PET TRANSPARENTE ESPUMERO 100ML CON TAPA,SIN CATEGORÍA,NIU,2.9,189.0,189.0,positive,low,True,FRASCO PET TRANSPARENTE ESPUMERO 100ML CON TAPA,products
5022,FRASCO PET TRANSPARENTE ESPUMERO 150ML CON TAPA,SIN CATEGORÍA,NIU,3.8,91.0,91.0,positive,low,True,FRASCO PET TRANSPARENTE ESPUMERO 150ML CON TAPA,products
5023,FRASCO PET TRANSPARENTE 30ML C/TAPA FLIT TOP N18,SIN CATEGORÍA,NIU,1.2,39.0,39.0,positive,low,True,FRASCO PET TRANSPARENTE 30ML C TAPA FLIT TOP N18,products
5024,FRASCO PET BLANCO ESPUMERO 150ML CON TAPA,SIN CATEGORÍA,NIU,3.8,151.0,151.0,positive,low,True,FRASCO PET BLANCO ESPUMERO 150ML CON TAPA,products
5025,PASTILLERO PLASTICO BLANCO 40GR CON TAPA,LABORATORIO,NIU,0.85,56.0,56.0,positive,normal,True,PASTILLERO PLASTICO BLANCO 40GR CON TAPA,products
5026,PASTILLERO PLASTICO BLANCO 60GR CON TAPA,LABORATORIO,NIU,0.85,69.0,69.0,positive,normal,True,PASTILLERO PLASTICO BLANCO 60GR CON TAPA,products
5027,PASTILLERO PLASTICO BLANCO 90GR CON TAPA,LABORATORIO,NIU,0.972,0.0,-37.0,negative_raw_clipped,normal,True,PASTILLERO PLASTICO BLANCO 90GR CON TAPA,products
5028,PASTILLERO PLASTICO BLANCO 120GR CON TAPA,LABORATORIO,NIU,1.375,593.0,593.0,positive,normal,True,PASTILLERO PLASTICO BLANCO 120GR CON TAPA,products
5029,PASTILLERO PLASTICO NEGRO 40GR CON TAPA,LABORATORIO,NIU,1.15,0.0,-1.0,negative_raw_clipped,normal,True,PASTILLERO PLASTICO NEGRO 40GR CON TAPA,products
5030,PASTILLERO PLASTICO NEGRO 60GR CON TAPA,LABORATORIO,NIU,0.9,11.0,11.0,positive,normal,True,PASTILLERO PLASTICO NEGRO 60GR CON TAPA,products
5031,PASTILLERO PLASTICO NEGRO 90GR CON TAPA,LABORATORIO,NIU,1.25,23.0,23.0,positive,normal,True,PASTILLERO PLASTICO NEGRO 90GR CON TAPA,products
5032,PASTILLERO PLASTICO NEGRO 120GR CON TAPA,LABORATORIO,NIU,1.4,19.0,19.0,positive,normal,True,PASTILLERO PLASTICO NEGRO 120GR CON TAPA,products
5033,FRASCO PLASTICO NATURAL 30ML CON TAPON Y TAPA N28,SIN CATEGORÍA,NIU,0.525,79.0,79.0,positive,low,True,FRASCO PLASTICO NATURAL 30ML CON TAPON Y TAPA N28,products
5034,FRASCO PLASTICO NATURAL 120ML CON TAPON Y TAPA B/28,SIN CATEGORÍA,NIU,0.5,200.0,200.0,positive,low,True,FRASCO PLASTICO NATURAL 120ML CON TAPON Y TAPA B 28,products
5035,FRASCO PLASTICO NATURAL 250ML CON TAPON Y TAPA B28MM,SIN CATEGORÍA,NIU,0.8,275.0,275.0,positive,low,True,FRASCO PLASTICO NATURAL 250ML CON TAPON Y TAPA B28MM,products
5036,FRASCO PLASTICO NATURAL 500ML CON TAPON Y TAPA B28MM,SIN CATEGORÍA,NIU,1.1,4044.0,4044.0,positive,low,True,FRASCO PLASTICO NATURAL 500ML CON TAPON Y TAPA B28MM,products
5037,FRASCO PLASTICO NATURAL 1LT CON TAPA Y TAPON N28,SIN CATEGORÍA,NIU,1.35405,0.0,-181.0,negative_raw_clipped,low,True,FRASCO PLASTICO NATURAL 1LT CON TAPA Y TAPON N28,products
5038,FRASCO PLASTICO AMBAR 60ML CON TAPA Y TAPON N28,SIN CATEGORÍA,NIU,0.6,241.0,241.0,positive,low,True,FRASCO PLASTICO AMBAR 60ML CON TAPA Y TAPON N28,products
5039,FRASCO PLASTICO AMBAR 120ML CON TAPA Y TAPON N28,SIN CATEGORÍA,NIU,0.65,93.0,93.0,positive,low,True,FRASCO PLASTICO AMBAR 120ML CON TAPA Y TAPON N28,products
5040,FRASCO PLASTICO AMBAR 250ML CON TAPA Y TAPON N28,SIN CATEGORÍA,NIU,1.1,0.0,-140.0,negative_raw_clipped,low,True,FRASCO PLASTICO AMBAR 250ML CON TAPA Y TAPON N28,products
5041,FRASCO PLASTICO AMBAR 500ML CON TAPA Y TAPON N28,SIN CATEGORÍA,NIU,1.3,105.0,105.0,positive,low,True,FRASCO PLASTICO AMBAR 500ML CON TAPA Y TAPON N28,products
5042,FRASCO PLASTICO AMBAR 1LT CON TAPA Y TAPON N28,SIN CATEGORÍA,NIU,1.5,44.0,44.0,positive,low,True,FRASCO PLASTICO AMBAR 1LT CON TAPA Y TAPON N28,products
5043,FRASCO PLASTICO BLANCO 30ML CON TAPA Y TAPON N28,SIN CATEGORÍA,NIU,0.555,0.0,-188.0,negative_raw_clipped,low,True,FRASCO PLASTICO BLANCO 30ML CON TAPA Y TAPON N28,products
5044,FRASCO PLASTICO BLANCO 60ML CON TAPA Y TAPON N28,SIN CATEGORÍA,NIU,0.54,145.0,145.0,positive,low,True,FRASCO PLASTICO BLANCO 60ML CON TAPA Y TAPON N28,products
5045,FRASCO PLASTICO BLANCO 120ML CON TAPA Y TAPON N28,SIN CATEGORÍA,NIU,0.555,0.0,-775.0,negative_raw_clipped,low,True,FRASCO PLASTICO BLANCO 120ML CON TAPA Y TAPON N28,products
5046,FRASCO PLASTICO BLANCO 250ML CON TAPA Y TAPON N28,SIN CATEGORÍA,NIU,1.05,390.0,390.0,positive,low,True,FRASCO PLASTICO BLANCO 250ML CON TAPA Y TAPON N28,products
5047,FRASCO PLASTICO BLANCO 500ML CON TAPA Y TAPON N28,SIN CATEGORÍA,NIU,1.2,1174.0,1174.0,positive,low,True,FRASCO PLASTICO BLANCO 500ML CON TAPA Y TAPON N28,products
5048,FRASCO PLASTICO BLANCO 1LT CON TAPA Y TAPON N28,SIN CATEGORÍA,NIU,1.5,52.0,52.0,positive,low,True,FRASCO PLASTICO BLANCO 1LT CON TAPA Y TAPON N28,products
5049,POTE CREMERO DOBLE FONDO NEGRO IMPORTADO 30GR CON TAPA Y LAINA,SIN CATEGORÍA,NIU,2.75,8.0,8.0,positive,low,True,POTE CREMERO DOBLE FONDO NEGRO IMPORTADO 30GR CON TAPA Y LAINA,products
5050,POTE CREMERO DOBLE FONDO NEGRO IMPORTADO 60ML,SIN CATEGORÍA,NIU,3.05,19.0,19.0,positive,low,True,POTE CREMERO DOBLE FONDO NEGRO IMPORTADO 60ML,products
5051,TAPA DE PLASTICO ROSCA,TAPONES,NIU,0.2,0.0,-90.0,negative_raw_clipped,normal,True,TAPA DE PLASTICO ROSCA,products
5052,FRASCO VIDRIO AMBAR 250ML HOMBRO CAIDO C/TAPA Y TAPON,SIN CATEGORÍA,NIU,2.7,0.0,-72.0,negative_raw_clipped,low,True,FRASCO VIDRIO AMBAR 250ML HOMBRO CAIDO C TAPA Y TAPON,products
5053,FRASCO VIDRIO AMBAR IMPORTADO 125ML TAPA PLASTICO ROSCA,SIN CATEGORÍA,NIU,1.5,3.0,3.0,positive,low,True,FRASCO VIDRIO AMBAR IMPORTADO 125ML TAPA PLASTICO ROSCA,products
5054,FRASCO PLASTICO NATURAL 60ML CON TAPA Y TAPON B/28,SIN CATEGORÍA,NIU,0.57,602.0,602.0,positive,low,True,FRASCO PLASTICO NATURAL 60ML CON TAPA Y TAPON B 28,products
5055,FRASCO VIDRIO AMBAR IMPORTADO 250ML TAPA DISPENSADOR GEL,SIN CATEGORÍA,NIU,3.9,0.0,-19.0,negative_raw_clipped,low,True,FRASCO VIDRIO AMBAR IMPORTADO 250ML TAPA DISPENSADOR GEL,products
5056,PASTILLERO PVC/CRISTAL N°4 80GR T/ROSCA Blanca,LABORATORIO,NIU,2.425,5.0,5.0,positive,normal,True,PASTILLERO PVC CRISTAL N 4 80GR T ROSCA BLANCA,products
5057,PASTILLERO PVC/CRISTAL N°3 50GR TAPA Blanca,LABORATORIO,NIU,2.1,7.0,7.0,positive,normal,True,PASTILLERO PVC CRISTAL N 3 50GR TAPA BLANCA,products
5058,PASTILLERO ESPECIAL PVC CRISTAL 150GR CON T/ESP,LABORATORIO,NIU,2.7,15.0,15.0,positive,normal,True,PASTILLERO ESPECIAL PVC CRISTAL 150GR CON T ESP,products
5059,POTE PLASTICO PEAD BLANCO 1KG CON TAPA N°97,SIN CATEGORÍA,NIU,2.655,490.0,490.0,positive,low,True,POTE PLASTICO PEAD BLANCO 1KG CON TAPA N 97,products
5060,POTE PLASTICO PEAD BLANCO 500GR CON TAPA,SIN CATEGORÍA,NIU,2.6,4.0,4.0,positive,low,True,POTE PLASTICO PEAD BLANCO 500GR CON TAPA,products
5061,POTE PLASTICO PEAD BLANCO 250GR CON TAPA Y LAINA,SIN CATEGORÍA,NIU,2.25,0.0,-31.0,negative_raw_clipped,low,True,POTE PLASTICO PEAD BLANCO 250GR CON TAPA Y LAINA,products
5062,POTE PLASTICO PEAD BLANCO 500GR CON TAPA Y LAINA,SIN CATEGORÍA,NIU,2.55,0.0,-85.0,negative_raw_clipped,low,True,POTE PLASTICO PEAD BLANCO 500GR CON TAPA Y LAINA,products
5063,FRASCO VIDRIO AMBAR HOMBRO CAIDO 125ML TAPA ESPRAY PISTOLA negro,SIN CATEGORÍA,NIU,3.0,0.0,-37.0,negative_raw_clipped,low,True,FRASCO VIDRIO AMBAR HOMBRO CAIDO 125ML TAPA ESPRAY PISTOLA NEGRO,products
5064,GATILLO PULVERIZADOR 28/410,TAPONES,NIU,0.8,626.0,626.0,positive,normal,True,GATILLO PULVERIZADOR 28 410,products
5065,PISETA 250ML,LABORATORIO,NIU,4.5,0.0,-86.0,negative_raw_clipped,normal,True,PISETA 250ML,products
5066,PISETA 500 ML,LABORATORIO,NIU,5.5,237.0,237.0,positive,normal,True,PISETA 500 ML,products
5067,PIPETAS PASTEUR ESTRILES 3ML BX200,LABORATORIO,NIU,0.2,274.0,274.0,positive,normal,True,PIPETAS PASTEUR ESTRILES 3ML BX200,products
5068,CRIOVIAL C/TAPA ROSCA NO ESTERIL 2ML TAPA BLANCA (BOLSA*500UND),LABORATORIO,NIU,0.25,1301.0,1301.0,positive,normal,True,CRIOVIAL C TAPA ROSCA NO ESTERIL 2ML TAPA BLANCA BOLSA 500UND,products
5069,PISETA 1LT,LABORATORIO,NIU,7.0,118.0,118.0,positive,normal,True,PISETA 1LT,products
5070,FRASCO PET TRANSPARENTE 60ML CON TAPA Y TAPON N°28,SIN CATEGORÍA,NIU,1.2,0.0,-3.0,negative_raw_clipped,low,True,FRASCO PET TRANSPARENTE 60ML CON TAPA Y TAPON N 28,products
5071,GOTERO PLASTICO 100ML COLOR NATURAL,SIN CATEGORÍA,NIU,1.35,200.0,200.0,positive,low,True,GOTERO PLASTICO 100ML COLOR NATURAL,products
5072,FRASCO YOGURT 1LT BLANCO CON TAPA 38MM,SIN CATEGORÍA,NIU,1.3,857.0,857.0,positive,low,True,FRASCO YOGURT 1LT BLANCO CON TAPA 38MM,products
5073,FRASCO BULLET 75ML CON TAPA	ATOMIZADOR,SIN CATEGORÍA,NIU,1.2,695.0,695.0,positive,low,True,FRASCO BULLET 75ML CON TAPA ATOMIZADOR,products
5074,FRASCO BULLET 100ML CON TAPA ATOMIZADOR,SIN CATEGORÍA,NIU,1.3,1643.0,1643.0,positive,low,True,FRASCO BULLET 100ML CON TAPA ATOMIZADOR,products
5075,POTE PLASTICO 500GR B110MM BLANCO CON TAPA,SIN CATEGORÍA,NIU,2.9,110.0,110.0,positive,low,True,POTE PLASTICO 500GR B110MM BLANCO CON TAPA,products
5076,POTE PLASTICO BLANCO 250GR CON TAPA,SIN CATEGORÍA,NIU,1.3,54.0,54.0,positive,low,True,POTE PLASTICO BLANCO 250GR CON TAPA,products
5077,GOTERO PLASTICO X 10ML NATURAL S/P B15MM C/TAPA Y TAPON,SIN CATEGORÍA,NIU,0.35,0.0,-826.0,negative_raw_clipped,low,True,GOTERO PLASTICO X 10ML NATURAL S P B15MM C TAPA Y TAPON,products
5078,GOTERO PLASTICO 7ML NATURAL S/P B15MM C/TAPA Y TAPON,SIN CATEGORÍA,NIU,0.3,438.0,438.0,positive,low,True,GOTERO PLASTICO 7ML NATURAL S P B15MM C TAPA Y TAPON,products
5079,GOTERO PLASTICO 60ML NATURAL S/P B18MM C/TAPA Y TAPON,SIN CATEGORÍA,NIU,0.8,22.0,22.0,positive,low,True,GOTERO PLASTICO 60ML NATURAL S P B18MM C TAPA Y TAPON,products
5080,GOTERO PLASTICO 5ML NATURAL S/P C/TAPA,SIN CATEGORÍA,NIU,0.3,0.0,-1015.0,negative_raw_clipped,low,True,GOTERO PLASTICO 5ML NATURAL S P C TAPA,products
5081,GOTERO PLASTICO 15ML NATURAL S/P C/TAPA,SIN CATEGORÍA,NIU,0.32,0.0,-403.0,negative_raw_clipped,low,True,GOTERO PLASTICO 15ML NATURAL S P C TAPA,products
5082,GOTERO PLASTICO 30ML NATURAL S/P C/TAPA,SIN CATEGORÍA,NIU,0.32,0.0,-416.0,negative_raw_clipped,low,True,GOTERO PLASTICO 30ML NATURAL S P C TAPA,products
5083,VASO PRECIPITADO DE VIDRIO 1L (BEAKER),LABORATORIO,NIU,16.0,63.0,63.0,positive,normal,True,VASO PRECIPITADO DE VIDRIO 1L BEAKER,products
5084,VASO PRECIPITADO DE VIDRIO 500 ML (BEAKER),LABORATORIO,NIU,11.0,0.0,-50.0,negative_raw_clipped,normal,True,VASO PRECIPITADO DE VIDRIO 500 ML BEAKER,products
5085,VASO PRECIPITADO DE VIDRIO 250 ML (BEAKER) G-,LABORATORIO,NIU,7.5,20.0,20.0,positive,normal,True,VASO PRECIPITADO DE VIDRIO 250 ML BEAKER G,products
5086,VASO PRECIPITADO DE VIDRIO FORMA ALTA 250 ML (BEAKER),LABORATORIO,NIU,7.5,0.0,-1.0,negative_raw_clipped,normal,True,VASO PRECIPITADO DE VIDRIO FORMA ALTA 250 ML BEAKER,products
5087,VASO PRECIPITADO DE VIDRIO 100 ML (BEAKER),LABORATORIO,NIU,6.0,0.0,-20.0,negative_raw_clipped,normal,True,VASO PRECIPITADO DE VIDRIO 100 ML BEAKER,products
5088,VASO PRECIPITADO DE VIDRIO 50ML (BEAKER),LABORATORIO,NIU,5.0,164.0,164.0,positive,normal,True,VASO PRECIPITADO DE VIDRIO 50ML BEAKER,products
5089,PROBETA DE VIDRIO GRADUADA C/PICO 10 ML,LABORATORIO,NIU,7.0,5.0,5.0,positive,normal,True,PROBETA DE VIDRIO GRADUADA C PICO 10 ML,products
5090,PROBETA DE VIDRIO GRADUADA C/PICO 50 ML G-,LABORATORIO,NIU,12.0,94.0,94.0,positive,normal,True,PROBETA DE VIDRIO GRADUADA C PICO 50 ML G,products
5091,PROBETA DE VIDRIO GRADUADA C/PICO 100 ML,LABORATORIO,NIU,17.0,7.0,7.0,positive,normal,True,PROBETA DE VIDRIO GRADUADA C PICO 100 ML,products
5092,PROBETA DE PLASTICO GRADUADA 10 ML,LABORATORIO,NIU,4.0,0.0,-3.0,negative_raw_clipped,normal,True,PROBETA DE PLASTICO GRADUADA 10 ML,products
5093,PROBETA DE PLASTICO GRADUADA 50 ML,LABORATORIO,NIU,6.0,62.0,62.0,positive,normal,True,PROBETA DE PLASTICO GRADUADA 50 ML,products
5094,PROBETA DE PLASTICO GRADUADA 100 ML,LABORATORIO,NIU,10.0,27.0,27.0,positive,normal,True,PROBETA DE PLASTICO GRADUADA 100 ML,products
5095,PROBETA DE PLASTICO GRADUADA 250 ML,LABORATORIO,NIU,14.0,8.0,8.0,positive,normal,True,PROBETA DE PLASTICO GRADUADA 250 ML,products
5096,PLACA PETRI DE PLASTICO 90*15,LABORATORIO,NIU,0.6,1889.0,1889.0,positive,normal,True,PLACA PETRI DE PLASTICO 90 15,products
5097,BURETA DE VIDRIO GRADUADO DE 25 ML CON LLAVE DE VIDRIO,LABORATORIO,NIU,27.0,0.0,-1.0,negative_raw_clipped,normal,True,BURETA DE VIDRIO GRADUADO DE 25 ML CON LLAVE DE VIDRIO,products
5098,PROBADOR PLASTICO NATURAL FORMA BAJA 5ML CON TAPA ESPRAY,SIN CATEGORÍA,NIU,1.3,38.0,38.0,positive,low,True,PROBADOR PLASTICO NATURAL FORMA BAJA 5ML CON TAPA ESPRAY,products
5099,PROBADOR PLASTICO 5ML ESPRAY COLORES,SIN CATEGORÍA,NIU,1.6,108.0,108.0,positive,low,True,PROBADOR PLASTICO 5ML ESPRAY COLORES,products
5100,PINZA PARA TUBO DE ENSAYO DE METAL 11.5CM,LABORATORIO,NIU,8.0,11.0,11.0,positive,normal,True,PINZA PARA TUBO DE ENSAYO DE METAL 11 5CM,products
5101,POTE VIDRIO AMBAR IMPORTADO 250GR B45 C/TAPA,SIN CATEGORÍA,NIU,2.5,104.0,104.0,positive,low,True,POTE VIDRIO AMBAR IMPORTADO 250GR B45 C TAPA,products
5102,SOPORTE UNIVERSAL C/BASE Y VARILLA PINTADA - INTEK,LABORATORIO,NIU,,1.0,1.0,positive,normal,True,SOPORTE UNIVERSAL C BASE Y VARILLA PINTADA INTEK,products
5103,TUBO DE ENSAYO DE VIDRIO 12*75MM (PAQ 250UND),LABORATORIO,NIU,30.0,0.0,-39.0,negative_raw_clipped,normal,True,TUBO DE ENSAYO DE VIDRIO 12 75MM PAQ 250UND,products
5104,MORTERO DE 100MM C/PILON,LABORATORIO,NIU,13.5,0.0,-11.0,negative_raw_clipped,normal,True,MORTERO DE 100MM C PILON,products
5105,MATRAZ ERLENMEYER DE VIDRIO 250ML,LABORATORIO,NIU,10.0,0.0,-37.0,negative_raw_clipped,normal,True,MATRAZ ERLENMEYER DE VIDRIO 250ML,products
5106,MATRAZ ERLENMEYER DE VIDRIO 500ML,LABORATORIO,NIU,20.0,0.0,-5.0,negative_raw_clipped,normal,True,MATRAZ ERLENMEYER DE VIDRIO 500ML,products
5107,LAMINA PORTAOBJETO 7101 (PAQ. 50UND),LABORATORIO,NIU,4.0,71.0,71.0,positive,normal,True,LAMINA PORTAOBJETO 7101 PAQ 50UND,products
5108,EMBUDO DE VIDRIO DE BOROSILICATO DE 100MM,LABORATORIO,NIU,10.0,7.0,7.0,positive,normal,True,EMBUDO DE VIDRIO DE BOROSILICATO DE 100MM,products
5109,PINZA DE MADERA PARA TUBO DE ENSAYO,LABORATORIO,NIU,3.5,0.0,-5.0,negative_raw_clipped,normal,True,PINZA DE MADERA PARA TUBO DE ENSAYO,products
5110,PIPETA SEREOLOGICA GRADUADA DE VIDRIO DE 10ML - CITOGLAS,LABORATORIO,NIU,10.0,0.0,-2.0,negative_raw_clipped,normal,True,PIPETA SEREOLOGICA GRADUADA DE VIDRIO DE 10ML CITOGLAS,products
5111,MECHERO BUNSEN PLOMO,LABORATORIO,NIU,45.0,4.0,4.0,positive,normal,True,MECHERO BUNSEN PLOMO,products
5112,LENTES DE PROTECCION DE MARCO NEGRO,LABORATORIO,NIU,5.0,0.0,-2.0,negative_raw_clipped,normal,True,LENTES DE PROTECCION DE MARCO NEGRO,products
5113,TERMOMETRO  DIGITAL DE VASTAGO PARA COCINA DE 15CM,LABORATORIO,NIU,14.0,75.0,75.0,positive,normal,True,TERMOMETRO DIGITAL DE VASTAGO PARA COCINA DE 15CM,products
5114,GRADILLA ACRILICA PARA 50 TUBOS,LABORATORIO,NIU,13.5,20.0,20.0,positive,normal,True,GRADILLA ACRILICA PARA 50 TUBOS,products
5115,POTE CREMERO VIDRIO PAVONADO 30GR CON LAINA Y TAPA,SIN CATEGORÍA,NIU,3.0,92.0,92.0,positive,low,True,POTE CREMERO VIDRIO PAVONADO 30GR CON LAINA Y TAPA,products
5116,FRASCO VIDRIO TRANSPARENTE TUBULAR 15ML CON TAPA BAQUELITA N18,LABORATORIO,NIU,,21.0,21.0,positive,normal,True,FRASCO VIDRIO TRANSPARENTE TUBULAR 15ML CON TAPA BAQUELITA N18,products
5117,FRASCO VIDRIO TRANSPARENTE TUBULAR 10ML CON TAPA BAQUELITA B/20,LABORATORIO,NIU,1.55,10.0,10.0,positive,normal,True,FRASCO VIDRIO TRANSPARENTE TUBULAR 10ML CON TAPA BAQUELITA B 20,products
5118,FRASCO VIDRIO TRANSPARENTE TUBULAR 5ML CON TAPA BAQUELITA N20,LABORATORIO,NIU,1.5,105.0,105.0,positive,normal,True,FRASCO VIDRIO TRANSPARENTE TUBULAR 5ML CON TAPA BAQUELITA N20,products
5119,FRASCO PET CAMPANA TRANSPARENTE 500ML B/28 TAPA ESPRAY PISTOLA..,SIN CATEGORÍA,NIU,2.2,29.0,29.0,positive,low,True,FRASCO PET CAMPANA TRANSPARENTE 500ML B 28 TAPA ESPRAY PISTOLA,products
5120,FRASCO PET TRANSPARENTE 60ML B/20 C/TAPA DISPENSADOR,SIN CATEGORÍA,NIU,1.35,2.0,2.0,positive,low,True,FRASCO PET TRANSPARENTE 60ML B 20 C TAPA DISPENSADOR,products
5121,FRASCO PET TRANSPARENTE 30ML B/20 TAPA DISPENSADOR GEL,SIN CATEGORÍA,NIU,1.5,418.0,418.0,positive,low,True,FRASCO PET TRANSPARENTE 30ML B 20 TAPA DISPENSADOR GEL,products
5122,POTE ACRILICO 10GR C/TAPA ROSCA,SIN CATEGORÍA,NIU,1.4,624.0,624.0,positive,low,True,POTE ACRILICO 10GR C TAPA ROSCA,products
5123,POTE VIDRIO AMBAR IMPORTADO 1KG C/TAPA,SIN CATEGORÍA,NIU,8.0,0.0,-20.0,negative_raw_clipped,low,True,POTE VIDRIO AMBAR IMPORTADO 1KG C TAPA,products
5124,POTE VIDRIO AMBAR 500GR IMPORTADO C/TAPA,SIN CATEGORÍA,NIU,5.5,35.0,35.0,positive,low,True,POTE VIDRIO AMBAR 500GR IMPORTADO C TAPA,products
5125,FRASCO PET TRANSPARENTE 120ML CON TAPA ESPRAY N28,SIN CATEGORÍA,NIU,2.16,56.0,56.0,positive,low,True,FRASCO PET TRANSPARENTE 120ML CON TAPA ESPRAY N28,products
5126,BAGUETA O VARILLAS DE AGITACION DE VIDRIO 20CM,LABORATORIO,NIU,3.5,5.0,5.0,positive,normal,True,BAGUETA O VARILLAS DE AGITACION DE VIDRIO 20CM,products
5127,CUCHARA CON ESPATULA DE METAL 20CM,LABORATORIO,NIU,11.0,9.0,9.0,positive,normal,True,CUCHARA CON ESPATULA DE METAL 20CM,products
5128,TUBO DE ENSAYO DE VIDRIO CON TAPA ROSCA 16*125-PYREX,LABORATORIO,NIU,2.5,80.0,80.0,positive,normal,True,TUBO DE ENSAYO DE VIDRIO CON TAPA ROSCA 16 125 PYREX,products
5129,ESPATULA MANGO DE MADERA 20 CM,LABORATORIO,NIU,9.0,0.0,-4.0,negative_raw_clipped,normal,True,ESPATULA MANGO DE MADERA 20 CM,products
5130,LUNA DE RELOJ DE VIDRIO DE LABORATORIO 100MM G-,LABORATORIO,NIU,10.0,125.0,125.0,positive,normal,True,LUNA DE RELOJ DE VIDRIO DE LABORATORIO 100MM G,products
5131,CEPILLO DE LIMPIEZA PARA TUBO DE ENSAYO  13*100MM,LABORATORIO,NIU,4.5,5.0,5.0,positive,normal,True,CEPILLO DE LIMPIEZA PARA TUBO DE ENSAYO 13 100MM,products
5132,PLUMON DELGADO INDELEBLE NEGRO,LABORATORIO,NIU,3.0,0.0,-2.0,negative_raw_clipped,normal,True,PLUMON DELGADO INDELEBLE NEGRO,products
5133,CRIOVIAL C/TAPA PRESION DE 1.5ML NO ESTERIL (TUBO EPPENDORF BOLSA*500UND),LABORATORIO,NIU,25.0,0.0,-19.0,negative_raw_clipped,normal,True,CRIOVIAL C TAPA PRESION DE 1 5ML NO ESTERIL TUBO EPPENDORF BOLSA 500UND,products
5134,POTE CREMERO VIDRIO TRANSPARENTE 50GR C/TAPA METALIZADA Y LAINA,SIN CATEGORÍA,NIU,2.5,168.0,168.0,positive,low,True,POTE CREMERO VIDRIO TRANSPARENTE 50GR C TAPA METALIZADA Y LAINA,products
5135,FRASCO ROLL-ON VIDRIO AMBAR 10ML C/TAPON Y TAPA,SIN CATEGORÍA,NIU,1.7,146.0,146.0,positive,low,True,FRASCO ROLL ON VIDRIO AMBAR 10ML C TAPON Y TAPA,products
5136,FRASCO MINI PARA AROMATIZADOR VIDRIO 6ML C/TAPA,SIN CATEGORÍA,NIU,3.4,32.0,32.0,positive,low,True,FRASCO MINI PARA AROMATIZADOR VIDRIO 6ML C TAPA,products
5137,TUBO DE ENSAYO C/TAPA ROSCA 13*100 SIMPLE,LABORATORIO,NIU,1.5,76.0,76.0,positive,normal,True,TUBO DE ENSAYO C TAPA ROSCA 13 100 SIMPLE,products
5138,TUBO CONICO CON TAPA ROSCA DE 50ML NO ESTERIL,LABORATORIO,NIU,0.75,374.0,374.0,positive,normal,True,TUBO CONICO CON TAPA ROSCA DE 50ML NO ESTERIL,products
5139,PAPEL FILTRO RAPIDO X PLIEGO 50*50,LABORATORIO,NIU,2.5,516.0,516.0,positive,normal,True,PAPEL FILTRO RAPIDO X PLIEGO 50 50,products
5140,ASA DE SIEMBRA 1 UL/INOCULADOR AZUL (BOLSA 10 UND),LABORATORIO,NIU,5.0,0.0,-2.0,negative_raw_clipped,normal,True,ASA DE SIEMBRA 1 UL INOCULADOR AZUL BOLSA 10 UND,products
5141,LAMINILLA CUBREOBJETO 22*22MM*100UND,LABORATORIO,NIU,4.0,29.0,29.0,positive,normal,True,LAMINILLA CUBREOBJETO 22 22MM 100UND,products
5142,FRASCO VIDRIO VERDE 5ML C/TAPA Y TAPON N18,SIN CATEGORÍA,NIU,1.5,18.0,18.0,positive,low,True,FRASCO VIDRIO VERDE 5ML C TAPA Y TAPON N18,products
5143,FRASCO VIDRIO VERDE 10ML C/TAPA Y TAPON N18,SIN CATEGORÍA,NIU,1.65,1.0,1.0,positive,low,True,FRASCO VIDRIO VERDE 10ML C TAPA Y TAPON N18,products
5144,FRASCO VIDRIO VERDE 15ML C/TAPA Y TAPON N18,SIN CATEGORÍA,NIU,1.65,26.0,26.0,positive,low,True,FRASCO VIDRIO VERDE 15ML C TAPA Y TAPON N18,products
5145,FRASCO VIDRIO VERDE 20ML C/TAPA Y TAPON N18,SIN CATEGORÍA,NIU,1.65,1.0,1.0,positive,low,True,FRASCO VIDRIO VERDE 20ML C TAPA Y TAPON N18,products
5146,FRASCO VIDRIO VERDE 30ML C/TAPA Y TAPON B18,SIN CATEGORÍA,NIU,1.85,26.0,26.0,positive,low,True,FRASCO VIDRIO VERDE 30ML C TAPA Y TAPON B18,products
5147,FRASCO VIDRIO VERDE 50ML C/TAPA Y TAPON B18,SIN CATEGORÍA,NIU,2.0,14.0,14.0,positive,low,True,FRASCO VIDRIO VERDE 50ML C TAPA Y TAPON B18,products
5148,FRASCO VIDRIO TRANSPARENTE 5ML C/TAPA Y TAPON B18,SIN CATEGORÍA,NIU,1.5,25.0,25.0,positive,low,True,FRASCO VIDRIO TRANSPARENTE 5ML C TAPA Y TAPON B18,products
5149,FRASCO VIDRIO TRANSPARENTE 10ML C/TAPA Y TAPON N18,SIN CATEGORÍA,NIU,1.5,0.0,-2.0,negative_raw_clipped,low,True,FRASCO VIDRIO TRANSPARENTE 10ML C TAPA Y TAPON N18,products
5150,FRASCO VIDRIO TRANSPARENTE 15ML C/TAPA Y TAPON N18,SIN CATEGORÍA,NIU,1.8,26.0,26.0,positive,low,True,FRASCO VIDRIO TRANSPARENTE 15ML C TAPA Y TAPON N18,products
5151,FRASCO VIDRIO TRANSPARENTE 20ML C/TAPA Y TAPON N18,SIN CATEGORÍA,NIU,,0.0,0.0,zero,low,True,FRASCO VIDRIO TRANSPARENTE 20ML C TAPA Y TAPON N18,products
5152,FRASCO VIDRIO AMBAR 5ML C/TAPA Y TAPON B18,SIN CATEGORÍA,NIU,0.9,124.0,124.0,positive,low,True,FRASCO VIDRIO AMBAR 5ML C TAPA Y TAPON B18,products
5153,FRASCO VIDRIO AMBAR 10ML C/TAPA Y TAPON B18,SIN CATEGORÍA,NIU,0.9,0.0,-30.0,negative_raw_clipped,low,True,FRASCO VIDRIO AMBAR 10ML C TAPA Y TAPON B18,products
5154,FRASCO VIDRIO AMBAR 15ML C/TAPA Y TAPON B18,SIN CATEGORÍA,NIU,0.95,254.0,254.0,positive,low,True,FRASCO VIDRIO AMBAR 15ML C TAPA Y TAPON B18,products
5155,FRASCO VIDRIO AMBAR 20ML C/TAPA Y TAPON B18,SIN CATEGORÍA,NIU,1.3,0.0,-3.0,negative_raw_clipped,low,True,FRASCO VIDRIO AMBAR 20ML C TAPA Y TAPON B18,products
5156,FRASCO VIDRIO AMBAR 30ML C/TAPA Y TAPON B18,SIN CATEGORÍA,NIU,1.5,97.0,97.0,positive,low,True,FRASCO VIDRIO AMBAR 30ML C TAPA Y TAPON B18,products
5157,FRASCO VIDRIO AMBAR 50ML C/TAPA Y TAPON B18,SIN CATEGORÍA,NIU,1.7,0.0,-37.0,negative_raw_clipped,low,True,FRASCO VIDRIO AMBAR 50ML C TAPA Y TAPON B18,products
5158,FRASCO VIDRIO AMBAR 100ML C/TAPA Y TAPON B18,SIN CATEGORÍA,NIU,1.5,0.0,0.0,zero,low,True,FRASCO VIDRIO AMBAR 100ML C TAPA Y TAPON B18,products
5159,FRASCO VIDRIO AMBAR 25ML C/TAPA Y TAPON B28,SIN CATEGORÍA,NIU,1.9,13.0,13.0,positive,low,True,FRASCO VIDRIO AMBAR 25ML C TAPA Y TAPON B28,products
5160,FRASCO VIDRIO AMBAR PASTILLERO 30ML C/TAPA Y TAPON B28,SIN CATEGORÍA,NIU,1.7,5.0,5.0,positive,low,True,FRASCO VIDRIO AMBAR PASTILLERO 30ML C TAPA Y TAPON B28,products
5161,FRASCO VIDRIO AMBAR 70ML C/TAPA Y TAPON N28,SIN CATEGORÍA,NIU,1.7,0.0,-35.0,negative_raw_clipped,low,True,FRASCO VIDRIO AMBAR 70ML C TAPA Y TAPON N28,products
5162,FRASCO VIDRIO AMBAR 100ML TAPA Y TAPON N28,SIN CATEGORÍA,NIU,1.7,406.0,406.0,positive,low,True,FRASCO VIDRIO AMBAR 100ML TAPA Y TAPON N28,products
5163,FRASCO VIDRIO AMBAR 120ML TAPA Y TAPON N28,SIN CATEGORÍA,NIU,1.65,353.0,353.0,positive,low,True,FRASCO VIDRIO AMBAR 120ML TAPA Y TAPON N28,products
5164,FRASCO VIDRIO AMBAR IMPORTADO 250ML TAPA Y TAPON N28,SIN CATEGORÍA,NIU,2.8,132.0,132.0,positive,low,True,FRASCO VIDRIO AMBAR IMPORTADO 250ML TAPA Y TAPON N28,products
5165,FRASCO VIDRIO AMBAR IMPORTADO 500ML TAPA Y TAPON N28,SIN CATEGORÍA,NIU,3.4,0.0,-4.0,negative_raw_clipped,low,True,FRASCO VIDRIO AMBAR IMPORTADO 500ML TAPA Y TAPON N28,products
5166,FRASCO VIDRIO AMBAR IMPORTADO 1LT B28 TAPA Y TAPON,SIN CATEGORÍA,NIU,8.5,69.0,69.0,positive,low,True,FRASCO VIDRIO AMBAR IMPORTADO 1LT B28 TAPA Y TAPON,products
5167,POTE CREMERO VIDRIO AMBAR 50GR C/TAPA NEGRA Y LAINA,SIN CATEGORÍA,NIU,2.5,795.0,795.0,positive,low,True,POTE CREMERO VIDRIO AMBAR 50GR C TAPA NEGRA Y LAINA,products
5168,POTE CREMERO VIDRIO AMBAR 100GR C/TAPA NEGRA Y LAINA,SIN CATEGORÍA,NIU,3.0,159.0,159.0,positive,low,True,POTE CREMERO VIDRIO AMBAR 100GR C TAPA NEGRA Y LAINA,products
5169,FRASCO VIDRIO TRANSPARENTE 1LT C/TAPA Y TAPON N28,SIN CATEGORÍA,NIU,6.5,9.0,9.0,positive,low,True,FRASCO VIDRIO TRANSPARENTE 1LT C TAPA Y TAPON N28,products
5170,FRASCO VIDRIO TRANSPARENTE 500ML C/TAPA Y TAPON N28,SIN CATEGORÍA,NIU,3.3,4.0,4.0,positive,low,True,FRASCO VIDRIO TRANSPARENTE 500ML C TAPA Y TAPON N28,products
5171,FRASCO VIDRIO TRANSPARENTE 250ML C/TAPA Y TAPON N28,SIN CATEGORÍA,NIU,2.3,26.0,26.0,positive,low,True,FRASCO VIDRIO TRANSPARENTE 250ML C TAPA Y TAPON N28,products
5172,FRASCO VIDRIO TRANSPARENTE IMPORTADO 125ML C/TAPA Y TAPON N28,SIN CATEGORÍA,NIU,1.9,143.0,143.0,positive,low,True,FRASCO VIDRIO TRANSPARENTE IMPORTADO 125ML C TAPA Y TAPON N28,products
5173,FRASCO VIDRIO TRANSPARENTE 60ML C/TAPA Y TAPON N28,SIN CATEGORÍA,NIU,1.35,71.0,71.0,positive,low,True,FRASCO VIDRIO TRANSPARENTE 60ML C TAPA Y TAPON N28,products
5174,FRASCO VIDRIO TRANSPARENTE 250ML C/TAPA DE METAL,SIN CATEGORÍA,NIU,2.3,110.0,110.0,positive,low,True,FRASCO VIDRIO TRANSPARENTE 250ML C TAPA DE METAL,products
5175,FRASCO VIDRIO AMBAR IMPORTADO 30ML C/TAPA Y TAPON B28,SIN CATEGORÍA,NIU,1.5,7.0,7.0,positive,low,True,FRASCO VIDRIO AMBAR IMPORTADO 30ML C TAPA Y TAPON B28,products
5176,POTE VIDRIO TRANSPARENTE 240GR C/TAPA DE METAL N63 MN,LABORATORIO,NIU,2.1,61.0,61.0,positive,normal,True,POTE VIDRIO TRANSPARENTE 240GR C TAPA DE METAL N63 MN,products
5177,POTE VIDRIO TRANSPARENTE 212GR BAJA TAPA METAL N63,SIN CATEGORÍA,NIU,2.3,297.0,297.0,positive,low,True,POTE VIDRIO TRANSPARENTE 212GR BAJA TAPA METAL N63,products
5178,POTE VIDRIO TRANSPARENTE 200ML C/TAPA METAL N63,LABORATORIO,NIU,1.7,0.0,-18.0,negative_raw_clipped,normal,True,POTE VIDRIO TRANSPARENTE 200ML C TAPA METAL N63,products
5179,POTE VIDRIO TRANSPARENTE 100GR C/TAPA METAL N53,LABORATORIO,NIU,1.5,138.0,138.0,positive,normal,True,POTE VIDRIO TRANSPARENTE 100GR C TAPA METAL N53,products
5180,POTE VIDRIO TRANSPARENTE 30GR C/TAPA METAL N43 MN,SIN CATEGORÍA,NIU,1.4,174.0,174.0,positive,low,True,POTE VIDRIO TRANSPARENTE 30GR C TAPA METAL N43 MN,products
5181,POTE CREMERO DOBLE FONDO C/ CINTILLO PLATEADO 50GR C/TAPA Y LAINA,SIN CATEGORÍA,NIU,3.4,0.0,-33.0,negative_raw_clipped,low,True,POTE CREMERO DOBLE FONDO C CINTILLO PLATEADO 50GR C TAPA Y LAINA,products
5182,STAPA ESPRAY PLASTICO BLANCO N28 C/SOBRE TAPA ALTA,SIN CATEGORÍA,NIU,1.5,0.0,-6.0,negative_raw_clipped,low,True,STAPA ESPRAY PLASTICO BLANCO N28 C SOBRE TAPA ALTA,products
5183,FRASCO VIDRIO TRANSPARENTE ALTO 50ML PERFUME C/TAPA SPRAY METALIZADO N18,PERFUMES,NIU,3.8,42.0,42.0,positive,normal,True,FRASCO VIDRIO TRANSPARENTE ALTO 50ML PERFUME C TAPA SPRAY METALIZADO N18,products
5184,FRASCO VIDRIO TRANSPARENTE CUADRADO 50ML PERFUME C/TAPA SPRAY METALIZADO N18,PERFUMES,NIU,3.8,2090.0,2090.0,positive,normal,True,FRASCO VIDRIO TRANSPARENTE CUADRADO 50ML PERFUME C TAPA SPRAY METALIZADO N18,products
5185,FRASCO PLASTICO INSECTICIDA BLANCO 500ML C/TAPA Y TAPON,SIN CATEGORÍA,NIU,3.55,94.0,94.0,positive,low,True,FRASCO PLASTICO INSECTICIDA BLANCO 500ML C TAPA Y TAPON,products
5186,FRASCO PLASTICO INSECTICIDA BLANCO 1LT C/TAPA Y TAPON,SIN CATEGORÍA,NIU,4.0,9.0,9.0,positive,low,True,FRASCO PLASTICO INSECTICIDA BLANCO 1LT C TAPA Y TAPON,products
5187,EMBUDO VIDRIO 60MM,LABORATORIO,NIU,6.0,8.0,8.0,positive,normal,True,EMBUDO VIDRIO 60MM,products
5188,TUBO DE ENSAYO T/ROSCA 16*150 - PYREX,LABORATORIO,NIU,2.5,338.0,338.0,positive,normal,True,TUBO DE ENSAYO T ROSCA 16 150 PYREX,products
5189,MECHERO DE ALCOHOL 150ML,LABORATORIO,NIU,6.0,6.0,6.0,positive,normal,True,MECHERO DE ALCOHOL 150ML,products
5190,MECHERO DE ALCOHOL 250ML,LABORATORIO,NIU,7.5,9.0,9.0,positive,normal,True,MECHERO DE ALCOHOL 250ML,products
5191,MORTERO DE 150MM C/PILON,LABORATORIO,NIU,27.0,6.0,6.0,positive,normal,True,MORTERO DE 150MM C PILON,products
5192,FRASCO PET CAMPANA BLANCO 300ML C/TAPA DISPENSADOR N28..,SIN CATEGORÍA,NIU,2.0,0.0,-6.0,negative_raw_clipped,low,True,FRASCO PET CAMPANA BLANCO 300ML C TAPA DISPENSADOR N28,products
5193,TUBO COLAPSIBLE BLANCO 30ML C/TAPA,SIN CATEGORÍA,NIU,1.8,67.0,67.0,positive,low,True,TUBO COLAPSIBLE BLANCO 30ML C TAPA,products
5194,FRASCO ESMALTE VIDRIO TRANSPARENTE 10ML C/BROCHA Y TAPA,SIN CATEGORÍA,NIU,1.1,99.0,99.0,positive,low,True,FRASCO ESMALTE VIDRIO TRANSPARENTE 10ML C BROCHA Y TAPA,products
5195,TUBO COLAPSIBLE BLANCO 60ML C/TAPA,SIN CATEGORÍA,NIU,2.1,0.0,-1826.0,negative_raw_clipped,low,True,TUBO COLAPSIBLE BLANCO 60ML C TAPA,products
5196,TUBO COLAPSIBLE BLANCO 100ML C/TAPA,SIN CATEGORÍA,NIU,2.2,1055.0,1055.0,positive,low,True,TUBO COLAPSIBLE BLANCO 100ML C TAPA,products
5197,TUBO COLAPSIBLE BLANCO 120ML C/TAPA,SIN CATEGORÍA,NIU,2.5,82.0,82.0,positive,low,True,TUBO COLAPSIBLE BLANCO 120ML C TAPA,products
5198,POTE CREMERO VIDRIO PAVONADO 15GR CON LAINA Y TAPA,SIN CATEGORÍA,NIU,2.5,60.0,60.0,positive,low,True,POTE CREMERO VIDRIO PAVONADO 15GR CON LAINA Y TAPA,products
5199,TALQUERA PLASTICO 70GR C/TAPA Y REJILLA,SIN CATEGORÍA,NIU,3.0,125.0,125.0,positive,low,True,TALQUERA PLASTICO 70GR C TAPA Y REJILLA,products
5200,FRASCO PET BOLON 400ML TRANSPARENTE C/TAPA ESPRAY PISTOLA N28,SIN CATEGORÍA,NIU,3.0,9.0,9.0,positive,low,True,FRASCO PET BOLON 400ML TRANSPARENTE C TAPA ESPRAY PISTOLA N28,products
5201,VIAL VIDRIO TRANSPARENTE 20ML B20 C/TAPON BUTILO GRIS N20,LABORATORIO,NIU,1.0,42.0,42.0,positive,normal,True,VIAL VIDRIO TRANSPARENTE 20ML B20 C TAPON BUTILO GRIS N20,products
5202,FRASCO ROLL-ON PAVONADO 10ML C/TAPON Y TAPA,SIN CATEGORÍA,NIU,1.7,259.0,259.0,positive,low,True,FRASCO ROLL ON PAVONADO 10ML C TAPON Y TAPA,products
5203,POTE PLASTICO BLANCO TIPO ANALISIS 120GR C/TAPA,LABORATORIO,NIU,0.85,42.0,42.0,positive,normal,True,POTE PLASTICO BLANCO TIPO ANALISIS 120GR C TAPA,products
5204,POTE PLASTICO BLANCO TIPO ANALISIS 100GR C/TAPA,LABORATORIO,NIU,0.85,0.0,-81.0,negative_raw_clipped,normal,True,POTE PLASTICO BLANCO TIPO ANALISIS 100GR C TAPA,products
5205,LATA DE ALUMINIO PLATEADO 15GR C/TAPA,SIN CATEGORÍA,NIU,1.8,126.0,126.0,positive,low,True,LATA DE ALUMINIO PLATEADO 15GR C TAPA,products
5206,LATA DE ALUMINIO PLATEADA 50GR C/TAPA,SIN CATEGORÍA,NIU,2.2,216.0,216.0,positive,low,True,LATA DE ALUMINIO PLATEADA 50GR C TAPA,products
5207,LATA DE ALUMINIO PLATEADA 30GR C/TAPA,SIN CATEGORÍA,NIU,2.0,42.0,42.0,positive,low,True,LATA DE ALUMINIO PLATEADA 30GR C TAPA,products
5208,FRASCO PET TRANSPARENTE 30ML C/TAPA PRESS N20,SIN CATEGORÍA,NIU,1.3,0.0,-8.0,negative_raw_clipped,low,True,FRASCO PET TRANSPARENTE 30ML C TAPA PRESS N20,products
5209,FRASCO PET TRANSPARENTE 120ML B/28 C/TAPA DISPENSADOR GEL,SIN CATEGORÍA,NIU,2.2,0.0,-258.0,negative_raw_clipped,low,True,FRASCO PET TRANSPARENTE 120ML B 28 C TAPA DISPENSADOR GEL,products
5210,TUBO T/LILA K2 C/EDTA 3ML 13*75MM*100UND ALIANZA,LABORATORIO,PK,30.0,0.0,0.0,zero,normal,True,TUBO T LILA K2 C EDTA 3ML 13 75MM 100UND ALIANZA,products
5211,PROBETA VIDRIO TRANSPARENTE 250ML,LABORATORIO,NIU,28.0,26.0,26.0,positive,normal,True,PROBETA VIDRIO TRANSPARENTE 250ML,products
5212,FRASCO PET BLANCO ESPUMERO 100ML C/TAPA,SIN CATEGORÍA,NIU,3.4,88.0,88.0,positive,low,True,FRASCO PET BLANCO ESPUMERO 100ML C TAPA,products
5213,FRASCO PET TRANSPARENTE ESPUMERO 200ML C/ TAPA,SIN CATEGORÍA,NIU,4.0,44.0,44.0,positive,low,True,FRASCO PET TRANSPARENTE ESPUMERO 200ML C TAPA,products
5214,FRASCO GOTERO VIDRIO TRANSPARENTE 20ML C/TAPA Y CHUPON,SIN CATEGORÍA,NIU,1.7,12.0,12.0,positive,low,True,FRASCO GOTERO VIDRIO TRANSPARENTE 20ML C TAPA Y CHUPON,products
5215,LATA DE ALUMINIO NEGRO 15GR C/TAPA,SIN CATEGORÍA,NIU,2.1,30.0,30.0,positive,low,True,LATA DE ALUMINIO NEGRO 15GR C TAPA,products
5216,FRASCO PET TRANSPARENTE 60ML C/TAPA Y TAPON N28,SIN CATEGORÍA,NIU,1.1,12.0,12.0,positive,low,True,FRASCO PET TRANSPARENTE 60ML C TAPA Y TAPON N28,products
5217,FRASCO PET TRANSPARENTE 120ML TAPA Y TAPON B28,SIN CATEGORÍA,NIU,1.1,0.0,-107.0,negative_raw_clipped,low,True,FRASCO PET TRANSPARENTE 120ML TAPA Y TAPON B28,products
5218,FRASCO PET TRANSPARENTE ALTO 120ML C/TAPA Y TAPON N28,SIN CATEGORÍA,NIU,1.2,22.0,22.0,positive,low,True,FRASCO PET TRANSPARENTE ALTO 120ML C TAPA Y TAPON N28,products
5219,LATA DE ALUMINIO NEGRO 30GR C/TAPA,SIN CATEGORÍA,NIU,1.9,71.0,71.0,positive,low,True,LATA DE ALUMINIO NEGRO 30GR C TAPA,products
5220,LATA DE ALUMINIO NEGRO 50GR C/TAPA,SIN CATEGORÍA,NIU,2.0,57.0,57.0,positive,low,True,LATA DE ALUMINIO NEGRO 50GR C TAPA,products
5221,LATA DE ALUMINIO PLATEADA 100GR C/TAPA,SIN CATEGORÍA,NIU,2.7,96.0,96.0,positive,low,True,LATA DE ALUMINIO PLATEADA 100GR C TAPA,products
5222,FRASCO PET AMBAR 120ML B28 C/TAPA GATILLO,SIN CATEGORÍA,NIU,1.8,500.0,500.0,positive,low,True,FRASCO PET AMBAR 120ML B28 C TAPA GATILLO,products
5223,PROPIPETA VERDE 10ML,LABORATORIO,NIU,25.0,0.0,-2.0,negative_raw_clipped,normal,True,PROPIPETA VERDE 10ML,products
5224,VASO VIDRIO BORO GRADUADO 2LT,LABORATORIO,NIU,30.0,2.0,2.0,positive,normal,True,VASO VIDRIO BORO GRADUADO 2LT,products
5225,PLACA PETRI VIDRIO 90*15,LABORATORIO,NIU,6.0,0.0,-586.0,negative_raw_clipped,normal,True,PLACA PETRI VIDRIO 90 15,products
5226,DESACADOR 300MM,LABORATORIO,NIU,350.0,0.0,-1.0,negative_raw_clipped,normal,True,DESACADOR 300MM,products
5227,TAPON BUTILO COLOR GRIS N20,LABORATORIO,NIU,0.2,730.0,730.0,positive,normal,True,TAPON BUTILO COLOR GRIS N20,products
5228,VIAL VIDRIO TRANSPARENTE 7ML B20 C/TAPA BUTILO COLOR GRIS,LABORATORIO,NIU,0.65,54.0,54.0,positive,normal,True,VIAL VIDRIO TRANSPARENTE 7ML B20 C TAPA BUTILO COLOR GRIS,products
5229,BOMBA ATOMIZADORA ACANALADO 20 410 BLANCO,SIN CATEGORÍA,NIU,1.0,175.0,175.0,positive,low,True,BOMBA ATOMIZADORA ACANALADO 20 410 BLANCO,products
5230,BOMBA ATOMIZADORA ACANALADO N28 410 FUCSIA,SIN CATEGORÍA,NIU,1.0,200.0,200.0,positive,low,True,BOMBA ATOMIZADORA ACANALADO N28 410 FUCSIA,products
5231,BOMBA ATOMIZADORA ACANALADO 20 410 TRANSPARENTE,SIN CATEGORÍA,NIU,1.0,200.0,200.0,positive,low,True,BOMBA ATOMIZADORA ACANALADO 20 410 TRANSPARENTE,products
5232,BOMBA ATOMIZADORA ACANALADO 20/410 NEGRO,SIN CATEGORÍA,NIU,1.0,694.0,694.0,positive,low,True,BOMBA ATOMIZADORA ACANALADO 20 410 NEGRO,products
5233,BOMBA ATOMIZADORA ACANALADO 20/410 CELESTE,SIN CATEGORÍA,NIU,1.0,199.0,199.0,positive,low,True,BOMBA ATOMIZADORA ACANALADO 20 410 CELESTE,products
5234,BOMBA ATOMIZADORA ACANALADO N20 410 FUCSIA,SIN CATEGORÍA,NIU,1.0,200.0,200.0,positive,low,True,BOMBA ATOMIZADORA ACANALADO N20 410 FUCSIA,products
5235,BOMBA ATOMIZADORA ACANALADO N28 410 BLANCO,SIN CATEGORÍA,NIU,1.0,1242.0,1242.0,positive,low,True,BOMBA ATOMIZADORA ACANALADO N28 410 BLANCO,products
5236,BOMBA ATOMIZADORA ACANALADO N28 410 TRANSPARENTE,SIN CATEGORÍA,NIU,1.0,200.0,200.0,positive,low,True,BOMBA ATOMIZADORA ACANALADO N28 410 TRANSPARENTE,products
5237,BOMBA ATOMIZADORA ACANALADO N28 410 NEGRO,SIN CATEGORÍA,NIU,1.0,1147.0,1147.0,positive,low,True,BOMBA ATOMIZADORA ACANALADO N28 410 NEGRO,products
5238,BOMBA ATOMIZADORA ACANALADO N28 410 CELESTE,SIN CATEGORÍA,NIU,1.0,199.0,199.0,positive,low,True,BOMBA ATOMIZADORA ACANALADO N28 410 CELESTE,products
5239,VIAL VIDRIO TRANSPARENTE 10ML B20 C/TAPA BUTILO,LABORATORIO,NIU,0.6,594.0,594.0,positive,normal,True,VIAL VIDRIO TRANSPARENTE 10ML B20 C TAPA BUTILO,products
5240,VIAL VIDRIO TRANSPARENTE ALTO 15ML B20,LABORATORIO,NIU,0.6,41.0,41.0,positive,normal,True,VIAL VIDRIO TRANSPARENTE ALTO 15ML B20,products
5241,VIAL VIDRIO TRANSPARENTE 30ML B20,LABORATORIO,NIU,0.7,29.0,29.0,positive,normal,True,VIAL VIDRIO TRANSPARENTE 30ML B20,products
5242,VIAL VIDRIO TRANSPARENTE 50ML N20,LABORATORIO,NIU,1.3,15.0,15.0,positive,normal,True,VIAL VIDRIO TRANSPARENTE 50ML N20,products
5243,VIAL VIDRIO TRANSPARENTE 100ML B20,LABORATORIO,NIU,1.3,0.0,-5.0,negative_raw_clipped,normal,True,VIAL VIDRIO TRANSPARENTE 100ML B20,products
5244,VIAL VIDRIO TRANSPARENTE 5ML B20 C/TAPA BUTILO GRIS,LABORATORIO,NIU,0.6,0.0,-72.0,negative_raw_clipped,normal,True,VIAL VIDRIO TRANSPARENTE 5ML B20 C TAPA BUTILO GRIS,products
5245,FRASCO VIDRIO TRANSPARENTE 20ML C/TAPA BAQUELITA N24 Y LAINA SILICONA,LABORATORIO,NIU,1.5,0.0,-861.0,negative_raw_clipped,normal,True,FRASCO VIDRIO TRANSPARENTE 20ML C TAPA BAQUELITA N24 Y LAINA SILICONA,products
5246,GOTERO VIDRIO TRANSPARENTE 10ML C/TAPA Y CHUPON,SIN CATEGORÍA,NIU,1.4,176.0,176.0,positive,low,True,GOTERO VIDRIO TRANSPARENTE 10ML C TAPA Y CHUPON,products
5247,FRASCO VIDRIO TRANSPARENTE 30ML C/TAPA Y TAPON N18,SIN CATEGORÍA,NIU,1.1,26.0,26.0,positive,low,True,FRASCO VIDRIO TRANSPARENTE 30ML C TAPA Y TAPON N18,products
5248,FRASCO VIDRIO TRANSPARENTE 100ML C/TAPA Y TAPON B18,SIN CATEGORÍA,NIU,1.55,24.0,24.0,positive,low,True,FRASCO VIDRIO TRANSPARENTE 100ML C TAPA Y TAPON B18,products
5249,SOLO MINI TRIGGER NEGRO B28,TAPONES,NIU,0.9,1590.0,1590.0,positive,normal,True,SOLO MINI TRIGGER NEGRO B28,products
5250,TUBO CONICO CON TAPA ROSCA DE 15ML NO ESTERIL,LABORATORIO,NIU,0.5,140.0,140.0,positive,normal,True,TUBO CONICO CON TAPA ROSCA DE 15ML NO ESTERIL,products
5251,VASO DAPPEN,SIN CATEGORÍA,NIU,5.0,0.0,-17.0,negative_raw_clipped,low,True,VASO DAPPEN,products
5252,GOTERO VIDRIO TRANSPARENTE 100ML C/TAOA Y CHUPON,SIN CATEGORÍA,NIU,2.2,50.0,50.0,positive,low,True,GOTERO VIDRIO TRANSPARENTE 100ML C TAOA Y CHUPON,products
5253,FRASCO PET 1LT TRANSPARENTE C/SPRAY PISTOLA N28,SIN CATEGORÍA,NIU,2.5,0.0,0.0,zero,low,True,FRASCO PET 1LT TRANSPARENTE C SPRAY PISTOLA N28,products
5254,POTE ACRILICO 5GR C/TAPA ROSCA,SIN CATEGORÍA,NIU,0.9,949.0,949.0,positive,low,True,POTE ACRILICO 5GR C TAPA ROSCA,products
5255,VASELINERO 7GR,SIN CATEGORÍA,NIU,0.3,1140.0,1140.0,positive,low,True,VASELINERO 7GR,products
5256,TALQUERA PLASTICO 140GR C/TAPA Y REJILLA,SIN CATEGORÍA,NIU,3.8,67.0,67.0,positive,low,True,TALQUERA PLASTICO 140GR C TAPA Y REJILLA,products
5257,POTE PET TRANSPARENTE 250GR C/TAPA ROSCA,SIN CATEGORÍA,NIU,3.0,23.0,23.0,positive,low,True,POTE PET TRANSPARENTE 250GR C TAPA ROSCA,products
5258,PIPETAS PASTEUR ESTRILES 5ML (BLS100),LABORATORIO,NIU,10.0,92.0,92.0,positive,normal,True,PIPETAS PASTEUR ESTRILES 5ML BLS100,products
5259,FRASCO DE VIDRIO BOCA ANCHA TAPA AZUL 1L NIU S/20.0,LABORATORIO,NIU,20.0,0.0,-5.0,negative_raw_clipped,normal,True,FRASCO DE VIDRIO BOCA ANCHA TAPA AZUL 1L NIU S 20 0,products
5260,FRASCO GOTERO VIDRIO TRANSPARENTE 30ML C/TAPA Y CHUPON,SIN CATEGORÍA,NIU,1.8,0.0,-11.0,negative_raw_clipped,low,True,FRASCO GOTERO VIDRIO TRANSPARENTE 30ML C TAPA Y CHUPON,products
5261,GOTER PLASTICO BLANCO 5ML C/TAPA Y TAPON N15,SIN CATEGORÍA,NIU,0.4,0.0,-462.0,negative_raw_clipped,low,True,GOTER PLASTICO BLANCO 5ML C TAPA Y TAPON N15,products
5262,GOTERO PLASTICO BLANCO 10ML C/TAPA Y TAPON N15,SIN CATEGORÍA,NIU,0.4,16.0,16.0,positive,low,True,GOTERO PLASTICO BLANCO 10ML C TAPA Y TAPON N15,products
5263,GOTERO PLASTICO BLANCO 7ML C/TAPA Y TAPON N15,SIN CATEGORÍA,NIU,0.4,69.0,69.0,positive,low,True,GOTERO PLASTICO BLANCO 7ML C TAPA Y TAPON N15,products
5264,FRASCO DE  VIDRIO BOCA ANCHA TAPA AZUL 500ML,LABORATORIO,NIU,10.0,0.0,-16.0,negative_raw_clipped,normal,True,FRASCO DE VIDRIO BOCA ANCHA TAPA AZUL 500ML,products
5265,PIPETA SEREOLOGICA GRADUADA VIDRIO 5ML - CITOGLAS,LABORATORIO,NIU,8.5,0.0,-8.0,negative_raw_clipped,normal,True,PIPETA SEREOLOGICA GRADUADA VIDRIO 5ML CITOGLAS,products
5266,ABRAZADERA CRUZADA DE LABORATORIO (DOBLE NUEZ),LABORATORIO,NIU,19.0,1.0,1.0,positive,normal,True,ABRAZADERA CRUZADA DE LABORATORIO DOBLE NUEZ,products
5267,ABRAZADERA PARA MATRAZ,LABORATORIO,NIU,20.5,1.0,1.0,positive,normal,True,ABRAZADERA PARA MATRAZ,products
5268,DESECADOR 300MM,LABORATORIO,NIU,480.0,0.0,0.0,zero,normal,True,DESECADOR 300MM,products
5269,TERMOMETRO DIGITAL DE VASTAGO PARA COCINA DE 30CM,LABORATORIO,NIU,20.0,3.0,3.0,positive,normal,True,TERMOMETRO DIGITAL DE VASTAGO PARA COCINA DE 30CM,products
5270,PIPETEADOR DE CREMALLERA VERDE (PUMP) 10ML,LABORATORIO,NIU,19.0,2.0,2.0,positive,normal,True,PIPETEADOR DE CREMALLERA VERDE PUMP 10ML,products
5271,GUANTES DE NITRILO ALTO RIESGO GATAMO,LABORATORIO,NIU,24.0,0.0,-42.0,negative_raw_clipped,normal,True,GUANTES DE NITRILO ALTO RIESGO GATAMO,products
5272,PROBADOR PLASTICO 10ML ESPRAY COLORES,SIN CATEGORÍA,NIU,1.8,101.0,101.0,positive,low,True,PROBADOR PLASTICO 10ML ESPRAY COLORES,products
5273,GOTERO VIDRIO PAVONADO 10ML B18 TAPA Y CHUPON,SIN CATEGORÍA,NIU,1.7,26.0,26.0,positive,low,True,GOTERO VIDRIO PAVONADO 10ML B18 TAPA Y CHUPON,products
5274,GOTERO VIDRIO PAVONADO 30ML B18 TAPA Y CHUPON,SIN CATEGORÍA,NIU,2.1,48.0,48.0,positive,low,True,GOTERO VIDRIO PAVONADO 30ML B18 TAPA Y CHUPON,products
5275,SOLO TAPA PRESS N28.,TAPONES,NIU,0.8,590.0,590.0,positive,normal,True,SOLO TAPA PRESS N28,products
5276,POTE CREMERO DOBLE FONDO BLANCO IMPORTADO 30GR C/TAPA Y LAINA,SIN CATEGORÍA,NIU,2.5,132.0,132.0,positive,low,True,POTE CREMERO DOBLE FONDO BLANCO IMPORTADO 30GR C TAPA Y LAINA,products
5277,POTE CREMERO DOBLE FONDO 60GR BLANCO C/TAPA Y LAINA NACIONAL,SIN CATEGORÍA,NIU,1.8,0.0,-86.0,negative_raw_clipped,low,True,POTE CREMERO DOBLE FONDO 60GR BLANCO C TAPA Y LAINA NACIONAL,products
5278,POTE PASTILLERO PLASTICO BLANCO 19GR C/TAPA B/20,SIN CATEGORÍA,NIU,0.5,46.0,46.0,positive,low,True,POTE PASTILLERO PLASTICO BLANCO 19GR C TAPA B 20,products
5279,POTE PASTILLERO PLASTICO BLANCO 12GR C/TAPA B/20,SIN CATEGORÍA,NIU,0.53,1567.0,1567.0,positive,low,True,POTE PASTILLERO PLASTICO BLANCO 12GR C TAPA B 20,products
5280,POTE PASTILLERO PLASTICO BLANCO 10GR C/TAPA B/20,SIN CATEGORÍA,NIU,0.5,58.0,58.0,positive,low,True,POTE PASTILLERO PLASTICO BLANCO 10GR C TAPA B 20,products
5281,GOTERO VIDRIO TRANSPARENTE 5ML C/TAPA Y CHUPON,SIN CATEGORÍA,NIU,1.3,226.0,226.0,positive,low,True,GOTERO VIDRIO TRANSPARENTE 5ML C TAPA Y CHUPON,products
5282,FRASCO GOTERO INTERNO VIDRIO AMBAR B/18 5ML TAPA S.,SIN CATEGORÍA,NIU,1.0,146.0,146.0,positive,low,True,FRASCO GOTERO INTERNO VIDRIO AMBAR B 18 5ML TAPA S,products
5283,FRASCO GOTERO INTERNO VIDRIO AMBAR 10ML B/18 C/TAPA P.,SIN CATEGORÍA,NIU,1.3,0.0,-8.0,negative_raw_clipped,low,True,FRASCO GOTERO INTERNO VIDRIO AMBAR 10ML B 18 C TAPA P,products
5284,TAPON IMPORTADO B28,TAPONES,NIU,,0.0,-100.0,negative_raw_clipped,normal,True,TAPON IMPORTADO B28,products
5285,SOLO MINI TRIGGER BLANCO B28,TAPONES,NIU,0.9,7309.0,7309.0,positive,normal,True,SOLO MINI TRIGGER BLANCO B28,products
5286,FRASCO PET TRANSPARENTE 250ML C/TAPA SPRAY MINI PISTOLA N24,SIN CATEGORÍA,NIU,3.2,0.0,-974.0,negative_raw_clipped,low,True,FRASCO PET TRANSPARENTE 250ML C TAPA SPRAY MINI PISTOLA N24,products
5287,POTE PLASTICO BLANCO TIPO FROTACION 50GR C/TAPA,SIN CATEGORÍA,NIU,0.6,97.0,97.0,positive,low,True,POTE PLASTICO BLANCO TIPO FROTACION 50GR C TAPA,products
5288,POTE PLASTICO BLANCO TIPO FROTACION 100GR C/TAPA,SIN CATEGORÍA,NIU,0.9,105.0,105.0,positive,low,True,POTE PLASTICO BLANCO TIPO FROTACION 100GR C TAPA,products
5289,TAPON PLASTICO IMPORTADO N28,TAPONES,NIU,0.15,100.0,100.0,positive,normal,True,TAPON PLASTICO IMPORTADO N28,products
5290,ALCOHOL PADS,SIN CATEGORÍA,NIU,5.0,0.0,-7.0,negative_raw_clipped,low,True,ALCOHOL PADS,products
5291,FRASCO ROLL-ON VIDRIO TRANSPARENTE 3ML C/TAPA Y TAPON,SIN CATEGORÍA,NIU,1.3,8.0,8.0,positive,low,True,FRASCO ROLL ON VIDRIO TRANSPARENTE 3ML C TAPA Y TAPON,products
5292,FRASCO ROLL-ON VIDRIO TRANSPARENTE 7ML C/TAPA Y TAPON,SIN CATEGORÍA,NIU,1.5,43.0,43.0,positive,low,True,FRASCO ROLL ON VIDRIO TRANSPARENTE 7ML C TAPA Y TAPON,products
5293,PERFUME VIDRIO TRANSPARENTE CUADRADO 30ML TAPA ESPRAY METALIZADA N18,PERFUMES,NIU,3.6,67.0,67.0,positive,normal,True,PERFUME VIDRIO TRANSPARENTE CUADRADO 30ML TAPA ESPRAY METALIZADA N18,products
5294,LIPSTICK/BALSAMO LABIAL 5ML,SIN CATEGORÍA,NIU,1.7,210.0,210.0,positive,low,True,LIPSTICK BALSAMO LABIAL 5ML,products
5295,FRASCO PLASTICO NEGRO 350ML C/TAPA ESPRAY MINI PISTOLA N24,SIN CATEGORÍA,NIU,2.1,73.0,73.0,positive,low,True,FRASCO PLASTICO NEGRO 350ML C TAPA ESPRAY MINI PISTOLA N24,products
5296,FRASCO PET NEGRO 250ML C/TAPA ESPRAY MINI PISTOLA N24,SIN CATEGORÍA,NIU,2.6,247.0,247.0,positive,low,True,FRASCO PET NEGRO 250ML C TAPA ESPRAY MINI PISTOLA N24,products
5297,PET COLORES CILINDRICO 120ML TAPA PRESS N20,SIN CATEGORÍA,NIU,1.5,119.0,119.0,positive,low,True,PET COLORES CILINDRICO 120ML TAPA PRESS N20,products
5298,PROBETA VIDRIO TRANSPARENTE 500ML,LABORATORIO,NIU,39.0,1.0,1.0,positive,normal,True,PROBETA VIDRIO TRANSPARENTE 500ML,products
5299,FRASCO VIDRIO TRANSPARENTE 50ML B18 C/TAPA ESPRAY,SIN CATEGORÍA,NIU,,27.0,27.0,positive,low,True,FRASCO VIDRIO TRANSPARENTE 50ML B18 C TAPA ESPRAY,products
5300,FRASCO VIDRIO TRANSPARENTE 15ML B18 C/TAPA ESPRAY,SIN CATEGORÍA,NIU,1.8,27.0,27.0,positive,low,True,FRASCO VIDRIO TRANSPARENTE 15ML B18 C TAPA ESPRAY,products
5301,MORTERO CON PILON DE PORCELANA 90MM,LABORATORIO,NIU,12.5,28.0,28.0,positive,normal,True,MORTERO CON PILON DE PORCELANA 90MM,products
5302,FRASCO DE VIDRIO BOCA ANCHA TAPA AZUL 250ML,LABORATORIO,NIU,12.0,0.0,-8.0,negative_raw_clipped,normal,True,FRASCO DE VIDRIO BOCA ANCHA TAPA AZUL 250ML,products
5303,TUBO DE ENSAYO DE VIDRIO 13*100MM (bx250u),LABORATORIO,NIU,0.2,212.0,212.0,positive,normal,True,TUBO DE ENSAYO DE VIDRIO 13 100MM BX250U,products
5304,TAPON BUTILO ROJO N13,LABORATORIO,NIU,0.3,100.0,100.0,positive,normal,True,TAPON BUTILO ROJO N13,products
5305,PROBADOR PLASTICO 12ML ESPRAY COLORES,SIN CATEGORÍA,NIU,2.5,94.0,94.0,positive,low,True,PROBADOR PLASTICO 12ML ESPRAY COLORES,products
5306,AZUL METILENO 500ML,LABORATORIO,NIU,45.0,0.0,0.0,zero,normal,True,AZUL METILENO 500ML,products
5307,LUGOL PARASITOLOGICO MRCS,LABORATORIO,NIU,50.0,1.0,1.0,positive,normal,True,LUGOL PARASITOLOGICO MRCS,products
5308,TUVO CONICO TAPA AZUL 50ML C/FALDON,SIN CATEGORÍA,NIU,,0.0,-141.0,negative_raw_clipped,low,True,TUVO CONICO TAPA AZUL 50ML C FALDON,products
5309,GRADILLA 7*3 21T CONICO 50MM,LABORATORIO,NIU,15.0,15.0,15.0,positive,normal,True,GRADILLA 7 3 21T CONICO 50MM,products
5310,FRASCO PET TRANSPARENTE 250ML C/TAPA PRESS N24,SIN CATEGORÍA,NIU,2.5,0.0,0.0,zero,low,True,FRASCO PET TRANSPARENTE 250ML C TAPA PRESS N24,products
5311,PROBETA PLASTICO 1L,LABORATORIO,NIU,28.0,1.0,1.0,positive,normal,True,PROBETA PLASTICO 1L,products
5312,VIDRIO TUBULAR 20ML C/TAPA BAQUELITA N24 Y LAINA CARTON PTFE,LABORATORIO,NIU,1.8,948.0,948.0,positive,normal,True,VIDRIO TUBULAR 20ML C TAPA BAQUELITA N24 Y LAINA CARTON PTFE,products
5313,FRASCO PET DE COLORES CILINDRICO 120ML C/TAPA ESPRAY N20,SIN CATEGORÍA,NIU,1.8,59.0,59.0,positive,low,True,FRASCO PET DE COLORES CILINDRICO 120ML C TAPA ESPRAY N20,products
5314,POTE PET TRANSPARENTE 1KG C/TAPA,SIN CATEGORÍA,NIU,4.5,0.0,-232.0,negative_raw_clipped,low,True,POTE PET TRANSPARENTE 1KG C TAPA,products
5315,FRASCO PLASTICO INSECTICIDA 125ML C/TAPA Y TAPON,SIN CATEGORÍA,NIU,2.5,89.0,89.0,positive,low,True,FRASCO PLASTICO INSECTICIDA 125ML C TAPA Y TAPON,products
5316,GOTERO VIDRIO AMBAR 30ML C/TAPA Y CHUPON C/SEGURO,SIN CATEGORÍA,NIU,1.7,547.0,547.0,positive,low,True,GOTERO VIDRIO AMBAR 30ML C TAPA Y CHUPON C SEGURO,products
5317,FRASCO PARA GEL 30ML DE CARTERA,SIN CATEGORÍA,NIU,1.1,80.0,80.0,positive,low,True,FRASCO PARA GEL 30ML DE CARTERA,products
5318,FRASCO PET BLANCO 60ML C/TAPA PRESS N20,SIN CATEGORÍA,NIU,1.3,27.0,27.0,positive,low,True,FRASCO PET BLANCO 60ML C TAPA PRESS N20,products
5319,CRIOBOX PARA 50CRIOVIALES,LABORATORIO,NIU,10.0,2.0,2.0,positive,normal,True,CRIOBOX PARA 50CRIOVIALES,products
5320,POTE VIDRIO AMBAR 200GR B45 C/TAPA,SIN CATEGORÍA,NIU,2.3,63.0,63.0,positive,low,True,POTE VIDRIO AMBAR 200GR B45 C TAPA,products
5321,BOMBA DISPENSADORA PARA GALONERA 28/410 ACANALADO COLOR BLANCO,TAPONES,NIU,2.0,198.0,198.0,positive,normal,True,BOMBA DISPENSADORA PARA GALONERA 28 410 ACANALADO COLOR BLANCO,products
5322,FRASCO VIDRIO TRANSPARENTE 100ML PERFUME C/TAPA SPRAY METALIZADO N18,PERFUMES,NIU,4.5,52.0,52.0,positive,normal,True,FRASCO VIDRIO TRANSPARENTE 100ML PERFUME C TAPA SPRAY METALIZADO N18,products
5323,VASO DOSIFICADOR PLASTICO GRADUADO 15ML,TAPONES,NIU,0.22,51.0,51.0,positive,normal,True,VASO DOSIFICADOR PLASTICO GRADUADO 15ML,products
5324,FRASCO BLANCO TIPO LAVABAJILLA 650ML C/TAPA FLIT TOP B28,SIN CATEGORÍA,NIU,2.5,0.0,-1.0,negative_raw_clipped,low,True,FRASCO BLANCO TIPO LAVABAJILLA 650ML C TAPA FLIT TOP B28,products
5325,POTE VIDRIO AMBAR IMPORTADO 120GR B/38 C/TAPA,SIN CATEGORÍA,NIU,1.9,29.0,29.0,positive,low,True,POTE VIDRIO AMBAR IMPORTADO 120GR B 38 C TAPA,products
5326,CORCHO BAJO N4,TAPONES,NIU,0.6,74.0,74.0,positive,normal,True,CORCHO BAJO N4,products
5327,FRASCO PET 1LT TRANSPARENTE C/TAPA Y TAPON N28.,SIN CATEGORÍA,NIU,1.2,0.0,-1242.0,negative_raw_clipped,low,True,FRASCO PET 1LT TRANSPARENTE C TAPA Y TAPON N28,products
5328,ROLL-ON VIDRIO TRANSPARENTE 50ML C/TAPA BLANCA,SIN CATEGORÍA,NIU,2.7,51.0,51.0,positive,low,True,ROLL ON VIDRIO TRANSPARENTE 50ML C TAPA BLANCA,products
5329,FRASCO VIDRIO TRANSPARENTE TUBULAR 10ML C/TAPA BAQUELITA B18,LABORATORIO,NIU,1.5,94.0,94.0,positive,normal,True,FRASCO VIDRIO TRANSPARENTE TUBULAR 10ML C TAPA BAQUELITA B18,products
5330,BOMBA PARA PIPETA,LABORATORIO,NIU,15.0,3.0,3.0,positive,normal,True,BOMBA PARA PIPETA,products
5331,BOTELLA PET TRANSPARENTE 120ML B28 SIN TAPA,SIN CATEGORÍA,NIU,0.75,377.0,377.0,positive,low,True,BOTELLA PET TRANSPARENTE 120ML B28 SIN TAPA,products
5332,isopos *100und,SIN CATEGORÍA,NIU,10.0,0.0,-2.0,negative_raw_clipped,low,True,ISOPOS 100UND,products
5333,BOTELLA PET TRANSPARENTE 250ML B28 C/TAPA Y TAPON,SIN CATEGORÍA,NIU,0.85,1565.0,1565.0,positive,low,True,BOTELLA PET TRANSPARENTE 250ML B28 C TAPA Y TAPON,products
5334,BOTELLA PET TRANSPARENTE 500ML B28 SIN TAPA,SIN CATEGORÍA,NIU,0.91,753.0,753.0,positive,low,True,BOTELLA PET TRANSPARENTE 500ML B28 SIN TAPA,products
5335,BOTELLA PET TRANSPARENTE 1LT (37gr) B28 SIN TAPA,SIN CATEGORÍA,NIU,1.05,1296.0,1296.0,positive,low,True,BOTELLA PET TRANSPARENTE 1LT 37GR B28 SIN TAPA,products
5336,PET CAMPANA TRANSPARENTE 300ML S/T B28..,SIN CATEGORÍA,NIU,1.2,630.0,630.0,positive,low,True,PET CAMPANA TRANSPARENTE 300ML S T B28,products
5337,PROBADOR DE VIDRIO 5ML METALIZADO RECARGABLE,PERFUMES,NIU,2.9,225.0,225.0,positive,normal,True,PROBADOR DE VIDRIO 5ML METALIZADO RECARGABLE,products
5338,TAPA CHUPON BLANCO B28,TAPONES,NIU,0.5,0.0,-52.0,negative_raw_clipped,normal,True,TAPA CHUPON BLANCO B28,products
5339,FRASCO DE VIDRIO AMBAR 200ML BOCA 28,LABORATORIO,NIU,10.0,0.0,-25.0,negative_raw_clipped,normal,True,FRASCO DE VIDRIO AMBAR 200ML BOCA 28,products
5340,FRASCO PET COLORES BOSTON 120ML C/TAPA ESPRAY B20,SIN CATEGORÍA,NIU,1.8,1061.0,1061.0,positive,low,True,FRASCO PET COLORES BOSTON 120ML C TAPA ESPRAY B20,products
5341,GUANTES BOX*100UND,LABORATORIO,NIU,12.0,0.0,-22.0,negative_raw_clipped,normal,True,GUANTES BOX 100UND,products
5342,FRASCO DE VIDRIO BOCA ANCHA TRANSPARENTE TAPA AZUL 100ml,LABORATORIO,NIU,10.0,0.0,-14.0,negative_raw_clipped,normal,True,FRASCO DE VIDRIO BOCA ANCHA TRANSPARENTE TAPA AZUL 100ML,products
5343,FRASCO DE VIDRIO BOCA ANCHA AMBAR TAPA AZUL 100ML,LABORATORIO,NIU,10.0,58.0,58.0,positive,normal,True,FRASCO DE VIDRIO BOCA ANCHA AMBAR TAPA AZUL 100ML,products
5344,TAPA FLIT TOP B28,TAPONES,NIU,1.5,0.0,-13.0,negative_raw_clipped,normal,True,TAPA FLIT TOP B28,products
5345,EMBUDO PLASTICO,SIN CATEGORÍA,NIU,2.0,0.0,-8.0,negative_raw_clipped,low,True,EMBUDO PLASTICO,products
5346,PHMETRO COMBO SUELOS 4 EN 1 (PH-HUMEDAD-TEMP-LUZ SOLAR) TPH01803,LABORATORIO,NIU,45.0,5.0,5.0,positive,normal,True,PHMETRO COMBO SUELOS 4 EN 1 PH HUMEDAD TEMP LUZ SOLAR TPH01803,products
5347,BAGUETA O VARILLA DE VIDRIO 30ML,LABORATORIO,NIU,6.0,0.0,0.0,zero,normal,True,BAGUETA O VARILLA DE VIDRIO 30ML,products
5348,FRASCO DE VIDRIO BOCA ANCHA AMBAR TAPA AZUL 250ML,LABORATORIO,NIU,18.0,74.0,74.0,positive,normal,True,FRASCO DE VIDRIO BOCA ANCHA AMBAR TAPA AZUL 250ML,products
5349,BURETA DE VIDRIO GRADUADO DE 10ML CON LLAVE DE VIDRIO,LABORATORIO,NIU,22.0,2.0,2.0,positive,normal,True,BURETA DE VIDRIO GRADUADO DE 10ML CON LLAVE DE VIDRIO,products
5350,PAPEL INDICADOR DE PH,LABORATORIO,NIU,15.0,0.0,-21.0,negative_raw_clipped,normal,True,PAPEL INDICADOR DE PH,products
5351,FRAGANCIA BEBE POETT 10ML,PERFUMES,NIU,10.0,30.0,30.0,positive,normal,True,FRAGANCIA BEBE POETT 10ML,products
5352,FRAGANCIA BRISA MARINA 10ML,PERFUMES,NIU,10.0,30.0,30.0,positive,normal,True,FRAGANCIA BRISA MARINA 10ML,products
5353,FRAGANCIA CHICA FRESA 10ML,PERFUMES,NIU,10.0,28.0,28.0,positive,normal,True,FRAGANCIA CHICA FRESA 10ML,products
5354,FRAGANCIA CHICLE 10ML,PERFUMES,NIU,10.0,30.0,30.0,positive,normal,True,FRAGANCIA CHICLE 10ML,products
5355,FRAGANCIA CT. PRIMAVERA POETT 10ML,PERFUMES,NIU,10.0,30.0,30.0,positive,normal,True,FRAGANCIA CT PRIMAVERA POETT 10ML,products
5356,FRAGANCIA LAVANDA CT POETT 10ML,PERFUMES,NIU,10.0,29.0,29.0,positive,normal,True,FRAGANCIA LAVANDA CT POETT 10ML,products
5357,FRAGANCIA LIMON EXTREMO 10ML,PERFUMES,NIU,10.0,29.0,29.0,positive,normal,True,FRAGANCIA LIMON EXTREMO 10ML,products
5358,FRAGANCIA MANZANA 10ML,PERFUMES,NIU,10.0,30.0,30.0,positive,normal,True,FRAGANCIA MANZANA 10ML,products
5359,FRASCO VIDRIO TRANSPARENTE 1.7 LT CON T/100,SIN CATEGORÍA,NIU,11.9,110.0,110.0,positive,low,True,FRASCO VIDRIO TRANSPARENTE 1 7 LT CON T 100,products
5360,POTE VIDRIO TRANSPARENTE 1L C/TAPA 100,SIN CATEGORÍA,NIU,6.5,102.0,102.0,positive,low,True,POTE VIDRIO TRANSPARENTE 1L C TAPA 100,products
5361,FRASCO ESPARRAGUERO 370ML C/TAPA 63,SIN CATEGORÍA,NIU,2.5,0.0,-99.0,negative_raw_clipped,low,True,FRASCO ESPARRAGUERO 370ML C TAPA 63,products
5362,FRASCO ESPARRAGUERO 212ML C/TAPA METALICA N58,SIN CATEGORÍA,NIU,2.0,250.0,250.0,positive,low,True,FRASCO ESPARRAGUERO 212ML C TAPA METALICA N58,products
5363,FRASCO CUADRADRO 387ML C/TAPA 63,SIN CATEGORÍA,NIU,3.9,21.0,21.0,positive,low,True,FRASCO CUADRADRO 387ML C TAPA 63,products
5364,FRASCO BARRIL 720ML C/TAPA 82,SIN CATEGORÍA,NIU,3.0,17.0,17.0,positive,low,True,FRASCO BARRIL 720ML C TAPA 82,products
5365,FRASCO VID TRANSPARENTE 370ML BAJO C/TAPA 77,SIN CATEGORÍA,NIU,3.0,167.0,167.0,positive,low,True,FRASCO VID TRANSPARENTE 370ML BAJO C TAPA 77,products
5366,FRASCO COLMENA 746 C/TAPA 77,SIN CATEGORÍA,NIU,4.5,166.0,166.0,positive,low,True,FRASCO COLMENA 746 C TAPA 77,products
5367,FRASCO 4 ONZAS C/TAPA 63,SIN CATEGORÍA,NIU,2.1,301.0,301.0,positive,low,True,FRASCO 4 ONZAS C TAPA 63,products
5368,POTE VIDRIO TRANSPARENTE 315ML C/TAPA 63,SIN CATEGORÍA,NIU,2.9,0.0,-4.0,negative_raw_clipped,low,True,POTE VIDRIO TRANSPARENTE 315ML C TAPA 63,products
5369,TAPA METALICA N58,TAPONES,NIU,0.69,0.0,0.0,zero,normal,True,TAPA METALICA N58,products
5370,FRASCO VIDRIO TRANSPARENTE ESPARRAGUERO 315ML C/TAPA 63,SIN CATEGORÍA,NIU,2.25,368.0,368.0,positive,low,True,FRASCO VIDRIO TRANSPARENTE ESPARRAGUERO 315ML C TAPA 63,products
5371,TAPA METALICA N63,TAPONES,NIU,0.9,0.0,0.0,zero,normal,True,TAPA METALICA N63,products
5372,FRASCO VIDRIO TRANSPARENTE 458ML C/TAPA 82,SIN CATEGORÍA,NIU,3.32,103.0,103.0,positive,low,True,FRASCO VIDRIO TRANSPARENTE 458ML C TAPA 82,products
5373,TAPA METALICA N77,TAPONES,NIU,1.2,0.0,0.0,zero,normal,True,TAPA METALICA N77,products
5374,TAPA METALICA N82 DORADO,TAPONES,NIU,1.49,0.0,0.0,zero,normal,True,TAPA METALICA N82 DORADO,products
5375,TAPA METALICA N82 NEGRO,TAPONES,NIU,1.49,0.0,0.0,zero,normal,True,TAPA METALICA N82 NEGRO,products
5376,TAPA METALICA N100 ORO VIEJO,TAPONES,NIU,1.9,0.0,0.0,zero,normal,True,TAPA METALICA N100 ORO VIEJO,products
5377,FRASCO VIDRIO AMBAR 50ML B18 TAPA ESPRAY,SIN CATEGORÍA,NIU,2.2,36.0,36.0,positive,low,True,FRASCO VIDRIO AMBAR 50ML B18 TAPA ESPRAY,products
5378,FRASCO VIDRIO AMBAR 15ML B18 TAPA ESPRAY,SIN CATEGORÍA,NIU,1.8,71.0,71.0,positive,low,True,FRASCO VIDRIO AMBAR 15ML B18 TAPA ESPRAY,products
5379,GOTERO VIDRIO AZUL 30ML C/TAPA Y CHUPON,SIN CATEGORÍA,NIU,1.9,550.0,550.0,positive,low,True,GOTERO VIDRIO AZUL 30ML C TAPA Y CHUPON,products
5380,GOTERO VIDRIO AZUL 50ML C/TAPA Y CHUPON,SIN CATEGORÍA,NIU,1.9,51.0,51.0,positive,low,True,GOTERO VIDRIO AZUL 50ML C TAPA Y CHUPON,products
5381,FRASCO VIDRIO AZUL 50ML B/18 TAPA ESPRAY,SIN CATEGORÍA,NIU,2.5,59.0,59.0,positive,low,True,FRASCO VIDRIO AZUL 50ML B 18 TAPA ESPRAY,products
5382,TIRAS MEDIDORAS DE PH (CAJA *100UND),LABORATORIO,NIU,15.0,47.0,47.0,positive,normal,True,TIRAS MEDIDORAS DE PH CAJA 100UND,products
5383,PROBETA DE PLASTICO GRADUADA PROBETA DE PLASTICO GRADUADA 500 ML,LABORATORIO,NIU,15.0,0.0,-5.0,negative_raw_clipped,normal,True,PROBETA DE PLASTICO GRADUADA PROBETA DE PLASTICO GRADUADA 500 ML,products
5384,VASO DE VIDRIO BORO GRADUADO 10ML,LABORATORIO,NIU,3.5,0.0,-31.0,negative_raw_clipped,normal,True,VASO DE VIDRIO BORO GRADUADO 10ML,products
5385,VASO GRADUADO DE POLIPROPILENO 100ML,LABORATORIO,NIU,3.0,34.0,34.0,positive,normal,True,VASO GRADUADO DE POLIPROPILENO 100ML,products
5386,VASO GRADUADO DE POLIPROPILENO 250ML-300ML,LABORATORIO,NIU,3.5,20.0,20.0,positive,normal,True,VASO GRADUADO DE POLIPROPILENO 250ML 300ML,products
5387,FRASCO VIDRIO ROSADO 10ML C/TAPA ESPRAY N18,SIN CATEGORÍA,NIU,1.8,28.0,28.0,positive,low,True,FRASCO VIDRIO ROSADO 10ML C TAPA ESPRAY N18,products
5388,FRASCO VIDRIO ROSADO 30ML C/TAPA ESPRAY N18,SIN CATEGORÍA,NIU,2.1,118.0,118.0,positive,low,True,FRASCO VIDRIO ROSADO 30ML C TAPA ESPRAY N18,products
5389,PROBADOR VIDRIO 1ML TAPON PLUMILLA,PERFUMES,NIU,0.35,29.0,29.0,positive,normal,True,PROBADOR VIDRIO 1ML TAPON PLUMILLA,products
5390,FRASCO TUBULAR VIDRIO TRANSPARENTE 3ML T/BAQUELITA N13,PERFUMES,NIU,0.945,19.0,19.0,positive,normal,True,FRASCO TUBULAR VIDRIO TRANSPARENTE 3ML T BAQUELITA N13,products
5391,FRASCO TUBULAR VIDRIO TRANSPARENTE 4ML T/BAQUELITA N13,SIN CATEGORÍA,NIU,0.955,6.0,6.0,positive,low,True,FRASCO TUBULAR VIDRIO TRANSPARENTE 4ML T BAQUELITA N13,products
5392,FRASCO TUBULAR VIDRIO TRANSPARENTE 5ML T/BAQUELITA N13,SIN CATEGORÍA,NIU,0.965,11.0,11.0,positive,low,True,FRASCO TUBULAR VIDRIO TRANSPARENTE 5ML T BAQUELITA N13,products
5393,FRASCO PET BLANCO 60ML C/TAPA FLIP TOP N20,SIN CATEGORÍA,NIU,1.4,130.0,130.0,positive,low,True,FRASCO PET BLANCO 60ML C TAPA FLIP TOP N20,products
5394,PET TRANSPARENTE 10ML C/GOTERO CHUPON N18,SIN CATEGORÍA,NIU,1.35,0.0,-29.0,negative_raw_clipped,low,True,PET TRANSPARENTE 10ML C GOTERO CHUPON N18,products
5395,GOTERO PET TRANSPARENTE 20ML N18,SIN CATEGORÍA,NIU,1.55,25.0,25.0,positive,low,True,GOTERO PET TRANSPARENTE 20ML N18,products
5396,GOTERO PET TRANSPARENTE 30ML C/ TAPA Y CHUPON N18,SIN CATEGORÍA,NIU,1.65,21.0,21.0,positive,low,True,GOTERO PET TRANSPARENTE 30ML C TAPA Y CHUPON N18,products
5397,FRASCO VIDRIO AMBAR 20ML B18 C/TAPA ESPRAY,SIN CATEGORÍA,NIU,1.9,42.0,42.0,positive,low,True,FRASCO VIDRIO AMBAR 20ML B18 C TAPA ESPRAY,products
5398,FRASCO VIDRIO AMBAR 30ML B18 C/TAPA ESPRAY,SIN CATEGORÍA,NIU,2.1,89.0,89.0,positive,low,True,FRASCO VIDRIO AMBAR 30ML B18 C TAPA ESPRAY,products
5399,BARRA AGITADORA MAGNETICA C300 30*7.5 MM (AGITADOR MAGNETICO),LABORATORIO,NIU,16.0,6.0,6.0,positive,normal,True,BARRA AGITADORA MAGNETICA C300 30 7 5 MM AGITADOR MAGNETICO,products
5400,GOTERO  VIDRIO AMBAR 30ML TAPA METALIZADA DORADA Y CHUPON,SIN CATEGORÍA,NIU,1.9,1550.0,1550.0,positive,low,True,GOTERO VIDRIO AMBAR 30ML TAPA METALIZADA DORADA Y CHUPON,products
5401,PROBETA VIDRIO 25ML,LABORATORIO,NIU,9.0,13.0,13.0,positive,normal,True,PROBETA VIDRIO 25ML,products
5402,MATRAZ ERLENMEYER DE VIDRIO BORO 100ML,LABORATORIO,NIU,8.5,8.0,8.0,positive,normal,True,MATRAZ ERLENMEYER DE VIDRIO BORO 100ML,products
5403,MATRAZ ERLENMEYER DE VIDRIO 1L,LABORATORIO,NIU,27.0,4.0,4.0,positive,normal,True,MATRAZ ERLENMEYER DE VIDRIO 1L,products
5404,FRASCO BOCA ANCHA TRANSPARENTE TAPA AZUL 50ML,LABORATORIO,NIU,7.5,2.0,2.0,positive,normal,True,FRASCO BOCA ANCHA TRANSPARENTE TAPA AZUL 50ML,products
5405,CALIBRADOR VERNIER DIGITAL - TECAI - 93 / PRECISSO,LABORATORIO,NIU,40.0,9.0,9.0,positive,normal,True,CALIBRADOR VERNIER DIGITAL TECAI 93 PRECISSO,products
5406,PUNTAS BLANCAS PARA PIPETA (B200U),LABORATORIO,NIU,0.8,0.0,-1.0,negative_raw_clipped,normal,True,PUNTAS BLANCAS PARA PIPETA B200U,products
5407,MICROPIPETA BOECO RANGO VARIABLE 100-1000UL,LABORATORIO,NIU,109.0,0.0,0.0,zero,normal,True,MICROPIPETA BOECO RANGO VARIABLE 100 1000UL,products
5408,FIOLA VOLUMETRICA C/PICO 100ML,LABORATORIO,NIU,9.9,11.0,11.0,positive,normal,True,FIOLA VOLUMETRICA C PICO 100ML,products
5409,FIOLA VOLUMETRICA GRADUADO DE VIDRIO 1000ML - BOECO,LABORATORIO,NIU,29.0,3.0,3.0,positive,normal,True,FIOLA VOLUMETRICA GRADUADO DE VIDRIO 1000ML BOECO,products
5410,BARRA AGITADORA MAGNETICA C400 40*8 MM (AGITADOR MAGNETICO),LABORATORIO,NIU,14.9,0.0,-5.0,negative_raw_clipped,normal,True,BARRA AGITADORA MAGNETICA C400 40 8 MM AGITADOR MAGNETICO,products
5411,KIT DE DISECCION,SIN CATEGORÍA,NIU,29.0,0.0,0.0,zero,low,True,KIT DE DISECCION,products
5412,PROBETA VIDRIO GRADUADA 1L,LABORATORIO,NIU,49.0,10.0,10.0,positive,normal,True,PROBETA VIDRIO GRADUADA 1L,products
5413,"REFRACTOMETRO BRIX, 0-85",LABORATORIO,NIU,990.0,0.0,-1.0,negative_raw_clipped,normal,True,REFRACTOMETRO BRIX 0 85,products
5414,PET JABONERA 37GR 400ML C/TAPA DISPENSADOR B28,SIN CATEGORÍA,NIU,2.0,60.0,60.0,positive,low,True,PET JABONERA 37GR 400ML C TAPA DISPENSADOR B28,products
5415,BOTELLA PET TRANSPARENTE 30ML B28 C/TAPA,SIN CATEGORÍA,NIU,0.65,866.0,866.0,positive,low,True,BOTELLA PET TRANSPARENTE 30ML B28 C TAPA,products
5416,TERMOMETRO DIGITAL -50 +300 CON ESPIGA DE 15CM - TP300 - PRECISSO,SIN CATEGORÍA,NIU,15.0,6.0,6.0,positive,low,True,TERMOMETRO DIGITAL 50 300 CON ESPIGA DE 15CM TP300 PRECISSO,products
5417,ESPATULA ASA DRIGALSKI DE VIDRIO,LABORATORIO,NIU,7.0,11.0,11.0,positive,normal,True,ESPATULA ASA DRIGALSKI DE VIDRIO,products
5418,FRASCO PERFUME 100ML C/TAPA CHUPON DORADO IMPORTADO,SIN CATEGORÍA,NIU,2.0,1.0,1.0,positive,low,True,FRASCO PERFUME 100ML C TAPA CHUPON DORADO IMPORTADO,products
5419,GOTERO PLASTICO BLANCO 30ML C/TAPA Y TAPON N15,SIN CATEGORÍA,NIU,0.45,0.0,-544.0,negative_raw_clipped,low,True,GOTERO PLASTICO BLANCO 30ML C TAPA Y TAPON N15,products
5420,FRASCO PARA RIMEL 4ML C/TAPA (12CM - 1.5CM) INYEC.,SIN CATEGORÍA,NIU,3.0,298.0,298.0,positive,low,True,FRASCO PARA RIMEL 4ML C TAPA 12CM 1 5CM INYEC,products
5421,FRASCO GOTERO VIDRIO VERDE 10ML C/TAPA Y CHUPON,SIN CATEGORÍA,NIU,1.35,27.0,27.0,positive,low,True,FRASCO GOTERO VIDRIO VERDE 10ML C TAPA Y CHUPON,products
5422,FRASCO GOTERO VIDRIO VERDE 30ML C/TAPA Y CHUPON,SIN CATEGORÍA,NIU,1.8,27.0,27.0,positive,low,True,FRASCO GOTERO VIDRIO VERDE 30ML C TAPA Y CHUPON,products
5423,PLACA PETRI DE VIDRIO 100*15,LABORATORIO,NIU,6.5,57.0,57.0,positive,normal,True,PLACA PETRI DE VIDRIO 100 15,products
5424,GRADILLA CUBIERTA DE PLASTICO 3*4,LABORATORIO,NIU,10.0,14.0,14.0,positive,normal,True,GRADILLA CUBIERTA DE PLASTICO 3 4,products
5425,POTE CREMERO DOBLE FONDO C/ CINTILLO PLATEADO 100GR C/TAPA Y LAINA,SIN CATEGORÍA,NIU,5.0,21.0,21.0,positive,low,True,POTE CREMERO DOBLE FONDO C CINTILLO PLATEADO 100GR C TAPA Y LAINA,products
5426,TERMOMETRO DE MERCURIO LARGO,LABORATORIO,NIU,25.0,0.0,-11.0,negative_raw_clipped,normal,True,TERMOMETRO DE MERCURIO LARGO,products
5427,TAPA GASEOSA B28 NEGRO,TAPONES,NIU,0.15,0.0,-400.0,negative_raw_clipped,normal,True,TAPA GASEOSA B28 NEGRO,products
5428,PET TRANSPARENTE 100ML TAPA DISPENSADOR B20,SIN CATEGORÍA,NIU,2.5,0.0,-107.0,negative_raw_clipped,low,True,PET TRANSPARENTE 100ML TAPA DISPENSADOR B20,products
5429,GALON DE ALCOHOL ISOPROPILICO,SIN CATEGORÍA,NIU,159.0,0.0,0.0,zero,low,True,GALON DE ALCOHOL ISOPROPILICO,products
5430,PRECINTO TERMOENCOGIBLE 166MM *500UND,TAPONES,NIU,49.0,1.0,1.0,positive,normal,True,PRECINTO TERMOENCOGIBLE 166MM 500UND,products
5431,PRECINTO TERMOENCOGIBLE 138MM * 1000UND,TAPONES,NIU,69.9,0.0,-29.0,negative_raw_clipped,normal,True,PRECINTO TERMOENCOGIBLE 138MM 1000UND,products
5432,PRECINTO TERMOENCOGIBLE 128MM *1000UND,TAPONES,NIU,70.0,1.0,1.0,positive,normal,True,PRECINTO TERMOENCOGIBLE 128MM 1000UND,products
5433,PRECINTO TERMOENCOGIBLE 116MM*500 UND,TAPONES,NIU,28.9,0.0,-34.02,negative_raw_clipped,normal,True,PRECINTO TERMOENCOGIBLE 116MM 500 UND,products
5434,PRECINTO TERMOENCOGIBLE 97MM*1000UND,TAPONES,NIU,49.0,2.0,2.0,positive,normal,True,PRECINTO TERMOENCOGIBLE 97MM 1000UND,products
5435,PRECINTO TERMOENCOGIBLE N38*1000UND,TAPONES,NIU,36.9,2.0,2.0,positive,normal,True,PRECINTO TERMOENCOGIBLE N38 1000UND,products
5436,PAPEL LENTE 105,LABORATORIO,NIU,9.0,0.0,-6.0,negative_raw_clipped,normal,True,PAPEL LENTE 105,products
5437,TUBO CONICO C/TAPA ROSCA NO ESTERIL DE 10ML (BLS*100UND),LABORATORIO,NIU,0.5,166.0,166.0,positive,normal,True,TUBO CONICO C TAPA ROSCA NO ESTERIL DE 10ML BLS 100UND,products
5438,GRADILLA PLASTIFICADA 48 TUBOS NACIONAL,LABORATORIO,NIU,15.0,18.0,18.0,positive,normal,True,GRADILLA PLASTIFICADA 48 TUBOS NACIONAL,products
5439,GRADILLA DE PLASTICO 60 TUBOS  DE 10 Y/O 15ML,LABORATORIO,NIU,15.0,0.0,0.0,zero,normal,True,GRADILLA DE PLASTICO 60 TUBOS DE 10 Y O 15ML,products
5440,GRADILLA DE PLASTICA PARA 90 TUBOS DE ENSAYO 13*100,LABORATORIO,NIU,15.0,4.0,4.0,positive,normal,True,GRADILLA DE PLASTICA PARA 90 TUBOS DE ENSAYO 13 100,products
5441,TAPA PLASTICA GASEOSA BLANCO,TAPONES,NIU,0.1,1000.0,1000.0,positive,normal,True,TAPA PLASTICA GASEOSA BLANCO,products
5442,CRISOL 30ML,LABORATORIO,NIU,6.0,3.0,3.0,positive,normal,True,CRISOL 30ML,products
5443,ASA SIEMBRA 10UL/INOCULADOR CELESTE (BLS*10UND),LABORATORIO,NIU,3.0,1.0,1.0,positive,normal,True,ASA SIEMBRA 10UL INOCULADOR CELESTE BLS 10UND,products
5444,TUBO DE PLASTICO 13*100MM BLS*300UND,LABORATORIO,NIU,0.2,300.0,300.0,positive,normal,True,TUBO DE PLASTICO 13 100MM BLS 300UND,products
5445,MATRAZ ERLENMEYER POLIPROPILENO *100ML,LABORATORIO,NIU,18.0,13.0,13.0,positive,normal,True,MATRAZ ERLENMEYER POLIPROPILENO 100ML,products
5446,PUNTERA DE 100-1000 UL AZUL GRADUADA (BLS *500UND),LABORATORIO,NIU,15.0,2.0,2.0,positive,normal,True,PUNTERA DE 100 1000 UL AZUL GRADUADA BLS 500UND,products
5447,PUNTERA DE 200UL AMARILLA (BLS *1000UND),LABORATORIO,NIU,10.0,1.0,1.0,positive,normal,True,PUNTERA DE 200UL AMARILLA BLS 1000UND,products
5448,PAPEL LENTE 100*150MM WHATMAN TISSUE 105 (CJ *50HJS),LABORATORIO,NIU,9.0,26.0,26.0,positive,normal,True,PAPEL LENTE 100 150MM WHATMAN TISSUE 105 CJ 50HJS,products
5449,FRASCO VIDRIO TRANSPARENTE ALIMENTO 250ML T/63,SIN CATEGORÍA,NIU,2.55,108.0,108.0,positive,low,True,FRASCO VIDRIO TRANSPARENTE ALIMENTO 250ML T 63,products
5450,PHMETRO DIGITAL AMARILLO,LABORATORIO,NIU,49.0,0.0,-24.0,negative_raw_clipped,normal,True,PHMETRO DIGITAL AMARILLO,products
5451,SOLO FRASCO PET CAMPANA 500ML,SIN CATEGORÍA,NIU,1.2,428.0,428.0,positive,low,True,SOLO FRASCO PET CAMPANA 500ML,products
5452,GALONERA NATURAL 4L C/TAPA Y TAPON,SIN CATEGORÍA,NIU,3.9,296.0,296.0,positive,low,True,GALONERA NATURAL 4L C TAPA Y TAPON,products
5453,FRASCO BULLET 120ML C/TAPA ATOMIZADOR,SIN CATEGORÍA,NIU,1.25,1752.0,1752.0,positive,low,True,FRASCO BULLET 120ML C TAPA ATOMIZADOR,products
5454,ESPATULA MANGO DE MADERA 32 CM,LABORATORIO,NIU,13.0,1.0,1.0,positive,normal,True,ESPATULA MANGO DE MADERA 32 CM,products
5455,FIOLA 50ML,SIN CATEGORÍA,NIU,8.0,0.0,0.0,zero,low,True,FIOLA 50ML,products
5456,POTE PLASTICO TIPO PROTEINA BLANCO 1KG C/TAPA,SIN CATEGORÍA,NIU,3.0,67.0,67.0,positive,low,True,POTE PLASTICO TIPO PROTEINA BLANCO 1KG C TAPA,products
5457,POTE PLASTICO TIPO PROTEINA NEGRO 1KG C/TAPA,SIN CATEGORÍA,NIU,3.5,22.0,22.0,positive,low,True,POTE PLASTICO TIPO PROTEINA NEGRO 1KG C TAPA,products
5458,BAÑO MARIA 2 HOYOS OEA,LABORATORIO,NIU,399.0,0.0,0.0,zero,normal,True,BANO MARIA 2 HOYOS OEA,products
5459,AGITADOR MAGNETICO KYNTEL KR-100,LABORATORIO,NIU,449.0,0.0,0.0,zero,normal,True,AGITADOR MAGNETICO KYNTEL KR 100,products
5460,TERMOHIDROMETRO BOECO ORIGINAL CALIBRADO,LABORATORIO,NIU,99.0,0.0,0.0,zero,normal,True,TERMOHIDROMETRO BOECO ORIGINAL CALIBRADO,products
5461,MATRAZ ERLENMEYER DE VIDRIO BORO 50ML g-,LABORATORIO,NIU,7.5,202.0,202.0,positive,normal,True,MATRAZ ERLENMEYER DE VIDRIO BORO 50ML G,products
5462,BARRA AGITADORA MAGNETICA C200 20*7MM (AGITADOR MAGNETICO),LABORATORIO,NIU,9.0,0.0,-1.0,negative_raw_clipped,normal,True,BARRA AGITADORA MAGNETICA C200 20 7MM AGITADOR MAGNETICO,products
5463,FRASCO VIDRIO AZUL 20ML B/18 TAPA ESPRAY,SIN CATEGORÍA,NIU,1.9,46.0,46.0,positive,low,True,FRASCO VIDRIO AZUL 20ML B 18 TAPA ESPRAY,products
5464,BOLSAS ZIPLOC 9*14*  (BLS100),SIN CATEGORÍA,NIU,1.0,0.0,-30.0,negative_raw_clipped,low,True,BOLSAS ZIPLOC 9 14 BLS100,products
5465,BOLSAS ZIPLOC 7*10 (BLS100),SIN CATEGORÍA,NIU,0.5,0.0,-295.0,negative_raw_clipped,low,True,BOLSAS ZIPLOC 7 10 BLS100,products
5466,BOLSAS ZIPLOC 5*8 (BLS100),SIN CATEGORÍA,NIU,0.5,0.0,-42.0,negative_raw_clipped,low,True,BOLSAS ZIPLOC 5 8 BLS100,products
5467,PARAFILM SEAFILM,SIN CATEGORÍA,NIU,110.0,0.0,0.0,zero,low,True,PARAFILM SEAFILM,products
5468,FRASCO VIDRIO AZUL 30ML B/18 TAPA MINIGEL,SIN CATEGORÍA,NIU,2.0,0.0,0.0,zero,low,True,FRASCO VIDRIO AZUL 30ML B 18 TAPA MINIGEL,products
5469,BALANZA DIGITAL,LABORATORIO,NIU,45.0,0.0,0.0,zero,normal,True,BALANZA DIGITAL,products
5470,PLACA PETRI DE 60*15MM SIN DIVISION PLASTICO (BLS10),LABORATORIO,NIU,5.0,0.0,-400.0,negative_raw_clipped,normal,True,PLACA PETRI DE 60 15MM SIN DIVISION PLASTICO BLS10,products
5471,PIPETEADOR DE CREMALLERA AMARILLO (PUMP),LABORATORIO,NIU,19.0,1.0,1.0,positive,normal,True,PIPETEADOR DE CREMALLERA AMARILLO PUMP,products
5472,PAPEL FILTRO WHATMAN N41 DIAM 125MM (CJ100),LABORATORIO,NIU,25.0,0.0,0.0,zero,normal,True,PAPEL FILTRO WHATMAN N41 DIAM 125MM CJ100,products
5473,PAPEL FILTRO WHATMAN N4 DIAM 125MM (CJ100),LABORATORIO,NIU,25.0,0.0,-1.0,negative_raw_clipped,normal,True,PAPEL FILTRO WHATMAN N4 DIAM 125MM CJ100,products
5474,ASA SIEMBRA MULTIFUNCIONAL 1UL/10UL INOCULADOR ESTERIL (BLS 20),SIN CATEGORÍA,NIU,5.0,1.0,1.0,positive,low,True,ASA SIEMBRA MULTIFUNCIONAL 1UL 10UL INOCULADOR ESTERIL BLS 20,products
5475,MANGO PARA ASA BACTERIOLOGICA (MANGO DE KOLLE),SIN CATEGORÍA,NIU,9.0,8.0,8.0,positive,low,True,MANGO PARA ASA BACTERIOLOGICA MANGO DE KOLLE,products
5476,PIPETEADOR DE CREMALLERA ROJO(PUMP) 25ML,LABORATORIO,NIU,19.9,0.0,-1.0,negative_raw_clipped,normal,True,PIPETEADOR DE CREMALLERA ROJO PUMP 25ML,products
5477,CONDUCTIMETRO Y TDS DIGITAL CON SENSOR DE TEMPERATURA,LABORATORIO,NIU,40.0,4.0,4.0,positive,normal,True,CONDUCTIMETRO Y TDS DIGITAL CON SENSOR DE TEMPERATURA,products
5478,FRASCO CILINDRO PET TRANSPARENTE 250ML B28 SIN TAPA,SIN CATEGORÍA,NIU,1.0,9108.0,9108.0,positive,low,True,FRASCO CILINDRO PET TRANSPARENTE 250ML B28 SIN TAPA,products
5479,PROBADOR PLASTICO NATURAL CON ATOMIZDOR 10ML,PERFUMES,NIU,1.3,488.0,488.0,positive,normal,True,PROBADOR PLASTICO NATURAL CON ATOMIZDOR 10ML,products
5480,PROBADOR PLASTICO NATURAL C/GANCHO CON ATOMIZDOR 10ML,PERFUMES,NIU,1.3,495.0,495.0,positive,normal,True,PROBADOR PLASTICO NATURAL C GANCHO CON ATOMIZDOR 10ML,products
5481,ENVASE PEAD BIDON *20LT VERDE C/TAPA Y TAPON,SIN CATEGORÍA,NIU,14.9,1.0,1.0,positive,low,True,ENVASE PEAD BIDON 20LT VERDE C TAPA Y TAPON,products
5482,FRASCO VIDRIO 85ML T/43 C/TAPA PLASTICO N43 BLANCO,SIN CATEGORÍA,NIU,1.1,241.0,241.0,positive,low,True,FRASCO VIDRIO 85ML T 43 C TAPA PLASTICO N43 BLANCO,products
5483,PLACA PETRI PLASTICO 100*15MM,LABORATORIO,NIU,7.5,0.0,-1.0,negative_raw_clipped,normal,True,PLACA PETRI PLASTICO 100 15MM,products
5484,PLACA PETRI PLASTICO 150*15MM,LABORATORIO,NIU,30.0,0.0,0.0,zero,normal,True,PLACA PETRI PLASTICO 150 15MM,products
5485,GOTERO VIDRIO AZUL 5ML C/TAPA Y CHUPON,SIN CATEGORÍA,NIU,1.2,30.0,30.0,positive,low,True,GOTERO VIDRIO AZUL 5ML C TAPA Y CHUPON,products
5486,VASO COPLIN PARA 5 LAMINAS VERTICAL,LABORATORIO,NIU,20.0,6.0,6.0,positive,normal,True,VASO COPLIN PARA 5 LAMINAS VERTICAL,products
5487,CRISOL 40ML,LABORATORIO,NIU,6.5,1.0,1.0,positive,normal,True,CRISOL 40ML,products
5488,FRASCO GOTERO VIDRIO TRANSPARENTE 50ML C/TAPA Y CHUPON,SIN CATEGORÍA,NIU,2.3,644.0,644.0,positive,low,True,FRASCO GOTERO VIDRIO TRANSPARENTE 50ML C TAPA Y CHUPON,products
5489,"GRADILLA MULTIFUNCIONAL PARA TUBOS CONICOS DE 10ML, 15ML Y 50ML",LABORATORIO,NIU,15.0,0.0,0.0,zero,normal,True,GRADILLA MULTIFUNCIONAL PARA TUBOS CONICOS DE 10ML 15ML Y 50ML,products
5490,VASO GRADUADO DE PLASTICO 500ML,LABORATORIO,NIU,5.0,0.0,-2.0,negative_raw_clipped,normal,True,VASO GRADUADO DE PLASTICO 500ML,products
5491,PIPETAS PASTEUR ESTRILES 1ML BX100,LABORATORIO,NIU,0.35,91.0,91.0,positive,normal,True,PIPETAS PASTEUR ESTRILES 1ML BX100,products
5492,SOPORTE DE BURETA O ABRAZADERA DE METAL,LABORATORIO,NIU,30.0,1.0,1.0,positive,normal,True,SOPORTE DE BURETA O ABRAZADERA DE METAL,products
5493,PAPEL FILTRO WHATMAN N42 DIAM 125MM (CJ100),LABORATORIO,NIU,25.0,1.0,1.0,positive,normal,True,PAPEL FILTRO WHATMAN N42 DIAM 125MM CJ100,products
5494,CEPILLO DE LIMPIEZA PARA TUBO DE ENSAYO 16*150MM,LABORATORIO,NIU,3.0,0.0,0.0,zero,normal,True,CEPILLO DE LIMPIEZA PARA TUBO DE ENSAYO 16 150MM,products
5495,FRASCO PLASTICO INSECTICIDA 250ML C/TAPA Y TAPON,SIN CATEGORÍA,NIU,3.0,27.0,27.0,positive,low,True,FRASCO PLASTICO INSECTICIDA 250ML C TAPA Y TAPON,products
5496,VASO DE PLASTICO 500ML,LABORATORIO,NIU,5.0,0.0,-3.0,negative_raw_clipped,normal,True,VASO DE PLASTICO 500ML,products
5497,CAJA PARA PORTAOBJETOS *25UND,SIN CATEGORÍA,NIU,,0.0,-8.0,negative_raw_clipped,low,True,CAJA PARA PORTAOBJETOS 25UND,products
5498,FRASCO PET AMBAR 120ML C/TAPA Y TAPON N28,SIN CATEGORÍA,NIU,1.2,115.0,115.0,positive,low,True,FRASCO PET AMBAR 120ML C TAPA Y TAPON N28,products
5499,POTE DOBLE FONDO BLANCO IMPORTADO 60GR C/TAPA Y LAINA,SIN CATEGORÍA,NIU,2.5,38.0,38.0,positive,low,True,POTE DOBLE FONDO BLANCO IMPORTADO 60GR C TAPA Y LAINA,products
5500,"GRADILLA PARA CRIOVIALES TAPA PRESION (EPPENDORF) 0.5ML, 1.5ML Y 2ML",LABORATORIO,NIU,,0.0,0.0,zero,normal,True,GRADILLA PARA CRIOVIALES TAPA PRESION EPPENDORF 0 5ML 1 5ML Y 2ML,products
5501,LANCETERO NIPRO PREMIER UNIVERSAL,SIN CATEGORÍA,NIU,15.0,1.0,1.0,positive,low,True,LANCETERO NIPRO PREMIER UNIVERSAL,products
5502,VIAL VIDRIO AMBAR 50ML B20,LABORATORIO,NIU,1.35,60.0,60.0,positive,normal,True,VIAL VIDRIO AMBAR 50ML B20,products
5503,PRECINTO DE ALUMINIO PLATEADO #20,LABORATORIO,NIU,0.1,760.0,760.0,positive,normal,True,PRECINTO DE ALUMINIO PLATEADO 20,products
5504,FRASCO BULLET 250 ML C/TAPA ATOMIZADOR B/24,SIN CATEGORÍA,NIU,3.0,0.0,-84.0,negative_raw_clipped,low,True,FRASCO BULLET 250 ML C TAPA ATOMIZADOR B 24,products
5505,CUCHARA PLASTICO 10GR,SIN CATEGORÍA,NIU,0.7,46.0,46.0,positive,low,True,CUCHARA PLASTICO 10GR,products
5506,LAINA PLASTICO N58,SIN CATEGORÍA,NIU,0.15,640.0,640.0,positive,low,True,LAINA PLASTICO N58,products
5507,FRASCO GOTERO VIDRIO AZUL 100ML C/TAPA Y CHUPON,SIN CATEGORÍA,NIU,2.2,16.0,16.0,positive,low,True,FRASCO GOTERO VIDRIO AZUL 100ML C TAPA Y CHUPON,products
5508,FRASCO GOTERO VIDRIO VERDE 50ML C/TAPA Y CHUPON,SIN CATEGORÍA,NIU,2.0,29.0,29.0,positive,low,True,FRASCO GOTERO VIDRIO VERDE 50ML C TAPA Y CHUPON,products
5509,TUBO COLAPSIBLE 30ML NATURAL C/TAPA,SIN CATEGORÍA,NIU,1.8,195.0,195.0,positive,low,True,TUBO COLAPSIBLE 30ML NATURAL C TAPA,products
5510,POTE DOBLE FONDO BLANCO IMPORTADO 120GR C/TAPA Y LAINA,SIN CATEGORÍA,NIU,3.5,13.0,13.0,positive,low,True,POTE DOBLE FONDO BLANCO IMPORTADO 120GR C TAPA Y LAINA,products
5511,POTE PET TRANSPARENTE 750ML C/TAPA,SIN CATEGORÍA,NIU,2.6,0.0,-341.0,negative_raw_clipped,low,True,POTE PET TRANSPARENTE 750ML C TAPA,products
5512,FRASCO VIDRIO TRANSPARENTE 370 RECTO P-L T/63,SIN CATEGORÍA,NIU,2.5,454.0,454.0,positive,low,True,FRASCO VIDRIO TRANSPARENTE 370 RECTO P L T 63,products
5513,TUBO ENSAYO PYREX 13*100 (BX250) 10ml,LABORATORIO,NIU,1.0,55.0,55.0,positive,normal,True,TUBO ENSAYO PYREX 13 100 BX250 10ML,products
5514,PIPETA SEREOLOGICA GRADUADA VIDRIO 25ML,LABORATORIO,NIU,11.0,1.0,1.0,positive,normal,True,PIPETA SEREOLOGICA GRADUADA VIDRIO 25ML,products
5515,FIOLA DE VIDRIO 250ML,LABORATORIO,NIU,15.0,0.0,0.0,zero,normal,True,FIOLA DE VIDRIO 250ML,products
5516,FIOLA DE VIDRIO 500,LABORATORIO,NIU,22.0,0.0,-2.0,negative_raw_clipped,normal,True,FIOLA DE VIDRIO 500,products
5517,REJILLA CON CENTRO CERAMICO 125MM,LABORATORIO,NIU,6.0,3.0,3.0,positive,normal,True,REJILLA CON CENTRO CERAMICO 125MM,products
5518,FRASCO PET DE COLORES BOSTON 120ML C/TAPA FLIP TOP N20,SIN CATEGORÍA,NIU,1.5,36.0,36.0,positive,low,True,FRASCO PET DE COLORES BOSTON 120ML C TAPA FLIP TOP N20,products
5519,BRILLO 12*18 (100und),SIN CATEGORÍA,NIU,11.0,1.0,1.0,positive,low,True,BRILLO 12 18 100UND,products
5520,BRILLO 13*20,SIN CATEGORÍA,NIU,12.0,1.0,1.0,positive,low,True,BRILLO 13 20,products
5521,FRASCO DE VIDRIO BOCA ANCHA AMBAR TAPA AZUL 500ML,LABORATORIO,NIU,18.0,40.0,40.0,positive,normal,True,FRASCO DE VIDRIO BOCA ANCHA AMBAR TAPA AZUL 500ML,products
5522,PLACA PETRI DE VIDRIO 60,LABORATORIO,NIU,3.0,23.0,23.0,positive,normal,True,PLACA PETRI DE VIDRIO 60,products
5523,GOTERO VIDRIO AMBAR 15ML B18 C/TAPA Y CHUPON C/SEGURO,SIN CATEGORÍA,NIU,1.4,0.0,-2.0,negative_raw_clipped,low,True,GOTERO VIDRIO AMBAR 15ML B18 C TAPA Y CHUPON C SEGURO,products
5524,TAPA PRESS N20,SIN CATEGORÍA,NIU,1.0,22.0,22.0,positive,low,True,TAPA PRESS N20,products
5525,PASTILLERO PLASTICO BLANCO 180ML C/TAPA,SIN CATEGORÍA,NIU,2.0,100.0,100.0,positive,low,True,PASTILLERO PLASTICO BLANCO 180ML C TAPA,products
5526,BARRA AGITADORA MAGNETICA C100 10*4MM (AGITADOR MAGNETICO),LABORATORIO,NIU,6.0,1.0,1.0,positive,normal,True,BARRA AGITADORA MAGNETICA C100 10 4MM AGITADOR MAGNETICO,products
5527,VASO PRECIPITADO DE VIDRIO 25ML (BEAKER),LABORATORIO,NIU,4.0,363.0,363.0,positive,normal,True,VASO PRECIPITADO DE VIDRIO 25ML BEAKER,products
5528,EMBUDO DE VIDRIO DE BOROSILICATO DE 75MM G-,LABORATORIO,NIU,8.0,207.0,207.0,positive,normal,True,EMBUDO DE VIDRIO DE BOROSILICATO DE 75MM G,products
5529,LACTODENSIMETRO CON TERMOMETRO RANGO 0-40 BOECO,LABORATORIO,NIU,45.0,2.0,2.0,positive,normal,True,LACTODENSIMETRO CON TERMOMETRO RANGO 0 40 BOECO,products
5530,GALONERA PLASTICO NATURAL 1L B36 C/TAPA Y TAPON,SIN CATEGORÍA,NIU,2.2,0.0,-348.0,negative_raw_clipped,low,True,GALONERA PLASTICO NATURAL 1L B36 C TAPA Y TAPON,products
5531,PET TRANSPARENTE 120ML TAPA DISPENSADOR B20,SIN CATEGORÍA,NIU,3.0,0.0,-17.0,negative_raw_clipped,low,True,PET TRANSPARENTE 120ML TAPA DISPENSADOR B20,products
5532,PET TRANSPARENTE 75ML TAPA DISPENSADOR B20,SIN CATEGORÍA,NIU,2.5,0.0,-20.0,negative_raw_clipped,low,True,PET TRANSPARENTE 75ML TAPA DISPENSADOR B20,products
5533,FRASCO VIDRIO AMBAR IMPORTADO 125ML C/TAPA Y TAPON INTERNO.,SIN CATEGORÍA,NIU,1.2,0.0,-1117.0,negative_raw_clipped,low,True,FRASCO VIDRIO AMBAR IMPORTADO 125ML C TAPA Y TAPON INTERNO,products
5534,FRASCO VIDRIO AMBAR IMPORTADO 250ML C/TAPA Y TAPON INTERNO.,SIN CATEGORÍA,NIU,1.8,0.0,-394.0,negative_raw_clipped,low,True,FRASCO VIDRIO AMBAR IMPORTADO 250ML C TAPA Y TAPON INTERNO,products
5535,FRASCO VIDRIO AMBAR IMPORTADO 500ML C/TAPA Y TAPON INTERNO.,SIN CATEGORÍA,NIU,2.5,0.0,-656.0,negative_raw_clipped,low,True,FRASCO VIDRIO AMBAR IMPORTADO 500ML C TAPA Y TAPON INTERNO,products
5536,FRASCO VIDRIO AMBAR IMPORTADO 60ML C/TAPA Y TAPON INTERNO.,SIN CATEGORÍA,NIU,1.1,0.0,-46.0,negative_raw_clipped,low,True,FRASCO VIDRIO AMBAR IMPORTADO 60ML C TAPA Y TAPON INTERNO,products
5537,FRASCO VIDRIO AMBAR IMPORTADO 100ML C/TAPA Y TAPON INTERNO.,SIN CATEGORÍA,NIU,1.2,0.0,-63.0,negative_raw_clipped,low,True,FRASCO VIDRIO AMBAR IMPORTADO 100ML C TAPA Y TAPON INTERNO,products
5538,FRASCO PET AMBAR 120ML B28 C/TAPA DISPENSADOR GEL,SIN CATEGORÍA,NIU,2.0,0.0,-64.0,negative_raw_clipped,low,True,FRASCO PET AMBAR 120ML B28 C TAPA DISPENSADOR GEL,products
5539,FRASCO PET AMBAR 120ML B28 C/TAPA TRIGGER,SIN CATEGORÍA,NIU,1.9,0.0,-13.0,negative_raw_clipped,low,True,FRASCO PET AMBAR 120ML B28 C TAPA TRIGGER,products
5540,FRASCO PET AMBAR 120ML B28 C/TAPA SPRAY,SIN CATEGORÍA,NIU,1.9,0.0,-65.0,negative_raw_clipped,low,True,FRASCO PET AMBAR 120ML B28 C TAPA SPRAY,products
5541,CUCHARA CON ESPATULA DE ACERO INOXIDABLE 30CM,LABORATORIO,NIU,15.0,1.0,1.0,positive,normal,True,CUCHARA CON ESPATULA DE ACERO INOXIDABLE 30CM,products
5542,TRIPODE,LABORATORIO,NIU,15.0,0.0,0.0,zero,normal,True,TRIPODE,products
5543,PEPEL TORNASOL ROJO 100 TIRAS,LABORATORIO,NIU,10.0,1.0,1.0,positive,normal,True,PEPEL TORNASOL ROJO 100 TIRAS,products
5544,TERMOMETRO CON LASER INFRARROJO INDUSTRIAL,LABORATORIO,NIU,90.0,1.0,1.0,positive,normal,True,TERMOMETRO CON LASER INFRARROJO INDUSTRIAL,products
5545,REFRACTROMETRO ATC 0-32% BRIX,SIN CATEGORÍA,NIU,99.0,0.0,0.0,zero,low,True,REFRACTROMETRO ATC 0 32 BRIX,products
5546,FRASCO VIDRIO TRANSPARENTE CUADRADO 50ML C/TAPA Y CHUPON DORADO N18,SIN CATEGORÍA,NIU,5.0,0.0,0.0,zero,low,True,FRASCO VIDRIO TRANSPARENTE CUADRADO 50ML C TAPA Y CHUPON DORADO N18,products
5549,GOTERO VIDRIO AMBAR 100ML TAPA METALIZADA DORADA Y CHUPON,SIN CATEGORÍA,NIU,2.5,100.0,100.0,positive,low,True,GOTERO VIDRIO AMBAR 100ML TAPA METALIZADA DORADA Y CHUPON,products
5550,GOTERO VIDRIO AMBAR 50ML TAPA METALIZADA DORADA Y CHUPON,SIN CATEGORÍA,NIU,2.1,97.0,97.0,positive,low,True,GOTERO VIDRIO AMBAR 50ML TAPA METALIZADA DORADA Y CHUPON,products
5551,TAPA FLIP TOP BLANCO N20,TAPONES,NIU,0.55,100.0,100.0,positive,normal,True,TAPA FLIP TOP BLANCO N20,products
5552,CREMERO SIMPLE 30GR C/ TAPA Y LAINA NEGRO,SIN CATEGORÍA,NIU,0.6,0.0,-16.0,negative_raw_clipped,low,True,CREMERO SIMPLE 30GR C TAPA Y LAINA NEGRO,products
5553,FRASCO PET BLANCO 60ML C/TAPA DISPENSADOR N20,SIN CATEGORÍA,NIU,1.5,0.0,-2.0,negative_raw_clipped,low,True,FRASCO PET BLANCO 60ML C TAPA DISPENSADOR N20,products
5554,FRASCO PET COLORES BOSTON 120ML C/TAPA DISPENSADOR B20,SIN CATEGORÍA,NIU,1.7,0.0,-7.0,negative_raw_clipped,low,True,FRASCO PET COLORES BOSTON 120ML C TAPA DISPENSADOR B20,products
5555,FRASCO GOTERO INTERNO VIDRIO AMBAR  50ML B18 C/TAPA,SIN CATEGORÍA,NIU,1.6,19.0,19.0,positive,low,True,FRASCO GOTERO INTERNO VIDRIO AMBAR 50ML B18 C TAPA,products
5556,FRASCO GOTERO INTERNO VIDRIO AMBAR 15ML B18 C/TAPA,SIN CATEGORÍA,NIU,1.3,0.0,-1.0,negative_raw_clipped,low,True,FRASCO GOTERO INTERNO VIDRIO AMBAR 15ML B18 C TAPA,products
5557,Gotero interno 50ml,SIN CATEGORÍA,NIU,2.5,0.0,0.0,zero,low,True,GOTERO INTERNO 50ML,products
5558,FRASCO PET TRANSPARENTE 200ML CON TAPA SPRAY N24,SIN CATEGORÍA,NIU,2.7,24.0,24.0,positive,low,True,FRASCO PET TRANSPARENTE 200ML CON TAPA SPRAY N24,products
5559,FRASCO VIDRIO NEGRO 10ML C/TAPA Y TAPON N18,SIN CATEGORÍA,NIU,1.2,88.0,88.0,positive,low,True,FRASCO VIDRIO NEGRO 10ML C TAPA Y TAPON N18,products
5560,LIPSTICK / BALSAMO LABIAL BLANCO 15ML,SIN CATEGORÍA,NIU,2.3,65.0,65.0,positive,low,True,LIPSTICK BALSAMO LABIAL BLANCO 15ML,products
5561,FRASCO ESMALTE VIDRIO TRANSPARENTE OVALADO 8ML CON BROCHA Y TAPA,SIN CATEGORÍA,NIU,1.2,12.0,12.0,positive,low,True,FRASCO ESMALTE VIDRIO TRANSPARENTE OVALADO 8ML CON BROCHA Y TAPA,products
5562,POTE PLASTICO BLANCO 20GR CON TAPA B40,SIN CATEGORÍA,NIU,0.44,187.0,187.0,positive,low,True,POTE PLASTICO BLANCO 20GR CON TAPA B40,products
5563,FRASCO PET AMBAR 60ML CON TAPA Y TAPON B28,SIN CATEGORÍA,NIU,1.22,46.0,46.0,positive,low,True,FRASCO PET AMBAR 60ML CON TAPA Y TAPON B28,products
5564,FRASCO PET BLANCO 60ML C/TAPA SPRAY N20,SIN CATEGORÍA,NIU,1.4,50.0,50.0,positive,low,True,FRASCO PET BLANCO 60ML C TAPA SPRAY N20,products
5565,FRASCO DE VIDRIO AMBAR BOCA ANCHA TAPA AZUL 1L,LABORATORIO,NIU,20.0,0.0,-7.0,negative_raw_clipped,normal,True,FRASCO DE VIDRIO AMBAR BOCA ANCHA TAPA AZUL 1L,products
5566,CEPILLO DE LIMPIEZA PARA PROBETA DE 100ML,LABORATORIO,NIU,4.0,0.0,-7.0,negative_raw_clipped,normal,True,CEPILLO DE LIMPIEZA PARA PROBETA DE 100ML,products
5567,CEPILLO DE LIMPIEZA PARA PROBETA DE 250ML,SIN CATEGORÍA,NIU,5.0,1.0,1.0,positive,low,True,CEPILLO DE LIMPIEZA PARA PROBETA DE 250ML,products
5568,CEPILLO DE LIMPIEZA PARA PROBETA DE 500ML,SIN CATEGORÍA,NIU,7.0,1.0,1.0,positive,low,True,CEPILLO DE LIMPIEZA PARA PROBETA DE 500ML,products
5569,FRASCO PEAD PLASTICO AMARILLO CILINDRO 350ML,SIN CATEGORÍA,NIU,0.041,1.0,1.0,positive,low,True,FRASCO PEAD PLASTICO AMARILLO CILINDRO 350ML,products
5570,FRASCO PEAD PLASTICO AMARILLO CILINDRO 150ML,SIN CATEGORÍA,NIU,0.041,1.0,1.0,positive,low,True,FRASCO PEAD PLASTICO AMARILLO CILINDRO 150ML,products
5571,BOMBA ATOMIZADORA ACANALADO N24/410 NEGRO,SIN CATEGORÍA,NIU,1.0,2.0,2.0,positive,low,True,BOMBA ATOMIZADORA ACANALADO N24 410 NEGRO,products
5572,MATRAZ ERLENMEYER DE POLIPROPILENO 250ML,LABORATORIO,NIU,23.0,6.0,6.0,positive,normal,True,MATRAZ ERLENMEYER DE POLIPROPILENO 250ML,products
5573,TAPA PILFER N°28,TAPONES,NIU,0.15,0.0,0.0,zero,normal,True,TAPA PILFER N 28,products
5574,TERMOMETRO DE VIDRIO -20 +150,LABORATORIO,NIU,30.0,6.0,6.0,positive,normal,True,TERMOMETRO DE VIDRIO 20 150,products
5575,TUBO DE ENSAYO T/ROSCA 20*150MM - PYREX,LABORATORIO,NIU,3.0,5.0,5.0,positive,normal,True,TUBO DE ENSAYO T ROSCA 20 150MM PYREX,products
5576,FRASCO VIDRIO AMBAR 5ML B18 TAPA ESPRAY,SIN CATEGORÍA,NIU,1.6,0.0,0.0,zero,low,True,FRASCO VIDRIO AMBAR 5ML B18 TAPA ESPRAY,products
5577,POTE PROTEINA BLANCO 3.3 KG,SIN CATEGORÍA,NIU,4.0,0.0,-18.0,negative_raw_clipped,low,True,POTE PROTEINA BLANCO 3 3 KG,products
5578,Balanza 200g-0.01g,SIN CATEGORÍA,NIU,19.0,3.0,3.0,positive,low,True,BALANZA 200G 0 01G,products
5579,FRASCO ESMALTE VIDRIO TRANSPARENTE 15ML CON BROCHA Y TAPA,SIN CATEGORÍA,NIU,1.35,81.0,81.0,positive,low,True,FRASCO ESMALTE VIDRIO TRANSPARENTE 15ML CON BROCHA Y TAPA,products
5580,POTE PROTEINA 3.3KG,SIN CATEGORÍA,NIU,4.0,24.0,24.0,positive,low,True,POTE PROTEINA 3 3KG,products
5581,SOLO TAPA SPRAY MINI PISTOLA NEGRA N20,TAPONES,NIU,0.9,100.0,100.0,positive,normal,True,SOLO TAPA SPRAY MINI PISTOLA NEGRA N20,products
5582,PIPETEADOR DE CREMALLERA AZUL (PUMP) 2ML,LABORATORIO,NIU,19.0,2.0,2.0,positive,normal,True,PIPETEADOR DE CREMALLERA AZUL PUMP 2ML,products
5583,FRASCO PET CAMPANA 300ML BLANCO C/T SPRAY PISTOLA PVE,SIN CATEGORÍA,NIU,2.5,92.0,92.0,positive,low,True,FRASCO PET CAMPANA 300ML BLANCO C T SPRAY PISTOLA PVE,products
5584,SOLO TAPA ESPUMERO B28,TAPONES,NIU,1.6,493.0,493.0,positive,normal,True,SOLO TAPA ESPUMERO B28,products
5585,FRASCO VIDRIO AZUL 30ML B/18 TAPA ESPRAY,SIN CATEGORÍA,NIU,2.0,0.0,-25.0,negative_raw_clipped,low,True,FRASCO VIDRIO AZUL 30ML B 18 TAPA ESPRAY,products
5586,ENVASE PEAD BLANCO CILINDRO 350ML,SIN CATEGORÍA,NIU,0.95,494.0,494.0,positive,low,True,ENVASE PEAD BLANCO CILINDRO 350ML,products
5587,VASO DE PLASTICO GRADUADO ALTO RELIEVE 500ML ISOLAB,SIN CATEGORÍA,NIU,18.0,6.0,6.0,positive,low,True,VASO DE PLASTICO GRADUADO ALTO RELIEVE 500ML ISOLAB,products
5588,TAPA DISPENSADORA NEGRO B28MM,TAPONES,NIU,1.0,971.0,971.0,positive,normal,True,TAPA DISPENSADORA NEGRO B28MM,products
5589,POTE CREMERO BLANCO 25ML PLASTICO,SIN CATEGORÍA,NIU,0.6,0.0,-50.0,negative_raw_clipped,low,True,POTE CREMERO BLANCO 25ML PLASTICO,products
5590,FIOLA 1L VIDRIO,SIN CATEGORÍA,NIU,30.0,0.0,-3.0,negative_raw_clipped,low,True,FIOLA 1L VIDRIO,products
5591,BOLSAS ZIPLOC 10*15* (BLS100),SIN CATEGORÍA,NIU,70.0,0.0,-1.0,negative_raw_clipped,low,True,BOLSAS ZIPLOC 10 15 BLS100,products
5592,BOLSAS ZIPLOC 4*8 (BLS100),SIN CATEGORÍA,NIU,25.0,0.0,-100.0,negative_raw_clipped,low,True,BOLSAS ZIPLOC 4 8 BLS100,products
5593,FRASCO PET AZUL 250ML C/TAPA DISPENSADORA N24,SIN CATEGORÍA,NIU,2.5,18.0,18.0,positive,low,True,FRASCO PET AZUL 250ML C TAPA DISPENSADORA N24,products
5594,POTE CREMERO SIMPLE C/ CINTILLO PLATEADO 200GR C/TAPA Y LAINA,SIN CATEGORÍA,NIU,4.0,45.0,45.0,positive,low,True,POTE CREMERO SIMPLE C CINTILLO PLATEADO 200GR C TAPA Y LAINA,products
5595,FRASCO GOTERO INTERNO VIDRIO AZUL 10ML B/18 C/TAPA,SIN CATEGORÍA,NIU,1.25,500.0,500.0,positive,low,True,FRASCO GOTERO INTERNO VIDRIO AZUL 10ML B 18 C TAPA,products
5596,CREMERO DE VIDRIO 50GR PAVONADO,SIN CATEGORÍA,NIU,4.0,107.0,107.0,positive,low,True,CREMERO DE VIDRIO 50GR PAVONADO,products
5597,POTE DE VIDRIO RECTO TRANPARENTE C/ TAPA METALIZADA 458ML,SIN CATEGORÍA,NIU,2.5,96.0,96.0,positive,low,True,POTE DE VIDRIO RECTO TRANPARENTE C TAPA METALIZADA 458ML,products
5598,TAPA PRESS N°24,SIN CATEGORÍA,NIU,1.0,49.0,49.0,positive,low,True,TAPA PRESS N 24,products
5599,POTE PLASTICO BLANCO ALTO 300GR C/TAPA Y LAINA,SIN CATEGORÍA,NIU,2.2,50.0,50.0,positive,low,True,POTE PLASTICO BLANCO ALTO 300GR C TAPA Y LAINA,products
5600,POTE PLASTICO BLANCO 200GR C/TAPA Y LAINA,SIN CATEGORÍA,NIU,1.9,50.0,50.0,positive,low,True,POTE PLASTICO BLANCO 200GR C TAPA Y LAINA,products
5601,FRASCO PET AMBAR 60ML CON TAPA MINIGATILLO B28,SIN CATEGORÍA,NIU,1.92,0.0,0.0,zero,low,True,FRASCO PET AMBAR 60ML CON TAPA MINIGATILLO B28,products
5602,PIPETA SEREOLOGICA GRADUADA VIDRIO 2ML,LABORATORIO,NIU,5.0,2.0,2.0,positive,normal,True,PIPETA SEREOLOGICA GRADUADA VIDRIO 2ML,products
5603,PIPETA SEREOLOGICA GRADUADA VIDRIO 3ML,LABORATORIO,NIU,5.0,5.0,5.0,positive,normal,True,PIPETA SEREOLOGICA GRADUADA VIDRIO 3ML,products
5604,SOLO TAPA GOTERO INTERNO Y TAPON N18,SIN CATEGORÍA,NIU,0.5,25.0,25.0,positive,low,True,SOLO TAPA GOTERO INTERNO Y TAPON N18,products
5605,MATRAZ CON PICO KITAZATO DE VIDRIO 500ML,LABORATORIO,NIU,20.0,1.0,1.0,positive,normal,True,MATRAZ CON PICO KITAZATO DE VIDRIO 500ML,products
5606,TUBO COLAPSIBLE 100ML BLANCO C/TAPA,SIN CATEGORÍA,NIU,2.2,0.0,0.0,zero,low,True,TUBO COLAPSIBLE 100ML BLANCO C TAPA,products
5607,TUBO PARA BRILLO LABIAL 10ML GLOSS,SIN CATEGORÍA,NIU,2.4,18.0,18.0,positive,low,True,TUBO PARA BRILLO LABIAL 10ML GLOSS,products
5608,CRISOL 25ML,SIN CATEGORÍA,NIU,3.5,0.0,0.0,zero,low,True,CRISOL 25ML,products
5609,FRASCO VIDRIO TRANSPARENTE 100ML TAPA SPRAY METALIZADA,SIN CATEGORÍA,NIU,2.6,0.0,-6.0,negative_raw_clipped,low,True,FRASCO VIDRIO TRANSPARENTE 100ML TAPA SPRAY METALIZADA,products
5610,FRASCO LAVAVAJILLA PET 500ML S/TAPA,SIN CATEGORÍA,NIU,0.9,500.0,500.0,positive,low,True,FRASCO LAVAVAJILLA PET 500ML S TAPA,products
5611,FRASCO PET TRANSPARENTE GATILLO 650ML MOD IP S/TAPA B28,SIN CATEGORÍA,NIU,1.1,500.0,500.0,positive,low,True,FRASCO PET TRANSPARENTE GATILLO 650ML MOD IP S TAPA B28,products
5612,PET JABONERA TRANSPARENTE 28GR 400ML S/TAPA B28,SIN CATEGORÍA,NIU,0.75,500.0,500.0,positive,low,True,PET JABONERA TRANSPARENTE 28GR 400ML S TAPA B28,products
5613,SOLO TRIGGER MINI GATILLO BLANCO B24,SIN CATEGORÍA,NIU,0.86,985.0,985.0,positive,low,True,SOLO TRIGGER MINI GATILLO BLANCO B24,products
5614,BURETA DE VIDRIO C/LLAVE TEFLON 50ML,LABORATORIO,NIU,55.0,2.0,2.0,positive,normal,True,BURETA DE VIDRIO C LLAVE TEFLON 50ML,products
5615,CUCHARA DE POLIETILENO PARA STEVIA,SIN CATEGORÍA,NIU,0.1,0.0,-2000.0,negative_raw_clipped,low,True,CUCHARA DE POLIETILENO PARA STEVIA,products
5616,TUBO DE ENSAYO T/ROSCA 20*125 PYREX,LABORATORIO,NIU,3.0,5.0,5.0,positive,normal,True,TUBO DE ENSAYO T ROSCA 20 125 PYREX,products
5617,PIPETA SEREOLOGICA 1ML - BOECO AZUL,LABORATORIO,NIU,6.5,12.0,12.0,positive,normal,True,PIPETA SEREOLOGICA 1ML BOECO AZUL,products
5618,FRASCO PET AMBAR 250ML C/TAPA DISPENSADORA N24,SIN CATEGORÍA,NIU,2.5,100.0,100.0,positive,low,True,FRASCO PET AMBAR 250ML C TAPA DISPENSADORA N24,products
5619,TAPA DISPENSADORA PLASTICO B24,TAPONES,NIU,1.0,100.0,100.0,positive,normal,True,TAPA DISPENSADORA PLASTICO B24,products
6514,GOTERO VIDRIO AMBAR 20ML TAPA METALIZADA DORADA Y CHUPON,SIN CATEGORÍA,NIU,1.7,25.0,25.0,positive,low,True,GOTERO VIDRIO AMBAR 20ML TAPA METALIZADA DORADA Y CHUPON,products
