product_id,product_name,software_category,stock_available,stock_available_raw,stock_status,sales_rows,sales_units,sales_total,purchases_rows,purchases_units,purchases_total,has_sales,has_purchases
0,LAPTOP MAMEL,SIN CATEGORÍA,0.0,0.0,zero,0.0,0.0,0.0,0.0,0.0,0.0,False,False
1,utiles de oficina,SIN CATEGORÍA,3.0,3.0,positive,0.0,0.0,0.0,0.0,0.0,0.0,False,False
2,ORTOPEDIA,SIN CATEGORÍA,1.0,1.0,positive,0.0,0.0,0.0,0.0,0.0,0.0,False,False
3,BOLSA 16*19 C/ASA *100UND,SIN CATEGORÍA,2.0,2.0,positive,1.0,1.0,10.0,0.0,0.0,0.0,True,False
4,BOLSA 12*16 BCO ALFA *100UND,SIN CATEGORÍA,6.0,6.0,positive,0.0,0.0,0.0,0.0,0.0,0.0,False,False
5,ARTICULOS DE FERRETERIA,SIN CATEGORÍA,0.0,-19.0,negative_raw_clipped,7.0,20.0,159.0,0.0,0.0,0.0,True,False
6,MATERIAL MEDICO,SIN CATEGORÍA,0.0,-21.0,negative_raw_clipped,49.0,258.0,4575.1,0.0,0.0,0.0,True,False
7,"GASTOS ADMINISTRITIVOS, MENAJES Y ONOMASTICOS",SIN CATEGORÍA,23.0,23.0,positive,0.0,0.0,0.0,0.0,0.0,0.0,False,False
8,BOLSA 16*19 C/ASA*100UND,SIN CATEGORÍA,3.0,3.0,positive,0.0,0.0,0.0,0.0,0.0,0.0,False,False
9,BOLSA 21*24,SIN CATEGORÍA,2.0,2.0,positive,0.0,0.0,0.0,0.0,0.0,0.0,False,False
10,EQUIPOS DE SEGURIDAD,SIN CATEGORÍA,0.0,-52.0,negative_raw_clipped,7.0,52.0,2426.0,0.0,0.0,0.0,True,False
5000,FRASCO GOTERO VIDRIO AMBAR 5ML CON TAPA Y CHUPON,SIN CATEGORÍA,555.0,555.0,positive,65.0,1055.0,1142.2998704000001,10.0,1610.0,1307.0,True,True
5001,FRASCO GOTERO VIDRIO AMBAR 10ML CON TAPA Y CHUPON,SIN CATEGORÍA,0.0,-989.0,negative_raw_clipped,73.0,4626.0,4284.4498704,10.0,3630.0,3102.0,True,True
5002,FRASCO GOTERO VIDRIO AMBAR 15ML CON TAPA Y CHUPON,SIN CATEGORÍA,0.0,-235.0,negative_raw_clipped,59.0,956.0,1265.33,8.0,721.0,662.9,True,True
5003,FRASCO GOTERO VIDRIO AMBAR 20ML CON TAPA Y CHUPON,SIN CATEGORÍA,61.0,61.0,positive,55.0,603.0,847.6,11.0,665.0,674.0,True,True
5004,FRASCO GOTERO VIDRIO AMBAR 30ML CON TAPA Y CHUPON,SIN CATEGORÍA,0.0,-1530.0,negative_raw_clipped,95.0,3217.0,4389.9500000002,16.0,1187.0,1343.0,True,True
5005,FRASCO GOTERO VIDRIO AMBAR 50ML CON TAPA Y CHUPON,SIN CATEGORÍA,0.0,-1746.0,negative_raw_clipped,75.0,7550.0,11037.5,13.0,5805.0,8636.0,True,True
5006,FRASCO GOTERO VIDRIO AMBAR 100ML CON TAPA Y CHUPON,SIN CATEGORÍA,70.0,70.0,positive,69.0,784.0,1792.1,12.0,855.0,1347.0,True,True
5007,TAPA DISPENSADORA BLANCO B28MM,SIN CATEGORÍA,1640.0,1640.0,positive,120.0,3049.0,2652.8199999998,10.0,4702.0,2350.9,True,True
5008,FRASCO VIDRIO AMBAR IMPORTADO 125ML TAPA ESPRAY BAJA,SIN CATEGORÍA,0.0,-69.0,negative_raw_clipped,17.0,88.0,279.4,1.0,22.0,25.96,True,True
5009,PROBADOR VIDRIO TRASPARENTE 2ML CON TAPA SPRAY,SIN CATEGORÍA,234.0,234.0,positive,11.0,115.0,110.85,5.0,349.0,239.57,True,True
5010,PROBADOR VIDRIO TRASPARENTE 3ML CON TAPA SPRAY,SIN CATEGORÍA,213.0,213.0,positive,14.0,111.0,122.475,3.0,225.0,169.5,True,True
5011,PROBADOR VIDRIO TRASPARENTE 5ML CON TAPA SPRAY,SIN CATEGORÍA,331.0,331.0,positive,49.0,724.0,865.3500000002,14.0,956.0,774.3,True,True
5012,PROBADOR VIDRIO TRASPARENTE 10ML CON TAPA SPRAY,SIN CATEGORÍA,251.0,251.0,positive,27.0,463.0,612.6999688,11.0,715.0,650.5,True,True
5013,FRASCO PARA RIMEL 5ML(9CM X 1CM) CON TAPA,SIN CATEGORÍA,69.0,69.0,positive,34.0,135.0,363.5,5.0,205.0,389.5,True,True
5014,POTE CREMERO SIMPLE 30GR CON TAPA Y LAINA,SIN CATEGORÍA,1013.0,1013.0,positive,76.0,1140.0,741.5599664,13.0,2150.0,794.5,True,True
5015,POTE PLASTICO 1KG B110 BLANCO C/TAPA,SIN CATEGORÍA,0.0,-407.0,negative_raw_clipped,35.0,454.0,1141.7499796,2.0,50.0,57.0,True,True
5016,FRASCO VIDRIO AMBAR HOMBRO CAIDO 250ML TAPA ESPRAY PISTOLA,SIN CATEGORÍA,0.0,-23.0,negative_raw_clipped,7.0,23.0,98.5,1.0,23.0,27.14,True,True
5017,POTE CREMERO SIMPLE 60GR CON TAPA Y LAINA,SIN CATEGORÍA,281.0,281.0,positive,64.0,794.0,940.5,9.0,1075.0,712.0,True,True
5018,FRASCO BULLET 30ML CON TAPA ATOMIZADOR,SIN CATEGORÍA,1284.0,1284.0,positive,76.0,983.0,1088.949952,15.0,2273.0,1609.5,True,True
5019,FRASCO BULLET 60ML CON TAPA ATOMIZADOR,SIN CATEGORÍA,1598.0,1598.0,positive,69.0,434.0,595.099952,4.0,2019.0,1575.82,True,True
5020,FRASCO ESMALTE 5ML VIDRIO TRANSPARENTE CON BROCHA Y TAPA,SIN CATEGORÍA,1310.0,1310.0,positive,63.0,1128.0,1010.55,20.0,2434.0,1463.7,True,True
5021,FRASCO PET TRANSPARENTE ESPUMERO 100ML CON TAPA,SIN CATEGORÍA,189.0,189.0,positive,35.0,190.0,662.9,7.0,405.0,995.5,True,True
5022,FRASCO PET TRANSPARENTE ESPUMERO 150ML CON TAPA,SIN CATEGORÍA,91.0,91.0,positive,24.0,134.0,533.6,6.0,226.0,631.1800000000001,True,True
5023,FRASCO PET TRANSPARENTE 30ML C/TAPA FLIT TOP N18,SIN CATEGORÍA,39.0,39.0,positive,6.0,186.0,206.5,6.0,226.0,181.18,True,True
5024,FRASCO PET BLANCO ESPUMERO 150ML CON TAPA,SIN CATEGORÍA,151.0,151.0,positive,34.0,74.0,344.525,5.0,226.0,631.1800000000001,True,True
5025,PASTILLERO PLASTICO BLANCO 40GR CON TAPA,LABORATORIO,56.0,56.0,positive,11.0,644.0,650.1,5.0,701.0,435.18,True,True
5026,PASTILLERO PLASTICO BLANCO 60GR CON TAPA,LABORATORIO,69.0,69.0,positive,13.0,211.0,280.4,6.0,281.0,191.57999999999998,True,True
5027,PASTILLERO PLASTICO BLANCO 90GR CON TAPA,LABORATORIO,0.0,-37.0,negative_raw_clipped,5.0,287.0,360.0,3.0,251.0,181.18,True,True
5028,PASTILLERO PLASTICO BLANCO 120GR CON TAPA,LABORATORIO,593.0,593.0,positive,7.0,67.0,105.0,4.0,661.0,529.1800000000001,True,True
5029,PASTILLERO PLASTICO NEGRO 40GR CON TAPA,LABORATORIO,0.0,-1.0,negative_raw_clipped,2.0,26.0,31.5,2.0,26.0,16.68,True,True
5030,PASTILLERO PLASTICO NEGRO 60GR CON TAPA,LABORATORIO,11.0,11.0,positive,5.0,64.0,73.8,3.0,76.0,52.18,True,True
5031,PASTILLERO PLASTICO NEGRO 90GR CON TAPA,LABORATORIO,23.0,23.0,positive,2.0,2.0,3.5,2.0,26.0,19.18,True,True
5032,PASTILLERO PLASTICO NEGRO 120GR CON TAPA,LABORATORIO,19.0,19.0,positive,4.0,6.0,13.5,2.0,26.0,21.18,True,True
5033,FRASCO PLASTICO NATURAL 30ML CON TAPON Y TAPA N28,SIN CATEGORÍA,79.0,79.0,positive,5.0,471.0,264.3,6.0,551.0,204.68,True,True
5034,FRASCO PLASTICO NATURAL 120ML CON TAPON Y TAPA B/28,SIN CATEGORÍA,200.0,200.0,positive,22.0,775.0,520.5999168,8.0,976.0,327.18,True,True
5035,FRASCO PLASTICO NATURAL 250ML CON TAPON Y TAPA B28MM,SIN CATEGORÍA,275.0,275.0,positive,20.0,300.0,371.6,4.0,576.0,358.68,True,True
5036,FRASCO PLASTICO NATURAL 500ML CON TAPON Y TAPA B28MM,SIN CATEGORÍA,4044.0,4044.0,positive,40.0,881.0,1349.4499316000001,8.0,4926.0,3990.4300000000003,True,True
5037,FRASCO PLASTICO NATURAL 1LT CON TAPA Y TAPON N28,SIN CATEGORÍA,0.0,-181.0,negative_raw_clipped,57.0,1141.0,1700.21625,4.0,961.0,928.21,True,True
5038,FRASCO PLASTICO AMBAR 60ML CON TAPA Y TAPON N28,SIN CATEGORÍA,241.0,241.0,positive,7.0,764.0,478.5,5.0,1006.0,387.08000000000004,True,True
5039,FRASCO PLASTICO AMBAR 120ML CON TAPA Y TAPON N28,SIN CATEGORÍA,93.0,93.0,positive,20.0,94.0,105.9,6.0,188.0,83.08,True,True
5040,FRASCO PLASTICO AMBAR 250ML CON TAPA Y TAPON N28,SIN CATEGORÍA,0.0,-140.0,negative_raw_clipped,26.0,415.0,929.5,5.0,276.0,189.68,True,True
5041,FRASCO PLASTICO AMBAR 500ML CON TAPA Y TAPON N28,SIN CATEGORÍA,105.0,105.0,positive,7.0,45.0,74.6,4.0,151.0,128.68,True,True
5042,FRASCO PLASTICO AMBAR 1LT CON TAPA Y TAPON N28,SIN CATEGORÍA,44.0,44.0,positive,16.0,111.0,184.2,4.0,156.0,174.68,True,True
5043,FRASCO PLASTICO BLANCO 30ML CON TAPA Y TAPON N28,SIN CATEGORÍA,0.0,-188.0,negative_raw_clipped,3.0,213.0,122.3,2.0,26.0,10.43,True,True
5044,FRASCO PLASTICO BLANCO 60ML CON TAPA Y TAPON N28,SIN CATEGORÍA,145.0,145.0,positive,9.0,335.0,198.6,6.0,481.0,175.98,True,True
5045,FRASCO PLASTICO BLANCO 120ML CON TAPA Y TAPON N28,SIN CATEGORÍA,0.0,-775.0,negative_raw_clipped,14.0,1680.0,991.1500000000001,9.0,901.0,370.18,True,True
5046,FRASCO PLASTICO BLANCO 250ML CON TAPA Y TAPON N28,SIN CATEGORÍA,390.0,390.0,positive,18.0,260.0,333.7,7.0,651.0,445.18,True,True
5047,FRASCO PLASTICO BLANCO 500ML CON TAPA Y TAPON N28,SIN CATEGORÍA,1174.0,1174.0,positive,13.0,151.0,223.4,6.0,1326.0,1127.43,True,True
5048,FRASCO PLASTICO BLANCO 1LT CON TAPA Y TAPON N28,SIN CATEGORÍA,52.0,52.0,positive,14.0,123.0,266.3,5.0,176.0,211.18,True,True
5049,POTE CREMERO DOBLE FONDO NEGRO IMPORTADO 30GR CON TAPA Y LAINA,SIN CATEGORÍA,8.0,8.0,positive,4.0,16.0,47.0,2.0,24.0,1.18,True,True
5050,POTE CREMERO DOBLE FONDO NEGRO IMPORTADO 60ML,SIN CATEGORÍA,19.0,19.0,positive,8.0,55.0,186.0,3.0,75.0,139.5,True,True
5051,TAPA DE PLASTICO ROSCA,TAPONES,0.0,-90.0,negative_raw_clipped,2.0,90.0,39.0,0.0,0.0,0.0,True,False
5052,FRASCO VIDRIO AMBAR 250ML HOMBRO CAIDO C/TAPA Y TAPON,SIN CATEGORÍA,0.0,-72.0,negative_raw_clipped,29.0,293.0,750.5000000004,7.0,230.0,398.5,True,True
5053,FRASCO VIDRIO AMBAR IMPORTADO 125ML TAPA PLASTICO ROSCA,SIN CATEGORÍA,3.0,3.0,positive,26.0,325.0,599.95,7.0,351.0,420.78,True,True
5054,FRASCO PLASTICO NATURAL 60ML CON TAPA Y TAPON B/28,SIN CATEGORÍA,602.0,602.0,positive,9.0,423.0,244.4398680001,6.0,1050.0,459.95,True,True
5055,FRASCO VIDRIO AMBAR IMPORTADO 250ML TAPA DISPENSADOR GEL,SIN CATEGORÍA,0.0,-19.0,negative_raw_clipped,5.0,19.0,80.6,1.0,1.0,1.18,True,True
5056,PASTILLERO PVC/CRISTAL N°4 80GR T/ROSCA Blanca,LABORATORIO,5.0,5.0,positive,9.0,31.0,84.5,3.0,65.0,103.25,True,True
5057,PASTILLERO PVC/CRISTAL N°3 50GR TAPA Blanca,LABORATORIO,7.0,7.0,positive,11.0,42.0,92.6,2.0,50.0,76.0,True,True
5058,PASTILLERO ESPECIAL PVC CRISTAL 150GR CON T/ESP,LABORATORIO,15.0,15.0,positive,23.0,211.0,610.6,5.0,226.0,440.7,True,True
5059,POTE PLASTICO PEAD BLANCO 1KG CON TAPA N°97,SIN CATEGORÍA,490.0,490.0,positive,4.0,34.0,92.0,2.0,525.0,1112.0,True,True
5060,POTE PLASTICO PEAD BLANCO 500GR CON TAPA,SIN CATEGORÍA,4.0,4.0,positive,23.0,590.0,1478.1000000003,8.0,594.0,1101.75,True,True
5061,POTE PLASTICO PEAD BLANCO 250GR CON TAPA Y LAINA,SIN CATEGORÍA,0.0,-31.0,negative_raw_clipped,25.0,327.0,745.35,8.0,296.0,473.6,True,True
5062,POTE PLASTICO PEAD BLANCO 500GR CON TAPA Y LAINA,SIN CATEGORÍA,0.0,-85.0,negative_raw_clipped,28.0,659.0,1577.65,9.0,575.0,1062.5,True,True
5063,FRASCO VIDRIO AMBAR HOMBRO CAIDO 125ML TAPA ESPRAY PISTOLA negro,SIN CATEGORÍA,0.0,-37.0,negative_raw_clipped,14.0,49.0,157.4999898,2.0,13.0,18.0,True,True
5064,GATILLO PULVERIZADOR 28/410,TAPONES,626.0,626.0,positive,95.0,1529.0,1577.9,11.0,2160.0,1372.18,True,True
5065,PISETA 250ML,LABORATORIO,0.0,-86.0,negative_raw_clipped,104.0,363.0,1527.0999928,3.0,276.0,570.0,True,True
5066,PISETA 500 ML,LABORATORIO,237.0,237.0,positive,79.0,410.0,2157.2999946,5.0,642.0,1625.5,True,True
5067,PIPETAS PASTEUR ESTRILES 3ML BX200,LABORATORIO,274.0,274.0,positive,67.0,1326.0,546.5000000001,7.0,1600.0,274.0,True,True
5068,CRIOVIAL C/TAPA ROSCA NO ESTERIL 2ML TAPA BLANCA (BOLSA*500UND),LABORATORIO,1301.0,1301.0,positive,8.0,699.0,131.8,4.0,2000.0,180.0,True,True
5069,PISETA 1LT,LABORATORIO,118.0,118.0,positive,27.0,102.0,725.5,5.0,220.0,1034.55,True,True
5070,FRASCO PET TRANSPARENTE 60ML CON TAPA Y TAPON N°28,SIN CATEGORÍA,0.0,-3.0,negative_raw_clipped,3.0,2003.0,1804.199999984,1.0,2000.0,1559.98,True,True
5071,GOTERO PLASTICO 100ML COLOR NATURAL,SIN CATEGORÍA,200.0,200.0,positive,2.0,400.0,500.0,1.0,200.0,181.72,True,True
5072,FRASCO YOGURT 1LT BLANCO CON TAPA 38MM,SIN CATEGORÍA,857.0,857.0,positive,7.0,143.0,152.4999999999,1.0,1000.0,944.0,True,True
5073,FRASCO BULLET 75ML CON TAPA	ATOMIZADOR,SIN CATEGORÍA,695.0,695.0,positive,38.0,205.0,295.0,1.0,900.0,796.5,True,True
5074,FRASCO BULLET 100ML CON TAPA ATOMIZADOR,SIN CATEGORÍA,1643.0,1643.0,positive,74.0,1257.0,1859.6999999999,3.0,2900.0,2499.6,True,True
5075,POTE PLASTICO 500GR B110MM BLANCO CON TAPA,SIN CATEGORÍA,110.0,110.0,positive,32.0,390.0,1095.8,1.0,500.0,1062.0,True,True
5076,POTE PLASTICO BLANCO 250GR CON TAPA,SIN CATEGORÍA,54.0,54.0,positive,18.0,446.0,651.6,1.0,500.0,354.0,True,True
5077,GOTERO PLASTICO X 10ML NATURAL S/P B15MM C/TAPA Y TAPON,SIN CATEGORÍA,0.0,-826.0,negative_raw_clipped,28.0,1526.0,593.9,3.0,700.0,178.0,True,True
5078,GOTERO PLASTICO 7ML NATURAL S/P B15MM C/TAPA Y TAPON,SIN CATEGORÍA,438.0,438.0,positive,7.0,187.0,83.7,3.0,625.0,143.7,True,True
5079,GOTERO PLASTICO 60ML NATURAL S/P B18MM C/TAPA Y TAPON,SIN CATEGORÍA,22.0,22.0,positive,32.0,528.0,535.3,2.0,550.0,325.0,True,True
5080,GOTERO PLASTICO 5ML NATURAL S/P C/TAPA,SIN CATEGORÍA,0.0,-1015.0,negative_raw_clipped,17.0,1515.0,561.25,1.0,500.0,106.2,True,True
5081,GOTERO PLASTICO 15ML NATURAL S/P C/TAPA,SIN CATEGORÍA,0.0,-403.0,negative_raw_clipped,36.0,905.0,428.75,1.0,500.0,118.0,True,True
5082,GOTERO PLASTICO 30ML NATURAL S/P C/TAPA,SIN CATEGORÍA,0.0,-416.0,negative_raw_clipped,34.0,1076.0,501.5,3.0,660.0,166.0,True,True
5083,VASO PRECIPITADO DE VIDRIO 1L (BEAKER),LABORATORIO,63.0,63.0,positive,45.0,72.0,1152.5,10.0,134.0,1042.1599999999999,True,True
5084,VASO PRECIPITADO DE VIDRIO 500 ML (BEAKER),LABORATORIO,0.0,-50.0,negative_raw_clipped,55.0,107.0,1154.0,8.0,54.0,327.2,True,True
5085,VASO PRECIPITADO DE VIDRIO 250 ML (BEAKER) G-,LABORATORIO,20.0,20.0,positive,90.0,208.0,1559.0,8.0,201.0,616.52,True,True
5086,VASO PRECIPITADO DE VIDRIO FORMA ALTA 250 ML (BEAKER),LABORATORIO,0.0,-1.0,negative_raw_clipped,3.0,5.0,37.5,2.0,4.0,20.0,True,True
5087,VASO PRECIPITADO DE VIDRIO 100 ML (BEAKER),LABORATORIO,0.0,-20.0,negative_raw_clipped,81.0,188.0,1173.9999932,7.0,165.0,368.76,True,True
5088,VASO PRECIPITADO DE VIDRIO 50ML (BEAKER),LABORATORIO,164.0,164.0,positive,39.0,78.0,402.0,7.0,240.0,392.84000000000003,True,True
5089,PROBETA DE VIDRIO GRADUADA C/PICO 10 ML,LABORATORIO,5.0,5.0,positive,12.0,17.0,118.0,4.0,22.0,116.0,True,True
5090,PROBETA DE VIDRIO GRADUADA C/PICO 50 ML G-,LABORATORIO,94.0,94.0,positive,25.0,33.0,396.0,7.0,127.0,897.2,True,True
5091,PROBETA DE VIDRIO GRADUADA C/PICO 100 ML,LABORATORIO,7.0,7.0,positive,38.0,51.0,891.5,8.0,53.0,539.6,True,True
5092,PROBETA DE PLASTICO GRADUADA 10 ML,LABORATORIO,0.0,-3.0,negative_raw_clipped,18.0,48.0,190.5,7.0,45.0,90.0,True,True
5093,PROBETA DE PLASTICO GRADUADA 50 ML,LABORATORIO,62.0,62.0,positive,19.0,42.0,253.4999932,8.0,104.0,356.28,True,True
5094,PROBETA DE PLASTICO GRADUADA 100 ML,LABORATORIO,27.0,27.0,positive,36.0,74.0,751.0,8.0,96.0,592.0,True,True
5095,PROBETA DE PLASTICO GRADUADA 250 ML,LABORATORIO,8.0,8.0,positive,23.0,40.0,560.5,8.0,48.0,440.15,True,True
5096,PLACA PETRI DE PLASTICO 90*15,LABORATORIO,1889.0,1889.0,positive,20.0,831.0,559.0,8.0,2720.0,766.4,True,True
5097,BURETA DE VIDRIO GRADUADO DE 25 ML CON LLAVE DE VIDRIO,LABORATORIO,0.0,-1.0,negative_raw_clipped,7.0,8.0,230.0,5.0,7.0,136.0,True,True
5098,PROBADOR PLASTICO NATURAL FORMA BAJA 5ML CON TAPA ESPRAY,SIN CATEGORÍA,38.0,38.0,positive,9.0,62.0,91.3,2.0,100.0,95.0,True,True
5099,PROBADOR PLASTICO 5ML ESPRAY COLORES,SIN CATEGORÍA,108.0,108.0,positive,9.0,42.0,72.3,4.0,150.0,180.0,True,True
5100,PINZA PARA TUBO DE ENSAYO DE METAL 11.5CM,LABORATORIO,11.0,11.0,positive,2.0,6.0,51.0,5.0,17.0,91.0,True,True
5101,POTE VIDRIO AMBAR IMPORTADO 250GR B45 C/TAPA,SIN CATEGORÍA,104.0,104.0,positive,27.0,101.0,352.3,4.0,205.0,421.5,True,True
5102,SOPORTE UNIVERSAL C/BASE Y VARILLA PINTADA - INTEK,LABORATORIO,1.0,1.0,positive,1.0,1.0,90.0,2.0,2.0,105.0,True,True
5103,TUBO DE ENSAYO DE VIDRIO 12*75MM (PAQ 250UND),LABORATORIO,0.0,-39.0,negative_raw_clipped,7.0,295.0,81.5,5.0,256.0,120.0,True,True
5104,MORTERO DE 100MM C/PILON,LABORATORIO,0.0,-11.0,negative_raw_clipped,17.0,20.0,274.5,5.0,8.0,80.0,True,True
5105,MATRAZ ERLENMEYER DE VIDRIO 250ML,LABORATORIO,0.0,-37.0,negative_raw_clipped,19.0,58.0,589.5,8.0,21.0,155.0,True,True
5106,MATRAZ ERLENMEYER DE VIDRIO 500ML,LABORATORIO,0.0,-5.0,negative_raw_clipped,6.0,7.0,147.0,2.0,2.0,30.0,True,True
5107,LAMINA PORTAOBJETO 7101 (PAQ. 50UND),LABORATORIO,71.0,71.0,positive,18.0,49.0,211.5,10.0,120.0,325.5,True,True
5108,EMBUDO DE VIDRIO DE BOROSILICATO DE 100MM,LABORATORIO,7.0,7.0,positive,15.0,19.0,220.5,5.0,26.0,200.16,True,True
5109,PINZA DE MADERA PARA TUBO DE ENSAYO,LABORATORIO,0.0,-5.0,negative_raw_clipped,9.0,28.0,111.5,5.0,23.0,61.5,True,True
5110,PIPETA SEREOLOGICA GRADUADA DE VIDRIO DE 10ML - CITOGLAS,LABORATORIO,0.0,-2.0,negative_raw_clipped,18.0,46.0,433.0,7.0,44.0,264.0,True,True
5111,MECHERO BUNSEN PLOMO,LABORATORIO,4.0,4.0,positive,1.0,1.0,55.0,4.0,5.0,200.0,True,True
5112,LENTES DE PROTECCION DE MARCO NEGRO,LABORATORIO,0.0,-2.0,negative_raw_clipped,1.0,3.0,21.0,1.0,1.0,2.5,True,True
5113,TERMOMETRO  DIGITAL DE VASTAGO PARA COCINA DE 15CM,LABORATORIO,75.0,75.0,positive,18.0,35.0,451.0,5.0,109.0,640.0,True,True
5114,GRADILLA ACRILICA PARA 50 TUBOS,LABORATORIO,20.0,20.0,positive,9.0,14.0,210.0,11.0,33.0,330.0,True,True
5115,POTE CREMERO VIDRIO PAVONADO 30GR CON LAINA Y TAPA,SIN CATEGORÍA,92.0,92.0,positive,31.0,208.0,656.09998,6.0,300.0,600.0,True,True
5116,FRASCO VIDRIO TRANSPARENTE TUBULAR 15ML CON TAPA BAQUELITA N18,LABORATORIO,21.0,21.0,positive,17.0,59.0,109.8,3.0,80.0,96.0,True,True
5117,FRASCO VIDRIO TRANSPARENTE TUBULAR 10ML CON TAPA BAQUELITA B/20,LABORATORIO,10.0,10.0,positive,15.0,105.0,180.1,4.0,115.0,126.5,True,True
5118,FRASCO VIDRIO TRANSPARENTE TUBULAR 5ML CON TAPA BAQUELITA N20,LABORATORIO,105.0,105.0,positive,17.0,95.0,140.2,5.0,200.0,200.0,True,True
5119,FRASCO PET CAMPANA TRANSPARENTE 500ML B/28 TAPA ESPRAY PISTOLA..,SIN CATEGORÍA,29.0,29.0,positive,34.0,126.0,392.3,3.0,155.0,341.0,True,True
5120,FRASCO PET TRANSPARENTE 60ML B/20 C/TAPA DISPENSADOR,SIN CATEGORÍA,2.0,2.0,positive,26.0,248.0,435.5,3.0,250.0,250.0,True,True
5121,FRASCO PET TRANSPARENTE 30ML B/20 TAPA DISPENSADOR GEL,SIN CATEGORÍA,418.0,418.0,positive,20.0,132.0,212.3,5.0,550.0,550.0,True,True
5122,POTE ACRILICO 10GR C/TAPA ROSCA,SIN CATEGORÍA,624.0,624.0,positive,47.0,1601.0,2088.4,11.0,2225.0,2300.0,True,True
5123,POTE VIDRIO AMBAR IMPORTADO 1KG C/TAPA,SIN CATEGORÍA,0.0,-20.0,negative_raw_clipped,23.0,106.0,857.1,3.0,86.0,541.0,True,True
5124,POTE VIDRIO AMBAR 500GR IMPORTADO C/TAPA,SIN CATEGORÍA,35.0,35.0,positive,17.0,76.0,396.9,4.0,111.0,436.5,True,True
5125,FRASCO PET TRANSPARENTE 120ML CON TAPA ESPRAY N28,SIN CATEGORÍA,56.0,56.0,positive,33.0,119.0,277.4,4.0,175.0,255.0,True,True
5126,BAGUETA O VARILLAS DE AGITACION DE VIDRIO 20CM,LABORATORIO,5.0,5.0,positive,45.0,62.0,214.8,9.0,64.0,128.0,True,True
5127,CUCHARA CON ESPATULA DE METAL 20CM,LABORATORIO,9.0,9.0,positive,17.0,25.0,333.11,7.0,32.0,255.0,True,True
5128,TUBO DE ENSAYO DE VIDRIO CON TAPA ROSCA 16*125-PYREX,LABORATORIO,80.0,80.0,positive,17.0,105.0,247.0,5.0,185.0,337.5,True,True
5129,ESPATULA MANGO DE MADERA 20 CM,LABORATORIO,0.0,-4.0,negative_raw_clipped,5.0,7.0,67.0,2.0,3.0,22.0,True,True
5130,LUNA DE RELOJ DE VIDRIO DE LABORATORIO 100MM G-,LABORATORIO,125.0,125.0,positive,11.0,20.0,193.0,3.0,145.0,474.0,True,True
5131,CEPILLO DE LIMPIEZA PARA TUBO DE ENSAYO  13*100MM,LABORATORIO,5.0,5.0,positive,10.0,27.0,138.5,6.0,31.0,81.0,True,True
5132,PLUMON DELGADO INDELEBLE NEGRO,LABORATORIO,0.0,-2.0,negative_raw_clipped,1.0,2.0,6.0,0.0,0.0,0.0,True,False
5133,CRIOVIAL C/TAPA PRESION DE 1.5ML NO ESTERIL (TUBO EPPENDORF BOLSA*500UND),LABORATORIO,0.0,-19.0,negative_raw_clipped,3.0,26.0,160.0,3.0,7.0,105.0,True,True
5134,POTE CREMERO VIDRIO TRANSPARENTE 50GR C/TAPA METALIZADA Y LAINA,SIN CATEGORÍA,168.0,168.0,positive,28.0,162.0,406.9,7.0,330.0,554.0,True,True
5135,FRASCO ROLL-ON VIDRIO AMBAR 10ML C/TAPON Y TAPA,SIN CATEGORÍA,146.0,146.0,positive,10.0,56.0,99.7,5.0,202.0,232.4,True,True
5136,FRASCO MINI PARA AROMATIZADOR VIDRIO 6ML C/TAPA,SIN CATEGORÍA,32.0,32.0,positive,3.0,18.0,52.5,2.0,50.0,92.5,True,True
5137,TUBO DE ENSAYO C/TAPA ROSCA 13*100 SIMPLE,LABORATORIO,76.0,76.0,positive,16.0,424.0,467.4,2.0,500.0,425.0,True,True
5138,TUBO CONICO CON TAPA ROSCA DE 50ML NO ESTERIL,LABORATORIO,374.0,374.0,positive,17.0,576.0,458.5,5.0,950.0,490.0,True,True
5139,PAPEL FILTRO RAPIDO X PLIEGO 50*50,LABORATORIO,516.0,516.0,positive,25.0,276.0,611.5,12.0,612.0,726.0,True,True
5140,ASA DE SIEMBRA 1 UL/INOCULADOR AZUL (BOLSA 10 UND),LABORATORIO,0.0,-2.0,negative_raw_clipped,4.0,5.0,28.0,2.0,3.0,9.0,True,True
5141,LAMINILLA CUBREOBJETO 22*22MM*100UND,LABORATORIO,29.0,29.0,positive,20.0,105.0,382.0,9.0,133.0,314.0,True,True
5142,FRASCO VIDRIO VERDE 5ML C/TAPA Y TAPON N18,SIN CATEGORÍA,18.0,18.0,positive,2.0,8.0,14.1,2.0,26.0,26.1,True,True
5143,FRASCO VIDRIO VERDE 10ML C/TAPA Y TAPON N18,SIN CATEGORÍA,1.0,1.0,positive,0.0,0.0,0.0,1.0,1.0,1.2,False,True
5144,FRASCO VIDRIO VERDE 15ML C/TAPA Y TAPON N18,SIN CATEGORÍA,26.0,26.0,positive,0.0,0.0,0.0,2.0,26.0,26.2,False,True
5145,FRASCO VIDRIO VERDE 20ML C/TAPA Y TAPON N18,SIN CATEGORÍA,1.0,1.0,positive,0.0,0.0,0.0,1.0,1.0,1.2,False,True
5146,FRASCO VIDRIO VERDE 30ML C/TAPA Y TAPON B18,SIN CATEGORÍA,26.0,26.0,positive,1.0,1.0,2.0,2.0,27.0,27.2,True,True
5147,FRASCO VIDRIO VERDE 50ML C/TAPA Y TAPON B18,SIN CATEGORÍA,14.0,14.0,positive,1.0,12.0,30.0,2.0,26.0,31.2,True,True
5148,FRASCO VIDRIO TRANSPARENTE 5ML C/TAPA Y TAPON B18,SIN CATEGORÍA,25.0,25.0,positive,1.0,1.0,1.5,2.0,26.0,18.5,True,True
5149,FRASCO VIDRIO TRANSPARENTE 10ML C/TAPA Y TAPON N18,SIN CATEGORÍA,0.0,-2.0,negative_raw_clipped,1.0,3.0,6.0,1.0,1.0,1.0,True,True
5150,FRASCO VIDRIO TRANSPARENTE 15ML C/TAPA Y TAPON N18,SIN CATEGORÍA,26.0,26.0,positive,0.0,0.0,0.0,2.0,26.0,21.0,False,True
5151,FRASCO VIDRIO TRANSPARENTE 20ML C/TAPA Y TAPON N18,SIN CATEGORÍA,0.0,0.0,zero,1.0,1.0,2.0,1.0,1.0,1.0,True,True
5152,FRASCO VIDRIO AMBAR 5ML C/TAPA Y TAPON B18,SIN CATEGORÍA,124.0,124.0,positive,6.0,27.0,37.4,4.0,151.0,90.8,True,True
5153,FRASCO VIDRIO AMBAR 10ML C/TAPA Y TAPON B18,SIN CATEGORÍA,0.0,-30.0,negative_raw_clipped,2.0,31.0,46.5,1.0,1.0,0.85,True,True
5154,FRASCO VIDRIO AMBAR 15ML C/TAPA Y TAPON B18,SIN CATEGORÍA,254.0,254.0,positive,6.0,134.0,129.3,5.0,382.0,248.5,True,True
5155,FRASCO VIDRIO AMBAR 20ML C/TAPA Y TAPON B18,SIN CATEGORÍA,0.0,-3.0,negative_raw_clipped,3.0,4.0,7.6,1.0,1.0,0.9,True,True
5156,FRASCO VIDRIO AMBAR 30ML C/TAPA Y TAPON B18,SIN CATEGORÍA,97.0,97.0,positive,3.0,34.0,44.5,3.0,131.0,91.9,True,True
5157,FRASCO VIDRIO AMBAR 50ML C/TAPA Y TAPON B18,SIN CATEGORÍA,0.0,-37.0,negative_raw_clipped,7.0,38.0,89.5,1.0,1.0,1.2,True,True
5158,FRASCO VIDRIO AMBAR 100ML C/TAPA Y TAPON B18,SIN CATEGORÍA,0.0,0.0,zero,9.0,151.0,297.3,4.0,151.0,166.3,True,True
5159,FRASCO VIDRIO AMBAR 25ML C/TAPA Y TAPON B28,SIN CATEGORÍA,13.0,13.0,positive,4.0,213.0,446.5,3.0,226.0,248.8,True,True
5160,FRASCO VIDRIO AMBAR PASTILLERO 30ML C/TAPA Y TAPON B28,SIN CATEGORÍA,5.0,5.0,positive,6.0,21.0,51.0,2.0,26.0,26.2,True,True
5161,FRASCO VIDRIO AMBAR 70ML C/TAPA Y TAPON N28,SIN CATEGORÍA,0.0,-35.0,negative_raw_clipped,16.0,261.0,511.9,7.0,226.0,271.4,True,True
5162,FRASCO VIDRIO AMBAR 100ML TAPA Y TAPON N28,SIN CATEGORÍA,406.0,406.0,positive,10.0,50.0,114.5,8.0,456.0,547.4,True,True
5163,FRASCO VIDRIO AMBAR 120ML TAPA Y TAPON N28,SIN CATEGORÍA,353.0,353.0,positive,13.0,348.0,642.5,8.0,701.0,841.4,True,True
5164,FRASCO VIDRIO AMBAR IMPORTADO 250ML TAPA Y TAPON N28,SIN CATEGORÍA,132.0,132.0,positive,15.0,79.0,270.1,7.0,211.0,422.2,True,True
5165,FRASCO VIDRIO AMBAR IMPORTADO 500ML TAPA Y TAPON N28,SIN CATEGORÍA,0.0,-4.0,negative_raw_clipped,23.0,305.0,1096.7,7.0,301.0,752.7,True,True
5166,FRASCO VIDRIO AMBAR IMPORTADO 1LT B28 TAPA Y TAPON,SIN CATEGORÍA,69.0,69.0,positive,25.0,108.0,904.4,6.0,177.0,1087.2,True,True
5167,POTE CREMERO VIDRIO AMBAR 50GR C/TAPA NEGRA Y LAINA,SIN CATEGORÍA,795.0,795.0,positive,36.0,522.0,1313.9,9.0,1317.0,2634.2,True,True
5168,POTE CREMERO VIDRIO AMBAR 100GR C/TAPA NEGRA Y LAINA,SIN CATEGORÍA,159.0,159.0,positive,30.0,2234.0,5457.3,9.0,2393.0,5264.8,True,True
5169,FRASCO VIDRIO TRANSPARENTE 1LT C/TAPA Y TAPON N28,SIN CATEGORÍA,9.0,9.0,positive,3.0,17.0,111.5,2.0,26.0,117.2,True,True
5170,FRASCO VIDRIO TRANSPARENTE 500ML C/TAPA Y TAPON N28,SIN CATEGORÍA,4.0,4.0,positive,6.0,22.0,94.5,2.0,26.0,57.4,True,True
5171,FRASCO VIDRIO TRANSPARENTE 250ML C/TAPA Y TAPON N28,SIN CATEGORÍA,26.0,26.0,positive,16.0,80.0,257.4,4.0,106.0,180.4,True,True
5172,FRASCO VIDRIO TRANSPARENTE IMPORTADO 125ML C/TAPA Y TAPON N28,SIN CATEGORÍA,143.0,143.0,positive,17.0,58.0,131.7,6.0,201.0,266.6,True,True
5173,FRASCO VIDRIO TRANSPARENTE 60ML C/TAPA Y TAPON N28,SIN CATEGORÍA,71.0,71.0,positive,14.0,95.0,164.3,4.0,166.0,149.6,True,True
5174,FRASCO VIDRIO TRANSPARENTE 250ML C/TAPA DE METAL,SIN CATEGORÍA,110.0,110.0,positive,16.0,107.0,317.40000000000003,2.0,217.0,348.20000000000005,True,True
5175,FRASCO VIDRIO AMBAR IMPORTADO 30ML C/TAPA Y TAPON B28,SIN CATEGORÍA,7.0,7.0,positive,6.0,44.0,77.0,2.0,51.0,56.3,True,True
5176,POTE VIDRIO TRANSPARENTE 240GR C/TAPA DE METAL N63 MN,LABORATORIO,61.0,61.0,positive,10.0,31.0,74.7,2.0,92.0,120.0,True,True
5177,POTE VIDRIO TRANSPARENTE 212GR BAJA TAPA METAL N63,SIN CATEGORÍA,297.0,297.0,positive,11.0,104.0,248.9,4.0,401.0,613.09,True,True
5178,POTE VIDRIO TRANSPARENTE 200ML C/TAPA METAL N63,LABORATORIO,0.0,-18.0,negative_raw_clipped,19.0,744.0,1160.5,7.0,726.0,808.8,True,True
5179,POTE VIDRIO TRANSPARENTE 100GR C/TAPA METAL N53,LABORATORIO,138.0,138.0,positive,27.0,523.0,870.9,11.0,661.0,727.3,True,True
5180,POTE VIDRIO TRANSPARENTE 30GR C/TAPA METAL N43 MN,SIN CATEGORÍA,174.0,174.0,positive,31.0,457.0,696.6,10.0,631.0,635.2,True,True
5181,POTE CREMERO DOBLE FONDO C/ CINTILLO PLATEADO 50GR C/TAPA Y LAINA,SIN CATEGORÍA,0.0,-33.0,negative_raw_clipped,17.0,133.0,405.9,3.0,86.0,215.0,True,True
5182,STAPA ESPRAY PLASTICO BLANCO N28 C/SOBRE TAPA ALTA,SIN CATEGORÍA,0.0,-6.0,negative_raw_clipped,39.0,161.0,195.1012,4.0,155.0,155.0,True,True
5183,FRASCO VIDRIO TRANSPARENTE ALTO 50ML PERFUME C/TAPA SPRAY METALIZADO N18,PERFUMES,42.0,42.0,positive,7.0,83.0,300.5,4.0,125.0,350.0,True,True
5184,FRASCO VIDRIO TRANSPARENTE CUADRADO 50ML PERFUME C/TAPA SPRAY METALIZADO N18,PERFUMES,2090.0,2090.0,positive,3.0,5.0,20.2,8.0,2095.0,5866.0,True,True
5185,FRASCO PLASTICO INSECTICIDA BLANCO 500ML C/TAPA Y TAPON,SIN CATEGORÍA,94.0,94.0,positive,9.0,56.0,203.2,3.0,150.0,390.0,True,True
5186,FRASCO PLASTICO INSECTICIDA BLANCO 1LT C/TAPA Y TAPON,SIN CATEGORÍA,9.0,9.0,positive,17.0,141.0,509.7,3.0,150.0,435.0,True,True
5187,EMBUDO VIDRIO 60MM,LABORATORIO,8.0,8.0,positive,27.0,32.0,197.1,7.0,38.0,184.0,True,True
5188,TUBO DE ENSAYO T/ROSCA 16*150 - PYREX,LABORATORIO,338.0,338.0,positive,25.0,481.0,1071.5,12.0,762.0,936.3,True,True
5189,MECHERO DE ALCOHOL 150ML,LABORATORIO,6.0,6.0,positive,12.0,42.0,262.0,10.0,48.0,229.83,True,True
5190,MECHERO DE ALCOHOL 250ML,LABORATORIO,9.0,9.0,positive,7.0,12.0,90.0,7.0,18.0,107.59,True,True
5191,MORTERO DE 150MM C/PILON,LABORATORIO,6.0,6.0,positive,10.0,12.0,322.0,4.0,17.0,340.0,True,True
5192,FRASCO PET CAMPANA BLANCO 300ML C/TAPA DISPENSADOR N28..,SIN CATEGORÍA,0.0,-6.0,negative_raw_clipped,29.0,91.0,295.1,3.0,85.0,167.0,True,True
5193,TUBO COLAPSIBLE BLANCO 30ML C/TAPA,SIN CATEGORÍA,67.0,67.0,positive,17.0,108.0,203.7,5.0,175.0,227.5,True,True
5194,FRASCO ESMALTE VIDRIO TRANSPARENTE 10ML C/BROCHA Y TAPA,SIN CATEGORÍA,99.0,99.0,positive,20.0,291.0,367.1,6.0,390.0,312.0,True,True
5195,TUBO COLAPSIBLE BLANCO 60ML C/TAPA,SIN CATEGORÍA,0.0,-1826.0,negative_raw_clipped,25.0,2692.0,4681.3,9.0,456.0,685.2,True,True
5196,TUBO COLAPSIBLE BLANCO 100ML C/TAPA,SIN CATEGORÍA,1055.0,1055.0,positive,9.0,131.0,262.0,6.0,1186.0,2015.4,True,True
5197,TUBO COLAPSIBLE BLANCO 120ML C/TAPA,SIN CATEGORÍA,82.0,82.0,positive,9.0,149.0,379.4,6.0,231.0,417.0,True,True
5198,POTE CREMERO VIDRIO PAVONADO 15GR CON LAINA Y TAPA,SIN CATEGORÍA,60.0,60.0,positive,18.0,65.0,174.1,3.0,125.0,225.0,True,True
5199,TALQUERA PLASTICO 70GR C/TAPA Y REJILLA,SIN CATEGORÍA,125.0,125.0,positive,25.0,177.0,542.6,8.0,302.0,665.8,True,True
5200,FRASCO PET BOLON 400ML TRANSPARENTE C/TAPA ESPRAY PISTOLA N28,SIN CATEGORÍA,9.0,9.0,positive,7.0,16.0,69.5,1.0,25.0,55.0,True,True
5201,VIAL VIDRIO TRANSPARENTE 20ML B20 C/TAPON BUTILO GRIS N20,LABORATORIO,42.0,42.0,positive,4.0,58.0,68.0,2.0,100.0,65.0,True,True
5202,FRASCO ROLL-ON PAVONADO 10ML C/TAPON Y TAPA,SIN CATEGORÍA,259.0,259.0,positive,15.0,93.0,174.9,6.0,352.0,367.4,True,True
5203,POTE PLASTICO BLANCO TIPO ANALISIS 120GR C/TAPA,LABORATORIO,42.0,42.0,positive,6.0,383.0,356.9,4.0,425.0,250.75,True,True
5204,POTE PLASTICO BLANCO TIPO ANALISIS 100GR C/TAPA,LABORATORIO,0.0,-81.0,negative_raw_clipped,10.0,706.0,471.6,5.0,625.0,368.75,True,True
5205,LATA DE ALUMINIO PLATEADO 15GR C/TAPA,SIN CATEGORÍA,126.0,126.0,positive,13.0,78.0,143.8,4.0,201.0,261.3,True,True
5206,LATA DE ALUMINIO PLATEADA 50GR C/TAPA,SIN CATEGORÍA,216.0,216.0,positive,18.0,2110.0,3651.7,8.0,2326.0,3489.0,True,True
5207,LATA DE ALUMINIO PLATEADA 30GR C/TAPA,SIN CATEGORÍA,42.0,42.0,positive,12.0,94.0,187.7,3.0,136.0,190.4,True,True
5208,FRASCO PET TRANSPARENTE 30ML C/TAPA PRESS N20,SIN CATEGORÍA,0.0,-8.0,negative_raw_clipped,7.0,158.0,195.1,3.0,150.0,127.5,True,True
5209,FRASCO PET TRANSPARENTE 120ML B/28 C/TAPA DISPENSADOR GEL,SIN CATEGORÍA,0.0,-258.0,negative_raw_clipped,38.0,308.0,718.2,1.0,50.0,80.0,True,True
5210,TUBO T/LILA K2 C/EDTA 3ML 13*75MM*100UND ALIANZA,LABORATORIO,0.0,0.0,zero,0.0,0.0,0.0,0.0,0.0,0.0,False,False
5211,PROBETA VIDRIO TRANSPARENTE 250ML,LABORATORIO,26.0,26.0,positive,10.0,16.0,468.0,4.0,42.0,671.4,True,True
5212,FRASCO PET BLANCO ESPUMERO 100ML C/TAPA,SIN CATEGORÍA,88.0,88.0,positive,36.0,240.0,874.1999999999999,6.0,325.0,827.5,True,True
5213,FRASCO PET TRANSPARENTE ESPUMERO 200ML C/ TAPA,SIN CATEGORÍA,44.0,44.0,positive,14.0,56.0,234.51999999999998,3.0,100.0,290.0,True,True
5214,FRASCO GOTERO VIDRIO TRANSPARENTE 20ML C/TAPA Y CHUPON,SIN CATEGORÍA,12.0,12.0,positive,7.0,39.0,71.2,1.0,50.0,60.0,True,True
5215,LATA DE ALUMINIO NEGRO 15GR C/TAPA,SIN CATEGORÍA,30.0,30.0,positive,6.0,20.0,47.7,2.0,50.0,75.0,True,True
5216,FRASCO PET TRANSPARENTE 60ML C/TAPA Y TAPON N28,SIN CATEGORÍA,12.0,12.0,positive,2.0,13.0,7.5,1.0,25.0,20.0,True,True
5217,FRASCO PET TRANSPARENTE 120ML TAPA Y TAPON B28,SIN CATEGORÍA,0.0,-107.0,negative_raw_clipped,12.0,282.0,292.6,3.0,175.0,140.0,True,True
5218,FRASCO PET TRANSPARENTE ALTO 120ML C/TAPA Y TAPON N28,SIN CATEGORÍA,22.0,22.0,positive,1.0,3.0,4.5,1.0,25.0,21.25,True,True
5219,LATA DE ALUMINIO NEGRO 30GR C/TAPA,SIN CATEGORÍA,71.0,71.0,positive,2.0,4.0,10.0,2.0,75.0,115.0,True,True
5220,LATA DE ALUMINIO NEGRO 50GR C/TAPA,SIN CATEGORÍA,57.0,57.0,positive,4.0,18.0,45.9,2.0,75.0,122.5,True,True
5221,LATA DE ALUMINIO PLATEADA 100GR C/TAPA,SIN CATEGORÍA,96.0,96.0,positive,8.0,29.0,81.1,3.0,125.0,250.0,True,True
5222,FRASCO PET AMBAR 120ML B28 C/TAPA GATILLO,SIN CATEGORÍA,500.0,500.0,positive,27.0,265.0,421.0,8.0,765.0,627.3,True,True
5223,PROPIPETA VERDE 10ML,LABORATORIO,0.0,-2.0,negative_raw_clipped,2.0,2.0,50.0,0.0,0.0,0.0,True,False
5224,VASO VIDRIO BORO GRADUADO 2LT,LABORATORIO,2.0,2.0,positive,3.0,8.0,228.0,2.0,10.0,221.0,True,True
5225,PLACA PETRI VIDRIO 90*15,LABORATORIO,0.0,-586.0,negative_raw_clipped,26.0,733.0,1374.5,9.0,147.0,604.0,True,True
5226,DESACADOR 300MM,LABORATORIO,0.0,-1.0,negative_raw_clipped,1.0,1.0,350.0,0.0,0.0,0.0,True,False
5227,TAPON BUTILO COLOR GRIS N20,LABORATORIO,730.0,730.0,positive,1.0,100.0,10.0,6.0,830.0,83.0,True,True
5228,VIAL VIDRIO TRANSPARENTE 7ML B20 C/TAPA BUTILO COLOR GRIS,LABORATORIO,54.0,54.0,positive,7.0,8196.0,3972.7,3.0,250.0,150.0,True,True
5229,BOMBA ATOMIZADORA ACANALADO 20 410 BLANCO,SIN CATEGORÍA,175.0,175.0,positive,1.0,25.0,30.0,1.0,200.0,54.93,True,True
5230,BOMBA ATOMIZADORA ACANALADO N28 410 FUCSIA,SIN CATEGORÍA,200.0,200.0,positive,0.0,0.0,0.0,1.0,200.0,71.83,False,True
5231,BOMBA ATOMIZADORA ACANALADO 20 410 TRANSPARENTE,SIN CATEGORÍA,200.0,200.0,positive,0.0,0.0,0.0,1.0,200.0,54.93,False,True
5232,BOMBA ATOMIZADORA ACANALADO 20/410 NEGRO,SIN CATEGORÍA,694.0,694.0,positive,1.0,6.0,6.0,2.0,700.0,179.93,True,True
5233,BOMBA ATOMIZADORA ACANALADO 20/410 CELESTE,SIN CATEGORÍA,199.0,199.0,positive,1.0,1.0,2.0,1.0,200.0,54.93,True,True
5234,BOMBA ATOMIZADORA ACANALADO N20 410 FUCSIA,SIN CATEGORÍA,200.0,200.0,positive,0.0,0.0,0.0,1.0,200.0,54.93,False,True
5235,BOMBA ATOMIZADORA ACANALADO N28 410 BLANCO,SIN CATEGORÍA,1242.0,1242.0,positive,23.0,158.0,177.0,2.0,1400.0,448.33,True,True
5236,BOMBA ATOMIZADORA ACANALADO N28 410 TRANSPARENTE,SIN CATEGORÍA,200.0,200.0,positive,0.0,0.0,0.0,1.0,200.0,71.83,False,True
5237,BOMBA ATOMIZADORA ACANALADO N28 410 NEGRO,SIN CATEGORÍA,1147.0,1147.0,positive,10.0,53.0,68.4,2.0,1200.0,398.93,True,True
5238,BOMBA ATOMIZADORA ACANALADO N28 410 CELESTE,SIN CATEGORÍA,199.0,199.0,positive,1.0,1.0,2.0,1.0,200.0,71.83,True,True
5239,VIAL VIDRIO TRANSPARENTE 10ML B20 C/TAPA BUTILO,LABORATORIO,594.0,594.0,positive,13.0,436.0,291.7,11.0,1030.0,400.5,True,True
5240,VIAL VIDRIO TRANSPARENTE ALTO 15ML B20,LABORATORIO,41.0,41.0,positive,4.0,419.0,266.0,3.0,460.0,184.0,True,True
5241,VIAL VIDRIO TRANSPARENTE 30ML B20,LABORATORIO,29.0,29.0,positive,1.0,1.0,1.5,1.0,30.0,15.0,True,True
5242,VIAL VIDRIO TRANSPARENTE 50ML N20,LABORATORIO,15.0,15.0,positive,3.0,105.0,140.0,3.0,120.0,108.0,True,True
5243,VIAL VIDRIO TRANSPARENTE 100ML B20,LABORATORIO,0.0,-5.0,negative_raw_clipped,2.0,35.0,160.0,1.0,30.0,27.0,True,True
5244,VIAL VIDRIO TRANSPARENTE 5ML B20 C/TAPA BUTILO GRIS,LABORATORIO,0.0,-72.0,negative_raw_clipped,7.0,683.0,561.25,2.0,611.0,271.95,True,True
5245,FRASCO VIDRIO TRANSPARENTE 20ML C/TAPA BAQUELITA N24 Y LAINA SILICONA,LABORATORIO,0.0,-861.0,negative_raw_clipped,24.0,6125.0,7811.3,9.0,4260.0,4706.0,True,True
5246,GOTERO VIDRIO TRANSPARENTE 10ML C/TAPA Y CHUPON,SIN CATEGORÍA,176.0,176.0,positive,11.0,949.0,1256.0,7.0,1125.0,1125.0,True,True
5247,FRASCO VIDRIO TRANSPARENTE 30ML C/TAPA Y TAPON N18,SIN CATEGORÍA,26.0,26.0,positive,0.0,0.0,0.0,1.0,26.0,20.8,False,True
5248,FRASCO VIDRIO TRANSPARENTE 100ML C/TAPA Y TAPON B18,SIN CATEGORÍA,24.0,24.0,positive,4.0,502.0,938.0,4.0,526.0,578.6,True,True
5249,SOLO MINI TRIGGER NEGRO B28,TAPONES,1590.0,1590.0,positive,32.0,247.0,362.5,7.0,1830.0,1177.0,True,True
5250,TUBO CONICO CON TAPA ROSCA DE 15ML NO ESTERIL,LABORATORIO,140.0,140.0,positive,9.0,660.0,386.5,4.0,800.0,215.0,True,True
5251,VASO DAPPEN,SIN CATEGORÍA,0.0,-17.0,negative_raw_clipped,10.0,17.0,56.5,0.0,0.0,0.0,True,False
5252,GOTERO VIDRIO TRANSPARENTE 100ML C/TAOA Y CHUPON,SIN CATEGORÍA,50.0,50.0,positive,6.0,35.0,122.0,2.0,85.0,136.0,True,True
5253,FRASCO PET 1LT TRANSPARENTE C/SPRAY PISTOLA N28,SIN CATEGORÍA,0.0,0.0,zero,8.0,50.0,232.7,1.0,50.0,90.0,True,True
5254,POTE ACRILICO 5GR C/TAPA ROSCA,SIN CATEGORÍA,949.0,949.0,positive,38.0,501.0,595.1,8.0,1450.0,1305.0,True,True
5255,VASELINERO 7GR,SIN CATEGORÍA,1140.0,1140.0,positive,29.0,953.0,371.5,12.0,1593.0,318.6,True,True
5256,TALQUERA PLASTICO 140GR C/TAPA Y REJILLA,SIN CATEGORÍA,67.0,67.0,positive,15.0,83.0,335.6,4.0,150.0,420.0,True,True
5257,POTE PET TRANSPARENTE 250GR C/TAPA ROSCA,SIN CATEGORÍA,23.0,23.0,positive,27.0,513.0,1568.4,3.0,536.0,1179.2,True,True
5258,PIPETAS PASTEUR ESTRILES 5ML (BLS100),LABORATORIO,92.0,92.0,positive,7.0,10.0,53.0,1.0,100.0,10.0,True,True
5259,FRASCO DE VIDRIO BOCA ANCHA TAPA AZUL 1L NIU S/20.0,LABORATORIO,0.0,-5.0,negative_raw_clipped,9.0,22.0,381.0,5.0,17.0,160.0,True,True
5260,FRASCO GOTERO VIDRIO TRANSPARENTE 30ML C/TAPA Y CHUPON,SIN CATEGORÍA,0.0,-11.0,negative_raw_clipped,15.0,61.0,150.3,1.0,50.0,65.0,True,True
5261,GOTER PLASTICO BLANCO 5ML C/TAPA Y TAPON N15,SIN CATEGORÍA,0.0,-462.0,negative_raw_clipped,6.0,562.0,222.6,1.0,100.0,30.0,True,True
5262,GOTERO PLASTICO BLANCO 10ML C/TAPA Y TAPON N15,SIN CATEGORÍA,16.0,16.0,positive,9.0,484.0,225.15,3.0,500.0,150.0,True,True
5263,GOTERO PLASTICO BLANCO 7ML C/TAPA Y TAPON N15,SIN CATEGORÍA,69.0,69.0,positive,2.0,31.0,14.85,1.0,100.0,30.0,True,True
5264,FRASCO DE  VIDRIO BOCA ANCHA TAPA AZUL 500ML,LABORATORIO,0.0,-16.0,negative_raw_clipped,10.0,40.0,516.0,3.0,24.0,189.0,True,True
5265,PIPETA SEREOLOGICA GRADUADA VIDRIO 5ML - CITOGLAS,LABORATORIO,0.0,-8.0,negative_raw_clipped,12.0,32.0,237.5,7.0,24.0,123.0,True,True
5266,ABRAZADERA CRUZADA DE LABORATORIO (DOBLE NUEZ),LABORATORIO,1.0,1.0,positive,1.0,1.0,18.0,2.0,2.0,29.0,True,True
5267,ABRAZADERA PARA MATRAZ,LABORATORIO,1.0,1.0,positive,1.0,1.0,25.0,2.0,2.0,30.0,True,True
5268,DESECADOR 300MM,LABORATORIO,0.0,0.0,zero,1.0,1.0,213.6,1.0,1.0,320.0,True,True
5269,TERMOMETRO DIGITAL DE VASTAGO PARA COCINA DE 30CM,LABORATORIO,3.0,3.0,positive,3.0,4.0,80.0,2.0,7.0,100.0,True,True
5270,PIPETEADOR DE CREMALLERA VERDE (PUMP) 10ML,LABORATORIO,2.0,2.0,positive,3.0,6.0,112.5,3.0,8.0,111.0,True,True
5271,GUANTES DE NITRILO ALTO RIESGO GATAMO,LABORATORIO,0.0,-42.0,negative_raw_clipped,5.0,42.0,1029.0,0.0,0.0,0.0,True,False
5272,PROBADOR PLASTICO 10ML ESPRAY COLORES,SIN CATEGORÍA,101.0,101.0,positive,11.0,39.0,84.1,3.0,140.0,182.0,True,True
5273,GOTERO VIDRIO PAVONADO 10ML B18 TAPA Y CHUPON,SIN CATEGORÍA,26.0,26.0,positive,4.0,4.0,9.8,1.0,30.0,36.0,True,True
5274,GOTERO VIDRIO PAVONADO 30ML B18 TAPA Y CHUPON,SIN CATEGORÍA,48.0,48.0,positive,8.0,32.0,76.1,2.0,80.0,120.0,True,True
5275,SOLO TAPA PRESS N28.,TAPONES,590.0,590.0,positive,3.0,10.0,14.2,2.0,600.0,200.56,True,True
5276,POTE CREMERO DOBLE FONDO BLANCO IMPORTADO 30GR C/TAPA Y LAINA,SIN CATEGORÍA,132.0,132.0,positive,11.0,118.0,334.0,3.0,250.0,477.5,True,True
5277,POTE CREMERO DOBLE FONDO 60GR BLANCO C/TAPA Y LAINA NACIONAL,SIN CATEGORÍA,0.0,-86.0,negative_raw_clipped,25.0,517.0,1258.0,6.0,425.0,645.0,True,True
5278,POTE PASTILLERO PLASTICO BLANCO 19GR C/TAPA B/20,SIN CATEGORÍA,46.0,46.0,positive,8.0,30.0,28.8,2.0,76.0,26.6,True,True
5279,POTE PASTILLERO PLASTICO BLANCO 12GR C/TAPA B/20,SIN CATEGORÍA,1567.0,1567.0,positive,2.0,9.0,11.4,3.0,1576.0,519.32,True,True
5280,POTE PASTILLERO PLASTICO BLANCO 10GR C/TAPA B/20,SIN CATEGORÍA,58.0,58.0,positive,2.0,18.0,12.06,2.0,76.0,23.560000000000002,True,True
5281,GOTERO VIDRIO TRANSPARENTE 5ML C/TAPA Y CHUPON,SIN CATEGORÍA,226.0,226.0,positive,9.0,239.0,331.1,7.0,465.0,418.5,True,True
5282,FRASCO GOTERO INTERNO VIDRIO AMBAR B/18 5ML TAPA S.,SIN CATEGORÍA,146.0,146.0,positive,5.0,123.0,127.0,4.0,266.0,186.2,True,True
5283,FRASCO GOTERO INTERNO VIDRIO AMBAR 10ML B/18 C/TAPA P.,SIN CATEGORÍA,0.0,-8.0,negative_raw_clipped,5.0,40.0,58.5,1.0,26.0,23.4,True,True
5284,TAPON IMPORTADO B28,TAPONES,0.0,-100.0,negative_raw_clipped,1.0,100.0,12.0,0.0,0.0,0.0,True,False
5285,SOLO MINI TRIGGER BLANCO B28,TAPONES,7309.0,7309.0,positive,35.0,2191.0,1230.5,8.0,9500.0,5502.0,True,True
5286,FRASCO PET TRANSPARENTE 250ML C/TAPA SPRAY MINI PISTOLA N24,SIN CATEGORÍA,0.0,-974.0,negative_raw_clipped,14.0,1025.0,2035.5,1.0,50.0,115.0,True,True
5287,POTE PLASTICO BLANCO TIPO FROTACION 50GR C/TAPA,SIN CATEGORÍA,97.0,97.0,positive,6.0,80.0,61.5,4.0,177.0,70.8,True,True
5288,POTE PLASTICO BLANCO TIPO FROTACION 100GR C/TAPA,SIN CATEGORÍA,105.0,105.0,positive,15.0,97.0,107.3,5.0,202.0,131.3,True,True
5289,TAPON PLASTICO IMPORTADO N28,TAPONES,100.0,100.0,positive,0.0,0.0,0.0,1.0,100.0,8.0,False,True
5290,ALCOHOL PADS,SIN CATEGORÍA,0.0,-7.0,negative_raw_clipped,3.0,7.0,41.0,0.0,0.0,0.0,True,False
5291,FRASCO ROLL-ON VIDRIO TRANSPARENTE 3ML C/TAPA Y TAPON,SIN CATEGORÍA,8.0,8.0,positive,7.0,242.0,316.7,2.0,250.0,225.0,True,True
5292,FRASCO ROLL-ON VIDRIO TRANSPARENTE 7ML C/TAPA Y TAPON,SIN CATEGORÍA,43.0,43.0,positive,4.0,7.0,25.1,1.0,50.0,45.0,True,True
5293,PERFUME VIDRIO TRANSPARENTE CUADRADO 30ML TAPA ESPRAY METALIZADA N18,PERFUMES,67.0,67.0,positive,5.0,110.0,348.3,3.0,177.0,460.2,True,True
5294,LIPSTICK/BALSAMO LABIAL 5ML,SIN CATEGORÍA,210.0,210.0,positive,22.0,240.0,457.7,5.0,450.0,675.0,True,True
5295,FRASCO PLASTICO NEGRO 350ML C/TAPA ESPRAY MINI PISTOLA N24,SIN CATEGORÍA,73.0,73.0,positive,6.0,7.0,24.0,2.0,80.0,120.0,True,True
5296,FRASCO PET NEGRO 250ML C/TAPA ESPRAY MINI PISTOLA N24,SIN CATEGORÍA,247.0,247.0,positive,37.0,334.0,1039.0,10.0,581.0,1220.1,True,True
5297,PET COLORES CILINDRICO 120ML TAPA PRESS N20,SIN CATEGORÍA,119.0,119.0,positive,4.0,11.0,26.0,2.0,130.0,143.0,True,True
5298,PROBETA VIDRIO TRANSPARENTE 500ML,LABORATORIO,1.0,1.0,positive,1.0,1.0,39.0,1.0,2.0,55.94,True,True
5299,FRASCO VIDRIO TRANSPARENTE 50ML B18 C/TAPA ESPRAY,SIN CATEGORÍA,27.0,27.0,positive,2.0,43.0,79.5,2.0,70.0,112.0,True,True
5300,FRASCO VIDRIO TRANSPARENTE 15ML B18 C/TAPA ESPRAY,SIN CATEGORÍA,27.0,27.0,positive,2.0,43.0,87.5,2.0,70.0,91.0,True,True
5301,MORTERO CON PILON DE PORCELANA 90MM,LABORATORIO,28.0,28.0,positive,12.0,14.0,178.5,8.0,42.0,386.0,True,True
5302,FRASCO DE VIDRIO BOCA ANCHA TAPA AZUL 250ML,LABORATORIO,0.0,-8.0,negative_raw_clipped,9.0,58.0,756.0,4.0,50.0,300.0,True,True
5303,TUBO DE ENSAYO DE VIDRIO 13*100MM (bx250u),LABORATORIO,212.0,212.0,positive,5.0,38.0,44.0,1.0,250.0,30.0,True,True
5304,TAPON BUTILO ROJO N13,LABORATORIO,100.0,100.0,positive,0.0,0.0,0.0,1.0,100.0,20.0,False,True
5305,PROBADOR PLASTICO 12ML ESPRAY COLORES,SIN CATEGORÍA,94.0,94.0,positive,6.0,11.0,26.5,3.0,105.0,157.5,True,True
5306,AZUL METILENO 500ML,LABORATORIO,0.0,0.0,zero,1.0,1.0,45.0,1.0,1.0,35.0,True,True
5307,LUGOL PARASITOLOGICO MRCS,LABORATORIO,1.0,1.0,positive,1.0,1.0,50.0,2.0,2.0,100.0,True,True
5308,TUVO CONICO TAPA AZUL 50ML C/FALDON,SIN CATEGORÍA,0.0,-141.0,negative_raw_clipped,6.0,141.0,140.0,0.0,0.0,0.0,True,False
5309,GRADILLA 7*3 21T CONICO 50MM,LABORATORIO,15.0,15.0,positive,13.0,16.0,246.0,5.0,31.0,310.0,True,True
5310,FRASCO PET TRANSPARENTE 250ML C/TAPA PRESS N24,SIN CATEGORÍA,0.0,0.0,zero,7.0,25.0,90.0,1.0,25.0,45.0,True,True
5311,PROBETA PLASTICO 1L,LABORATORIO,1.0,1.0,positive,15.0,26.0,714.0,11.0,27.0,529.0,True,True
5312,VIDRIO TUBULAR 20ML C/TAPA BAQUELITA N24 Y LAINA CARTON PTFE,LABORATORIO,948.0,948.0,positive,8.0,102.0,173.8,2.0,1050.0,1165.0,True,True
5313,FRASCO PET DE COLORES CILINDRICO 120ML C/TAPA ESPRAY N20,SIN CATEGORÍA,59.0,59.0,positive,21.0,121.0,302.20000000000005,3.0,180.0,234.0,True,True
5314,POTE PET TRANSPARENTE 1KG C/TAPA,SIN CATEGORÍA,0.0,-232.0,negative_raw_clipped,17.0,359.0,1603.1,2.0,127.0,419.1,True,True
5315,FRASCO PLASTICO INSECTICIDA 125ML C/TAPA Y TAPON,SIN CATEGORÍA,89.0,89.0,positive,4.0,18.0,48.0,3.0,107.0,192.6,True,True
5316,GOTERO VIDRIO AMBAR 30ML C/TAPA Y CHUPON C/SEGURO,SIN CATEGORÍA,547.0,547.0,positive,6.0,333.0,510.3,9.0,880.0,1056.0,True,True
5317,FRASCO PARA GEL 30ML DE CARTERA,SIN CATEGORÍA,80.0,80.0,positive,16.0,198.0,257.2,4.0,277.0,221.6,True,True
5318,FRASCO PET BLANCO 60ML C/TAPA PRESS N20,SIN CATEGORÍA,27.0,27.0,positive,0.0,0.0,0.0,1.0,27.0,24.3,False,True
5319,CRIOBOX PARA 50CRIOVIALES,LABORATORIO,2.0,2.0,positive,0.0,0.0,0.0,2.0,2.0,14.0,False,True
5320,POTE VIDRIO AMBAR 200GR B45 C/TAPA,SIN CATEGORÍA,63.0,63.0,positive,9.0,27.0,80.3,2.0,90.0,153.0,True,True
5321,BOMBA DISPENSADORA PARA GALONERA 28/410 ACANALADO COLOR BLANCO,TAPONES,198.0,198.0,positive,2.0,102.0,204.0,2.0,300.0,305.16999999999996,True,True
5322,FRASCO VIDRIO TRANSPARENTE 100ML PERFUME C/TAPA SPRAY METALIZADO N18,PERFUMES,52.0,52.0,positive,9.0,48.0,211.0,2.0,100.0,320.0,True,True
5323,VASO DOSIFICADOR PLASTICO GRADUADO 15ML,TAPONES,51.0,51.0,positive,20.0,449.0,226.5,3.0,500.0,60.0,True,True
5324,FRASCO BLANCO TIPO LAVABAJILLA 650ML C/TAPA FLIT TOP B28,SIN CATEGORÍA,0.0,-1.0,negative_raw_clipped,1.0,1.0,3.0,0.0,0.0,0.0,True,False
5325,POTE VIDRIO AMBAR IMPORTADO 120GR B/38 C/TAPA,SIN CATEGORÍA,29.0,29.0,positive,7.0,21.0,56.2,1.0,50.0,75.0,True,True
5326,CORCHO BAJO N4,TAPONES,74.0,74.0,positive,3.0,506.0,153.0,4.0,580.0,232.0,True,True
5327,FRASCO PET 1LT TRANSPARENTE C/TAPA Y TAPON N28.,SIN CATEGORÍA,0.0,-1242.0,negative_raw_clipped,10.0,1267.0,1337.5,1.0,25.0,30.0,True,True
5328,ROLL-ON VIDRIO TRANSPARENTE 50ML C/TAPA BLANCA,SIN CATEGORÍA,51.0,51.0,positive,5.0,24.0,78.4,2.0,75.0,150.0,True,True
5329,FRASCO VIDRIO TRANSPARENTE TUBULAR 10ML C/TAPA BAQUELITA B18,LABORATORIO,94.0,94.0,positive,4.0,21.0,33.4,3.0,115.0,126.5,True,True
5330,BOMBA PARA PIPETA,LABORATORIO,3.0,3.0,positive,9.0,14.0,210.0,6.0,17.0,133.0,True,True
5331,BOTELLA PET TRANSPARENTE 120ML B28 SIN TAPA,SIN CATEGORÍA,377.0,377.0,positive,27.0,623.0,598.5,1.0,1000.0,300.0,True,True
5332,isopos *100und,SIN CATEGORÍA,0.0,-2.0,negative_raw_clipped,1.0,2.0,20.0,0.0,0.0,0.0,True,False
5333,BOTELLA PET TRANSPARENTE 250ML B28 C/TAPA Y TAPON,SIN CATEGORÍA,1565.0,1565.0,positive,30.0,541.0,697.95,3.0,2100.0,672.0,True,True
5334,BOTELLA PET TRANSPARENTE 500ML B28 SIN TAPA,SIN CATEGORÍA,753.0,753.0,positive,12.0,45.0,101.3,2.0,798.0,319.2,True,True
5335,BOTELLA PET TRANSPARENTE 1LT (37gr) B28 SIN TAPA,SIN CATEGORÍA,1296.0,1296.0,positive,11.0,157.0,219.1,2.0,1450.0,851.0,True,True
5336,PET CAMPANA TRANSPARENTE 300ML S/T B28..,SIN CATEGORÍA,630.0,630.0,positive,6.0,56.0,82.0,3.0,686.0,327.12,True,True
5337,PROBADOR DE VIDRIO 5ML METALIZADO RECARGABLE,PERFUMES,225.0,225.0,positive,43.0,150.0,493.3,7.0,375.0,937.5,True,True
5338,TAPA CHUPON BLANCO B28,TAPONES,0.0,-52.0,negative_raw_clipped,2.0,52.0,27.0,0.0,0.0,0.0,True,False
5339,FRASCO DE VIDRIO AMBAR 200ML BOCA 28,LABORATORIO,0.0,-25.0,negative_raw_clipped,6.0,27.0,253.0,2.0,2.0,15.0,True,True
5340,FRASCO PET COLORES BOSTON 120ML C/TAPA ESPRAY B20,SIN CATEGORÍA,1061.0,1061.0,positive,31.0,259.0,514.8,17.0,1320.0,1728.5,True,True
5341,GUANTES BOX*100UND,LABORATORIO,0.0,-22.0,negative_raw_clipped,7.0,22.0,283.0,0.0,0.0,0.0,True,False
5342,FRASCO DE VIDRIO BOCA ANCHA TRANSPARENTE TAPA AZUL 100ml,LABORATORIO,0.0,-14.0,negative_raw_clipped,9.0,50.0,482.0,6.0,36.0,169.6,True,True
5343,FRASCO DE VIDRIO BOCA ANCHA AMBAR TAPA AZUL 100ML,LABORATORIO,58.0,58.0,positive,5.0,6.0,66.0,3.0,64.0,271.8,True,True
5344,TAPA FLIT TOP B28,TAPONES,0.0,-13.0,negative_raw_clipped,2.0,13.0,7.5,0.0,0.0,0.0,True,False
5345,EMBUDO PLASTICO,SIN CATEGORÍA,0.0,-8.0,negative_raw_clipped,8.0,8.0,26.2,0.0,0.0,0.0,True,False
5346,PHMETRO COMBO SUELOS 4 EN 1 (PH-HUMEDAD-TEMP-LUZ SOLAR) TPH01803,LABORATORIO,5.0,5.0,positive,6.0,7.0,355.0,1.0,12.0,288.0,True,True
5347,BAGUETA O VARILLA DE VIDRIO 30ML,LABORATORIO,0.0,0.0,zero,30.0,45.0,204.3,7.0,45.0,150.0,True,True
5348,FRASCO DE VIDRIO BOCA ANCHA AMBAR TAPA AZUL 250ML,LABORATORIO,74.0,74.0,positive,5.0,9.0,103.0,3.0,83.0,354.0,True,True
5349,BURETA DE VIDRIO GRADUADO DE 10ML CON LLAVE DE VIDRIO,LABORATORIO,2.0,2.0,positive,0.0,0.0,0.0,1.0,2.0,30.0,False,True
5350,PAPEL INDICADOR DE PH,LABORATORIO,0.0,-21.0,negative_raw_clipped,14.0,21.0,310.5,0.0,0.0,0.0,True,False
5351,FRAGANCIA BEBE POETT 10ML,PERFUMES,30.0,30.0,positive,0.0,0.0,0.0,2.0,30.0,45.0,False,True
5352,FRAGANCIA BRISA MARINA 10ML,PERFUMES,30.0,30.0,positive,0.0,0.0,0.0,2.0,30.0,45.0,False,True
5353,FRAGANCIA CHICA FRESA 10ML,PERFUMES,28.0,28.0,positive,2.0,2.0,50.0,2.0,30.0,50.0,True,True
5354,FRAGANCIA CHICLE 10ML,PERFUMES,30.0,30.0,positive,0.0,0.0,0.0,2.0,30.0,50.0,False,True
5355,FRAGANCIA CT. PRIMAVERA POETT 10ML,PERFUMES,30.0,30.0,positive,0.0,0.0,0.0,2.0,30.0,50.0,False,True
5356,FRAGANCIA LAVANDA CT POETT 10ML,PERFUMES,29.0,29.0,positive,1.0,1.0,25.0,2.0,30.0,45.0,True,True
5357,FRAGANCIA LIMON EXTREMO 10ML,PERFUMES,29.0,29.0,positive,1.0,1.0,25.0,2.0,30.0,50.0,True,True
5358,FRAGANCIA MANZANA 10ML,PERFUMES,30.0,30.0,positive,0.0,0.0,0.0,2.0,30.0,45.0,False,True
5359,FRASCO VIDRIO TRANSPARENTE 1.7 LT CON T/100,SIN CATEGORÍA,110.0,110.0,positive,13.0,22.0,240.2,4.0,132.0,677.99,True,True
5360,POTE VIDRIO TRANSPARENTE 1L C/TAPA 100,SIN CATEGORÍA,102.0,102.0,positive,7.0,90.0,633.7,4.0,192.0,867.54,True,True
5361,FRASCO ESPARRAGUERO 370ML C/TAPA 63,SIN CATEGORÍA,0.0,-99.0,negative_raw_clipped,6.0,243.0,626.4,2.0,144.0,254.8,True,True
5362,FRASCO ESPARRAGUERO 212ML C/TAPA METALICA N58,SIN CATEGORÍA,250.0,250.0,positive,8.0,145.0,336.6,3.0,395.0,504.95,True,True
5363,FRASCO CUADRADRO 387ML C/TAPA 63,SIN CATEGORÍA,21.0,21.0,positive,2.0,14.0,54.599999999999994,1.0,35.0,57.47,True,True
5364,FRASCO BARRIL 720ML C/TAPA 82,SIN CATEGORÍA,17.0,17.0,positive,2.0,3.0,15.3,1.0,20.0,43.66,True,True
5365,FRASCO VID TRANSPARENTE 370ML BAJO C/TAPA 77,SIN CATEGORÍA,167.0,167.0,positive,13.0,83.0,275.6,3.0,250.0,517.94,True,True
5366,FRASCO COLMENA 746 C/TAPA 77,SIN CATEGORÍA,166.0,166.0,positive,6.0,42.0,252.25,3.0,208.0,786.11,True,True
5367,FRASCO 4 ONZAS C/TAPA 63,SIN CATEGORÍA,301.0,301.0,positive,9.0,215.0,339.4,3.0,516.0,660.76,True,True
5368,POTE VIDRIO TRANSPARENTE 315ML C/TAPA 63,SIN CATEGORÍA,0.0,-4.0,negative_raw_clipped,2.0,77.0,117.4,2.0,73.0,99.76,True,True
5369,TAPA METALICA N58,TAPONES,0.0,0.0,zero,0.0,0.0,0.0,0.0,0.0,0.0,False,False
5370,FRASCO VIDRIO TRANSPARENTE ESPARRAGUERO 315ML C/TAPA 63,SIN CATEGORÍA,368.0,368.0,positive,5.0,136.0,318.5,3.0,504.0,782.4,True,True
5371,TAPA METALICA N63,TAPONES,0.0,0.0,zero,0.0,0.0,0.0,0.0,0.0,0.0,False,False
5372,FRASCO VIDRIO TRANSPARENTE 458ML C/TAPA 82,SIN CATEGORÍA,103.0,103.0,positive,18.0,101.0,399.7,2.0,204.0,472.85,True,True
5373,TAPA METALICA N77,TAPONES,0.0,0.0,zero,0.0,0.0,0.0,0.0,0.0,0.0,False,False
5374,TAPA METALICA N82 DORADO,TAPONES,0.0,0.0,zero,0.0,0.0,0.0,0.0,0.0,0.0,False,False
5375,TAPA METALICA N82 NEGRO,TAPONES,0.0,0.0,zero,0.0,0.0,0.0,0.0,0.0,0.0,False,False
5376,TAPA METALICA N100 ORO VIEJO,TAPONES,0.0,0.0,zero,0.0,0.0,0.0,0.0,0.0,0.0,False,False
5377,FRASCO VIDRIO AMBAR 50ML B18 TAPA ESPRAY,SIN CATEGORÍA,36.0,36.0,positive,7.0,41.0,105.2,2.0,77.0,123.2,True,True
5378,FRASCO VIDRIO AMBAR 15ML B18 TAPA ESPRAY,SIN CATEGORÍA,71.0,71.0,positive,2.0,106.0,195.0,3.0,177.0,230.1,True,True
5379,GOTERO VIDRIO AZUL 30ML C/TAPA Y CHUPON,SIN CATEGORÍA,550.0,550.0,positive,2.0,25.0,48.75,2.0,575.0,802.5,True,True
5380,GOTERO VIDRIO AZUL 50ML C/TAPA Y CHUPON,SIN CATEGORÍA,51.0,51.0,positive,2.0,4.0,12.0,2.0,55.0,77.0,True,True
5381,FRASCO VIDRIO AZUL 50ML B/18 TAPA ESPRAY,SIN CATEGORÍA,59.0,59.0,positive,5.0,21.0,49.4,2.0,80.0,128.0,True,True
5382,TIRAS MEDIDORAS DE PH (CAJA *100UND),LABORATORIO,47.0,47.0,positive,24.0,39.0,584.0,6.0,86.0,738.0,True,True
5383,PROBETA DE PLASTICO GRADUADA PROBETA DE PLASTICO GRADUADA 500 ML,LABORATORIO,0.0,-5.0,negative_raw_clipped,6.0,13.0,257.0,2.0,8.0,89.57,True,True
5384,VASO DE VIDRIO BORO GRADUADO 10ML,LABORATORIO,0.0,-31.0,negative_raw_clipped,12.0,71.0,190.0,1.0,40.0,56.0,True,True
5385,VASO GRADUADO DE POLIPROPILENO 100ML,LABORATORIO,34.0,34.0,positive,7.0,39.0,105.0,6.0,73.0,117.36,True,True
5386,VASO GRADUADO DE POLIPROPILENO 250ML-300ML,LABORATORIO,20.0,20.0,positive,7.0,18.0,98.0,4.0,38.0,87.64,True,True
5387,FRASCO VIDRIO ROSADO 10ML C/TAPA ESPRAY N18,SIN CATEGORÍA,28.0,28.0,positive,2.0,2.0,4.6,1.0,30.0,39.0,True,True
5388,FRASCO VIDRIO ROSADO 30ML C/TAPA ESPRAY N18,SIN CATEGORÍA,118.0,118.0,positive,7.0,12.0,33.0,2.0,130.0,195.0,True,True
5389,PROBADOR VIDRIO 1ML TAPON PLUMILLA,PERFUMES,29.0,29.0,positive,4.0,171.0,61.5,2.0,200.0,50.0,True,True
5390,FRASCO TUBULAR VIDRIO TRANSPARENTE 3ML T/BAQUELITA N13,PERFUMES,19.0,19.0,positive,3.0,6.0,6.0,1.0,25.0,17.5,True,True
5391,FRASCO TUBULAR VIDRIO TRANSPARENTE 4ML T/BAQUELITA N13,SIN CATEGORÍA,6.0,6.0,positive,5.0,219.0,212.5,3.0,225.0,157.5,True,True
5392,FRASCO TUBULAR VIDRIO TRANSPARENTE 5ML T/BAQUELITA N13,SIN CATEGORÍA,11.0,11.0,positive,3.0,14.0,19.3,1.0,25.0,17.5,True,True
5393,FRASCO PET BLANCO 60ML C/TAPA FLIP TOP N20,SIN CATEGORÍA,130.0,130.0,positive,0.0,0.0,0.0,2.0,130.0,130.0,False,True
5394,PET TRANSPARENTE 10ML C/GOTERO CHUPON N18,SIN CATEGORÍA,0.0,-29.0,negative_raw_clipped,2.0,54.0,22.2,1.0,25.0,25.0,True,True
5395,GOTERO PET TRANSPARENTE 20ML N18,SIN CATEGORÍA,25.0,25.0,positive,0.0,0.0,0.0,1.0,25.0,27.5,False,True
5396,GOTERO PET TRANSPARENTE 30ML C/ TAPA Y CHUPON N18,SIN CATEGORÍA,21.0,21.0,positive,1.0,4.0,8.0,1.0,25.0,27.5,True,True
5397,FRASCO VIDRIO AMBAR 20ML B18 C/TAPA ESPRAY,SIN CATEGORÍA,42.0,42.0,positive,5.0,33.0,69.3,2.0,75.0,105.0,True,True
5398,FRASCO VIDRIO AMBAR 30ML B18 C/TAPA ESPRAY,SIN CATEGORÍA,89.0,89.0,positive,4.0,41.0,96.0,2.0,130.0,195.0,True,True
5399,BARRA AGITADORA MAGNETICA C300 30*7.5 MM (AGITADOR MAGNETICO),LABORATORIO,6.0,6.0,positive,2.0,16.0,214.0,3.0,22.0,208.0,True,True
5400,GOTERO  VIDRIO AMBAR 30ML TAPA METALIZADA DORADA Y CHUPON,SIN CATEGORÍA,1550.0,1550.0,positive,0.0,0.0,0.0,4.0,1550.0,2170.0,False,True
5401,PROBETA VIDRIO 25ML,LABORATORIO,13.0,13.0,positive,5.0,8.0,88.0,3.0,21.0,134.24,True,True
5402,MATRAZ ERLENMEYER DE VIDRIO BORO 100ML,LABORATORIO,8.0,8.0,positive,10.0,20.0,170.5,4.0,28.0,130.72,True,True
5403,MATRAZ ERLENMEYER DE VIDRIO 1L,LABORATORIO,4.0,4.0,positive,4.0,4.0,108.0,2.0,8.0,138.72,True,True
5404,FRASCO BOCA ANCHA TRANSPARENTE TAPA AZUL 50ML,LABORATORIO,2.0,2.0,positive,2.0,14.0,107.0,1.0,16.0,64.96,True,True
5405,CALIBRADOR VERNIER DIGITAL - TECAI - 93 / PRECISSO,LABORATORIO,9.0,9.0,positive,3.0,3.0,130.0,1.0,12.0,234.0,True,True
5406,PUNTAS BLANCAS PARA PIPETA (B200U),LABORATORIO,0.0,-1.0,negative_raw_clipped,1.0,1.0,85.0,0.0,0.0,0.0,True,False
5407,MICROPIPETA BOECO RANGO VARIABLE 100-1000UL,LABORATORIO,0.0,0.0,zero,1.0,1.0,109.0,1.0,1.0,90.0,True,True
5408,FIOLA VOLUMETRICA C/PICO 100ML,LABORATORIO,11.0,11.0,positive,4.0,10.0,99.4,4.0,21.0,152.0,True,True
5409,FIOLA VOLUMETRICA GRADUADO DE VIDRIO 1000ML - BOECO,LABORATORIO,3.0,3.0,positive,3.0,8.0,258.0,3.0,11.0,240.0,True,True
5410,BARRA AGITADORA MAGNETICA C400 40*8 MM (AGITADOR MAGNETICO),LABORATORIO,0.0,-5.0,negative_raw_clipped,5.0,9.0,142.0,1.0,4.0,48.0,True,True
5411,KIT DE DISECCION,SIN CATEGORÍA,0.0,0.0,zero,0.0,0.0,0.0,0.0,0.0,0.0,False,False
5412,PROBETA VIDRIO GRADUADA 1L,LABORATORIO,10.0,10.0,positive,1.0,2.0,98.0,1.0,12.0,392.4,True,True
5413,"REFRACTOMETRO BRIX, 0-85",LABORATORIO,0.0,-1.0,negative_raw_clipped,1.0,1.0,115.0,0.0,0.0,0.0,True,False
5414,PET JABONERA 37GR 400ML C/TAPA DISPENSADOR B28,SIN CATEGORÍA,60.0,60.0,positive,8.0,140.0,282.5,1.0,200.0,116.0,True,True
5415,BOTELLA PET TRANSPARENTE 30ML B28 C/TAPA,SIN CATEGORÍA,866.0,866.0,positive,14.0,1904.0,1116.1,3.0,2720.0,937.5,True,True
5416,TERMOMETRO DIGITAL -50 +300 CON ESPIGA DE 15CM - TP300 - PRECISSO,SIN CATEGORÍA,6.0,6.0,positive,0.0,0.0,0.0,1.0,6.0,51.6,False,True
5417,ESPATULA ASA DRIGALSKI DE VIDRIO,LABORATORIO,11.0,11.0,positive,1.0,9.0,63.0,1.0,20.0,114.24,True,True
5418,FRASCO PERFUME 100ML C/TAPA CHUPON DORADO IMPORTADO,SIN CATEGORÍA,1.0,1.0,positive,0.0,0.0,0.0,1.0,1.0,3.3,False,True
5419,GOTERO PLASTICO BLANCO 30ML C/TAPA Y TAPON N15,SIN CATEGORÍA,0.0,-544.0,negative_raw_clipped,11.0,849.0,350.15,2.0,300.0,90.0,True,True
5420,FRASCO PARA RIMEL 4ML C/TAPA (12CM - 1.5CM) INYEC.,SIN CATEGORÍA,298.0,298.0,positive,6.0,32.0,96.0,3.0,328.0,754.4,True,True
5421,FRASCO GOTERO VIDRIO VERDE 10ML C/TAPA Y CHUPON,SIN CATEGORÍA,27.0,27.0,positive,0.0,0.0,0.0,1.0,27.0,27.0,False,True
5422,FRASCO GOTERO VIDRIO VERDE 30ML C/TAPA Y CHUPON,SIN CATEGORÍA,27.0,27.0,positive,1.0,6.0,18.0,1.0,27.0,35.1,True,True
5423,PLACA PETRI DE VIDRIO 100*15,LABORATORIO,57.0,57.0,positive,8.0,74.0,426.0,7.0,131.0,641.0,True,True
5424,GRADILLA CUBIERTA DE PLASTICO 3*4,LABORATORIO,14.0,14.0,positive,22.0,31.0,323.0,3.0,45.0,308.08000000000004,True,True
5425,POTE CREMERO DOBLE FONDO C/ CINTILLO PLATEADO 100GR C/TAPA Y LAINA,SIN CATEGORÍA,21.0,21.0,positive,2.0,4.0,20.0,1.0,25.0,82.5,True,True
5426,TERMOMETRO DE MERCURIO LARGO,LABORATORIO,0.0,-11.0,negative_raw_clipped,3.0,11.0,325.0,0.0,0.0,0.0,True,False
5427,TAPA GASEOSA B28 NEGRO,TAPONES,0.0,-400.0,negative_raw_clipped,2.0,400.0,70.0,0.0,0.0,0.0,True,False
5428,PET TRANSPARENTE 100ML TAPA DISPENSADOR B20,SIN CATEGORÍA,0.0,-107.0,negative_raw_clipped,14.0,107.0,234.8,0.0,0.0,0.0,True,False
5429,GALON DE ALCOHOL ISOPROPILICO,SIN CATEGORÍA,0.0,0.0,zero,1.0,1.0,159.0,1.0,1.0,114.0,True,True
5430,PRECINTO TERMOENCOGIBLE 166MM *500UND,TAPONES,1.0,1.0,positive,0.0,0.0,0.0,1.0,1.0,38.2,False,True
5431,PRECINTO TERMOENCOGIBLE 138MM * 1000UND,TAPONES,0.0,-29.0,negative_raw_clipped,1.0,30.0,9.0,1.0,1.0,61.0,True,True
5432,PRECINTO TERMOENCOGIBLE 128MM *1000UND,TAPONES,1.0,1.0,positive,1.0,250.0,20.0,1.0,1.0,61.0,True,True
5433,PRECINTO TERMOENCOGIBLE 116MM*500 UND,TAPONES,0.0,-34.02,negative_raw_clipped,2.0,36.02,9.0,1.0,2.0,50.2,True,True
5434,PRECINTO TERMOENCOGIBLE 97MM*1000UND,TAPONES,2.0,2.0,positive,0.0,0.0,0.0,1.0,2.0,86.2,False,True
5435,PRECINTO TERMOENCOGIBLE N38*1000UND,TAPONES,2.0,2.0,positive,0.0,0.0,0.0,1.0,2.0,64.0,False,True
5436,PAPEL LENTE 105,LABORATORIO,0.0,-6.0,negative_raw_clipped,4.0,7.0,87.0,1.0,1.0,6.0,True,True
5437,TUBO CONICO C/TAPA ROSCA NO ESTERIL DE 10ML (BLS*100UND),LABORATORIO,166.0,166.0,positive,4.0,34.0,34.5,2.0,200.0,50.0,True,True
5438,GRADILLA PLASTIFICADA 48 TUBOS NACIONAL,LABORATORIO,18.0,18.0,positive,7.0,7.0,100.0,4.0,25.0,238.0,True,True
5439,GRADILLA DE PLASTICO 60 TUBOS  DE 10 Y/O 15ML,LABORATORIO,0.0,0.0,zero,1.0,2.0,30.0,1.0,2.0,18.0,True,True
5440,GRADILLA DE PLASTICA PARA 90 TUBOS DE ENSAYO 13*100,LABORATORIO,4.0,4.0,positive,1.0,1.0,15.0,2.0,5.0,48.0,True,True
5441,TAPA PLASTICA GASEOSA BLANCO,TAPONES,1000.0,1000.0,positive,0.0,0.0,0.0,1.0,1000.0,60.0,False,True
5442,CRISOL 30ML,LABORATORIO,3.0,3.0,positive,0.0,0.0,0.0,2.0,3.0,12.0,False,True
5443,ASA SIEMBRA 10UL/INOCULADOR CELESTE (BLS*10UND),LABORATORIO,1.0,1.0,positive,1.0,2.0,10.0,1.0,3.0,4.8,True,True
5444,TUBO DE PLASTICO 13*100MM BLS*300UND,LABORATORIO,300.0,300.0,positive,0.0,0.0,0.0,1.0,300.0,39.99,False,True
5445,MATRAZ ERLENMEYER POLIPROPILENO *100ML,LABORATORIO,13.0,13.0,positive,0.0,0.0,0.0,2.0,13.0,171.19,False,True
5446,PUNTERA DE 100-1000 UL AZUL GRADUADA (BLS *500UND),LABORATORIO,2.0,2.0,positive,2.0,3.0,47.0,4.0,5.0,102.0,True,True
5447,PUNTERA DE 200UL AMARILLA (BLS *1000UND),LABORATORIO,1.0,1.0,positive,0.0,0.0,0.0,1.0,1.0,5.0,False,True
5448,PAPEL LENTE 100*150MM WHATMAN TISSUE 105 (CJ *50HJS),LABORATORIO,26.0,26.0,positive,8.0,10.0,98.0,5.0,36.0,198.0,True,True
5449,FRASCO VIDRIO TRANSPARENTE ALIMENTO 250ML T/63,SIN CATEGORÍA,108.0,108.0,positive,0.0,0.0,0.0,1.0,108.0,168.3,False,True
5450,PHMETRO DIGITAL AMARILLO,LABORATORIO,0.0,-24.0,negative_raw_clipped,17.0,24.0,1220.5,0.0,0.0,0.0,True,False
5451,SOLO FRASCO PET CAMPANA 500ML,SIN CATEGORÍA,428.0,428.0,positive,8.0,72.0,118.0,1.0,500.0,290.0,True,True
5452,GALONERA NATURAL 4L C/TAPA Y TAPON,SIN CATEGORÍA,296.0,296.0,positive,17.0,204.0,831.8,1.0,500.0,1150.0,True,True
5453,FRASCO BULLET 120ML C/TAPA ATOMIZADOR,SIN CATEGORÍA,1752.0,1752.0,positive,34.0,260.0,506.90000000000003,2.0,2000.0,1800.0,True,True
5454,ESPATULA MANGO DE MADERA 32 CM,LABORATORIO,1.0,1.0,positive,0.0,0.0,0.0,1.0,1.0,8.0,False,True
5455,FIOLA 50ML,SIN CATEGORÍA,0.0,0.0,zero,1.0,10.0,80.0,1.0,10.0,76.0,True,True
5456,POTE PLASTICO TIPO PROTEINA BLANCO 1KG C/TAPA,SIN CATEGORÍA,67.0,67.0,positive,5.0,38.0,162.5,3.0,105.0,287.5,True,True
5457,POTE PLASTICO TIPO PROTEINA NEGRO 1KG C/TAPA,SIN CATEGORÍA,22.0,22.0,positive,2.0,3.0,12.0,1.0,25.0,55.0,True,True
5458,BAÑO MARIA 2 HOYOS OEA,LABORATORIO,0.0,0.0,zero,0.0,0.0,0.0,0.0,0.0,0.0,False,False
5459,AGITADOR MAGNETICO KYNTEL KR-100,LABORATORIO,0.0,0.0,zero,0.0,0.0,0.0,0.0,0.0,0.0,False,False
5460,TERMOHIDROMETRO BOECO ORIGINAL CALIBRADO,LABORATORIO,0.0,0.0,zero,0.0,0.0,0.0,0.0,0.0,0.0,False,False
5461,MATRAZ ERLENMEYER DE VIDRIO BORO 50ML g-,LABORATORIO,202.0,202.0,positive,2.0,2.0,16.0,2.0,204.0,697.44,True,True
5462,BARRA AGITADORA MAGNETICA C200 20*7MM (AGITADOR MAGNETICO),LABORATORIO,0.0,-1.0,negative_raw_clipped,2.0,2.0,16.5,1.0,1.0,5.0,True,True
5463,FRASCO VIDRIO AZUL 20ML B/18 TAPA ESPRAY,SIN CATEGORÍA,46.0,46.0,positive,2.0,4.0,11.0,1.0,50.0,70.0,True,True
5464,BOLSAS ZIPLOC 9*14*  (BLS100),SIN CATEGORÍA,0.0,-30.0,negative_raw_clipped,3.0,130.0,95.0,1.0,100.0,53.0,True,True
5465,BOLSAS ZIPLOC 7*10 (BLS100),SIN CATEGORÍA,0.0,-295.0,negative_raw_clipped,7.0,395.0,202.0,1.0,100.0,26.0,True,True
5466,BOLSAS ZIPLOC 5*8 (BLS100),SIN CATEGORÍA,0.0,-42.0,negative_raw_clipped,4.0,242.0,98.0,2.0,200.0,40.0,True,True
5467,PARAFILM SEAFILM,SIN CATEGORÍA,0.0,0.0,zero,1.0,1.0,110.0,1.0,1.0,80.0,True,True
5468,FRASCO VIDRIO AZUL 30ML B/18 TAPA MINIGEL,SIN CATEGORÍA,0.0,0.0,zero,0.0,0.0,0.0,0.0,0.0,0.0,False,False
5469,BALANZA DIGITAL,LABORATORIO,0.0,0.0,zero,9.0,10.0,345.0,4.0,10.0,175.0,True,True
5470,PLACA PETRI DE 60*15MM SIN DIVISION PLASTICO (BLS10),LABORATORIO,0.0,-400.0,negative_raw_clipped,7.0,412.0,291.0,4.0,12.0,36.0,True,True
5471,PIPETEADOR DE CREMALLERA AMARILLO (PUMP),LABORATORIO,1.0,1.0,positive,0.0,0.0,0.0,1.0,1.0,13.0,False,True
5472,PAPEL FILTRO WHATMAN N41 DIAM 125MM (CJ100),LABORATORIO,0.0,0.0,zero,3.0,4.0,100.0,3.0,4.0,69.0,True,True
5473,PAPEL FILTRO WHATMAN N4 DIAM 125MM (CJ100),LABORATORIO,0.0,-1.0,negative_raw_clipped,2.0,2.0,50.0,1.0,1.0,18.0,True,True
5474,ASA SIEMBRA MULTIFUNCIONAL 1UL/10UL INOCULADOR ESTERIL (BLS 20),SIN CATEGORÍA,1.0,1.0,positive,0.0,0.0,0.0,1.0,1.0,2.5,False,True
5475,MANGO PARA ASA BACTERIOLOGICA (MANGO DE KOLLE),SIN CATEGORÍA,8.0,8.0,positive,0.0,0.0,0.0,3.0,8.0,48.0,False,True
5476,PIPETEADOR DE CREMALLERA ROJO(PUMP) 25ML,LABORATORIO,0.0,-1.0,negative_raw_clipped,5.0,8.0,151.9,4.0,7.0,91.0,True,True
5477,CONDUCTIMETRO Y TDS DIGITAL CON SENSOR DE TEMPERATURA,LABORATORIO,4.0,4.0,positive,2.0,2.0,75.0,1.0,6.0,114.0,True,True
5478,FRASCO CILINDRO PET TRANSPARENTE 250ML B28 SIN TAPA,SIN CATEGORÍA,9108.0,9108.0,positive,44.0,1345.0,1673.8,8.0,10448.0,4476.8,True,True
5479,PROBADOR PLASTICO NATURAL CON ATOMIZDOR 10ML,PERFUMES,488.0,488.0,positive,1.0,12.0,15.6,1.0,500.0,314.0,True,True
5480,PROBADOR PLASTICO NATURAL C/GANCHO CON ATOMIZDOR 10ML,PERFUMES,495.0,495.0,positive,4.0,8.0,15.5,1.0,500.0,314.0,True,True
5481,ENVASE PEAD BIDON *20LT VERDE C/TAPA Y TAPON,SIN CATEGORÍA,1.0,1.0,positive,0.0,0.0,0.0,1.0,1.0,7.5,False,True
5482,FRASCO VIDRIO 85ML T/43 C/TAPA PLASTICO N43 BLANCO,SIN CATEGORÍA,241.0,241.0,positive,6.0,79.0,105.0,1.0,320.0,246.64,True,True
5483,PLACA PETRI PLASTICO 100*15MM,LABORATORIO,0.0,-1.0,negative_raw_clipped,1.0,1.0,6.0,0.0,0.0,0.0,True,False
5484,PLACA PETRI PLASTICO 150*15MM,LABORATORIO,0.0,0.0,zero,0.0,0.0,0.0,0.0,0.0,0.0,False,False
5485,GOTERO VIDRIO AZUL 5ML C/TAPA Y CHUPON,SIN CATEGORÍA,30.0,30.0,positive,2.0,70.0,75.0,1.0,100.0,80.0,True,True
5486,VASO COPLIN PARA 5 LAMINAS VERTICAL,LABORATORIO,6.0,6.0,positive,3.0,6.0,117.0,3.0,12.0,185.0,True,True
5487,CRISOL 40ML,LABORATORIO,1.0,1.0,positive,0.0,0.0,0.0,1.0,1.0,5.0,False,True
5488,FRASCO GOTERO VIDRIO TRANSPARENTE 50ML C/TAPA Y CHUPON,SIN CATEGORÍA,644.0,644.0,positive,3.0,6.0,16.0,3.0,650.0,1095.0,True,True
5489,"GRADILLA MULTIFUNCIONAL PARA TUBOS CONICOS DE 10ML, 15ML Y 50ML",LABORATORIO,0.0,0.0,zero,2.0,2.0,30.0,1.0,2.0,20.0,True,True
5490,VASO GRADUADO DE PLASTICO 500ML,LABORATORIO,0.0,-2.0,negative_raw_clipped,2.0,3.0,15.0,1.0,1.0,3.0,True,True
5491,PIPETAS PASTEUR ESTRILES 1ML BX100,LABORATORIO,91.0,91.0,positive,9.0,109.0,211.0,2.0,200.0,30.0,True,True
5492,SOPORTE DE BURETA O ABRAZADERA DE METAL,LABORATORIO,1.0,1.0,positive,0.0,0.0,0.0,1.0,1.0,20.0,False,True
5493,PAPEL FILTRO WHATMAN N42 DIAM 125MM (CJ100),LABORATORIO,1.0,1.0,positive,0.0,0.0,0.0,1.0,1.0,17.0,False,True
5494,CEPILLO DE LIMPIEZA PARA TUBO DE ENSAYO 16*150MM,LABORATORIO,0.0,0.0,zero,9.0,16.0,56.5,2.0,16.0,37.0,True,True
5495,FRASCO PLASTICO INSECTICIDA 250ML C/TAPA Y TAPON,SIN CATEGORÍA,27.0,27.0,positive,4.0,33.0,96.3,1.0,50.0,117.5,True,True
5496,VASO DE PLASTICO 500ML,LABORATORIO,0.0,-3.0,negative_raw_clipped,4.0,8.0,40.0,1.0,5.0,15.0,True,True
5497,CAJA PARA PORTAOBJETOS *25UND,SIN CATEGORÍA,0.0,-8.0,negative_raw_clipped,6.0,11.0,67.5,1.0,3.0,15.0,True,True
5498,FRASCO PET AMBAR 120ML C/TAPA Y TAPON N28,SIN CATEGORÍA,115.0,115.0,positive,5.0,285.0,391.5,4.0,400.0,313.0,True,True
5499,POTE DOBLE FONDO BLANCO IMPORTADO 60GR C/TAPA Y LAINA,SIN CATEGORÍA,38.0,38.0,positive,1.0,12.0,30.0,1.0,50.0,100.0,True,True
5500,"GRADILLA PARA CRIOVIALES TAPA PRESION (EPPENDORF) 0.5ML, 1.5ML Y 2ML",LABORATORIO,0.0,0.0,zero,1.0,1.0,10.0,1.0,1.0,15.0,True,True
5501,LANCETERO NIPRO PREMIER UNIVERSAL,SIN CATEGORÍA,1.0,1.0,positive,0.0,0.0,0.0,1.0,1.0,8.0,False,True
5502,VIAL VIDRIO AMBAR 50ML B20,LABORATORIO,60.0,60.0,positive,0.0,0.0,0.0,1.0,60.0,60.0,False,True
5503,PRECINTO DE ALUMINIO PLATEADO #20,LABORATORIO,760.0,760.0,positive,0.0,0.0,0.0,5.0,760.0,34.2,False,True
5504,FRASCO BULLET 250 ML C/TAPA ATOMIZADOR B/24,SIN CATEGORÍA,0.0,-84.0,negative_raw_clipped,5.0,84.0,170.5,0.0,0.0,0.0,True,False
5505,CUCHARA PLASTICO 10GR,SIN CATEGORÍA,46.0,46.0,positive,4.0,54.0,39.2,1.0,100.0,40.0,True,True
5506,LAINA PLASTICO N58,SIN CATEGORÍA,640.0,640.0,positive,0.0,0.0,0.0,3.0,640.0,64.0,False,True
5507,FRASCO GOTERO VIDRIO AZUL 100ML C/TAPA Y CHUPON,SIN CATEGORÍA,16.0,16.0,positive,3.0,14.0,36.0,1.0,30.0,48.0,True,True
5508,FRASCO GOTERO VIDRIO VERDE 50ML C/TAPA Y CHUPON,SIN CATEGORÍA,29.0,29.0,positive,1.0,1.0,3.5,1.0,30.0,45.0,True,True
5509,TUBO COLAPSIBLE 30ML NATURAL C/TAPA,SIN CATEGORÍA,195.0,195.0,positive,19.0,293.0,516.0,5.0,488.0,634.4,True,True
5510,POTE DOBLE FONDO BLANCO IMPORTADO 120GR C/TAPA Y LAINA,SIN CATEGORÍA,13.0,13.0,positive,12.0,62.0,252.1,2.0,75.0,202.5,True,True
5511,POTE PET TRANSPARENTE 750ML C/TAPA,SIN CATEGORÍA,0.0,-341.0,negative_raw_clipped,10.0,441.0,1160.8,1.0,100.0,220.0,True,True
5512,FRASCO VIDRIO TRANSPARENTE 370 RECTO P-L T/63,SIN CATEGORÍA,454.0,454.0,positive,6.0,50.0,151.1,2.0,504.0,796.4,True,True
5513,TUBO ENSAYO PYREX 13*100 (BX250) 10ml,LABORATORIO,55.0,55.0,positive,12.0,200.0,240.6,1.0,250.0,87.5,True,True
5514,PIPETA SEREOLOGICA GRADUADA VIDRIO 25ML,LABORATORIO,1.0,1.0,positive,4.0,16.0,287.0,4.0,16.0,230.0,True,True
5515,FIOLA DE VIDRIO 250ML,LABORATORIO,0.0,0.0,zero,3.0,12.0,200.0,4.0,12.0,120.0,True,True
5516,FIOLA DE VIDRIO 500,LABORATORIO,0.0,-2.0,negative_raw_clipped,4.0,9.0,261.0,3.0,7.0,115.0,True,True
5517,REJILLA CON CENTRO CERAMICO 125MM,LABORATORIO,3.0,3.0,positive,2.0,3.0,18.0,1.0,6.0,19.42,True,True
5518,FRASCO PET DE COLORES BOSTON 120ML C/TAPA FLIP TOP N20,SIN CATEGORÍA,36.0,36.0,positive,2.0,14.0,35.0,1.0,50.0,55.0,True,True
5519,BRILLO 12*18 (100und),SIN CATEGORÍA,1.0,1.0,positive,0.0,0.0,0.0,1.0,1.0,8.0,False,True
5520,BRILLO 13*20,SIN CATEGORÍA,1.0,1.0,positive,0.0,0.0,0.0,1.0,1.0,9.0,False,True
5521,FRASCO DE VIDRIO BOCA ANCHA AMBAR TAPA AZUL 500ML,LABORATORIO,40.0,40.0,positive,4.0,8.0,142.0,1.0,48.0,249.6,True,True
5522,PLACA PETRI DE VIDRIO 60,LABORATORIO,23.0,23.0,positive,5.0,17.0,63.5,2.0,40.0,104.0,True,True
5523,GOTERO VIDRIO AMBAR 15ML B18 C/TAPA Y CHUPON C/SEGURO,SIN CATEGORÍA,0.0,-2.0,negative_raw_clipped,2.0,52.0,73.0,1.0,50.0,50.0,True,True
5524,TAPA PRESS N20,SIN CATEGORÍA,22.0,22.0,positive,3.0,28.0,28.2,1.0,50.0,25.0,True,True
5525,PASTILLERO PLASTICO BLANCO 180ML C/TAPA,SIN CATEGORÍA,100.0,100.0,positive,0.0,0.0,0.0,1.0,100.0,150.0,False,True
5526,BARRA AGITADORA MAGNETICA C100 10*4MM (AGITADOR MAGNETICO),LABORATORIO,1.0,1.0,positive,0.0,0.0,0.0,1.0,1.0,3.0,False,True
5527,VASO PRECIPITADO DE VIDRIO 25ML (BEAKER),LABORATORIO,363.0,363.0,positive,10.0,22.0,92.5,1.0,384.0,460.8,True,True
5528,EMBUDO DE VIDRIO DE BOROSILICATO DE 75MM G-,LABORATORIO,207.0,207.0,positive,3.0,3.0,23.0,1.0,210.0,693.0,True,True
5529,LACTODENSIMETRO CON TERMOMETRO RANGO 0-40 BOECO,LABORATORIO,2.0,2.0,positive,1.0,1.0,40.0,2.0,3.0,105.0,True,True
5530,GALONERA PLASTICO NATURAL 1L B36 C/TAPA Y TAPON,SIN CATEGORÍA,0.0,-348.0,negative_raw_clipped,6.0,348.0,717.8,0.0,0.0,0.0,True,False
5531,PET TRANSPARENTE 120ML TAPA DISPENSADOR B20,SIN CATEGORÍA,0.0,-17.0,negative_raw_clipped,4.0,17.0,46.0,0.0,0.0,0.0,True,False
5532,PET TRANSPARENTE 75ML TAPA DISPENSADOR B20,SIN CATEGORÍA,0.0,-20.0,negative_raw_clipped,5.0,20.0,47.1,0.0,0.0,0.0,True,False
5533,FRASCO VIDRIO AMBAR IMPORTADO 125ML C/TAPA Y TAPON INTERNO.,SIN CATEGORÍA,0.0,-1117.0,negative_raw_clipped,19.0,1117.0,1419.4,0.0,0.0,0.0,True,False
5534,FRASCO VIDRIO AMBAR IMPORTADO 250ML C/TAPA Y TAPON INTERNO.,SIN CATEGORÍA,0.0,-394.0,negative_raw_clipped,25.0,404.0,806.8,0.0,0.0,0.0,True,False
5535,FRASCO VIDRIO AMBAR IMPORTADO 500ML C/TAPA Y TAPON INTERNO.,SIN CATEGORÍA,0.0,-656.0,negative_raw_clipped,24.0,668.0,1798.4,0.0,0.0,0.0,True,False
5536,FRASCO VIDRIO AMBAR IMPORTADO 60ML C/TAPA Y TAPON INTERNO.,SIN CATEGORÍA,0.0,-46.0,negative_raw_clipped,13.0,54.0,97.6,0.0,0.0,0.0,True,False
5537,FRASCO VIDRIO AMBAR IMPORTADO 100ML C/TAPA Y TAPON INTERNO.,SIN CATEGORÍA,0.0,-63.0,negative_raw_clipped,12.0,63.0,119.7,0.0,0.0,0.0,True,False
5538,FRASCO PET AMBAR 120ML B28 C/TAPA DISPENSADOR GEL,SIN CATEGORÍA,0.0,-64.0,negative_raw_clipped,8.0,64.0,153.0,0.0,0.0,0.0,True,False
5539,FRASCO PET AMBAR 120ML B28 C/TAPA TRIGGER,SIN CATEGORÍA,0.0,-13.0,negative_raw_clipped,6.0,19.0,47.5,0.0,0.0,0.0,True,False
5540,FRASCO PET AMBAR 120ML B28 C/TAPA SPRAY,SIN CATEGORÍA,0.0,-65.0,negative_raw_clipped,9.0,77.0,163.0,0.0,0.0,0.0,True,False
5541,CUCHARA CON ESPATULA DE ACERO INOXIDABLE 30CM,LABORATORIO,1.0,1.0,positive,1.0,1.0,13.0,2.0,2.0,18.0,True,True
5542,TRIPODE,LABORATORIO,0.0,0.0,zero,2.0,3.0,45.0,2.0,3.0,30.0,True,True
5543,PEPEL TORNASOL ROJO 100 TIRAS,LABORATORIO,1.0,1.0,positive,0.0,0.0,0.0,1.0,1.0,5.0,False,True
5544,TERMOMETRO CON LASER INFRARROJO INDUSTRIAL,LABORATORIO,1.0,1.0,positive,0.0,0.0,0.0,1.0,1.0,70.0,False,True
5545,REFRACTROMETRO ATC 0-32% BRIX,SIN CATEGORÍA,0.0,0.0,zero,1.0,1.0,90.5,1.0,1.0,80.0,True,True
5546,FRASCO VIDRIO TRANSPARENTE CUADRADO 50ML C/TAPA Y CHUPON DORADO N18,SIN CATEGORÍA,0.0,0.0,zero,0.0,0.0,0.0,0.0,0.0,0.0,False,False
5549,GOTERO VIDRIO AMBAR 100ML TAPA METALIZADA DORADA Y CHUPON,SIN CATEGORÍA,100.0,100.0,positive,1.0,6.0,24.0,1.0,100.0,200.0,True,True
5550,GOTERO VIDRIO AMBAR 50ML TAPA METALIZADA DORADA Y CHUPON,SIN CATEGORÍA,97.0,97.0,positive,1.0,3.0,6.0,1.0,100.0,160.0,True,True
5551,TAPA FLIP TOP BLANCO N20,TAPONES,100.0,100.0,positive,0.0,0.0,0.0,1.0,100.0,40.0,False,True
5552,CREMERO SIMPLE 30GR C/ TAPA Y LAINA NEGRO,SIN CATEGORÍA,0.0,-16.0,negative_raw_clipped,13.0,116.0,80.0,1.0,100.0,36.0,True,True
5553,FRASCO PET BLANCO 60ML C/TAPA DISPENSADOR N20,SIN CATEGORÍA,0.0,-2.0,negative_raw_clipped,2.0,2.0,5.0,0.0,0.0,0.0,True,False
5554,FRASCO PET COLORES BOSTON 120ML C/TAPA DISPENSADOR B20,SIN CATEGORÍA,0.0,-7.0,negative_raw_clipped,7.0,57.0,123.6,2.0,50.0,65.0,True,True
5555,FRASCO GOTERO INTERNO VIDRIO AMBAR  50ML B18 C/TAPA,SIN CATEGORÍA,19.0,19.0,positive,2.0,6.0,16.5,1.0,25.0,30.0,True,True
5556,FRASCO GOTERO INTERNO VIDRIO AMBAR 15ML B18 C/TAPA,SIN CATEGORÍA,0.0,-1.0,negative_raw_clipped,2.0,26.0,34.0,1.0,25.0,22.5,True,True
5557,Gotero interno 50ml,SIN CATEGORÍA,0.0,0.0,zero,0.0,0.0,0.0,0.0,0.0,0.0,False,False
5558,FRASCO PET TRANSPARENTE 200ML CON TAPA SPRAY N24,SIN CATEGORÍA,24.0,24.0,positive,1.0,1.0,3.5,1.0,25.0,50.0,True,True
5559,FRASCO VIDRIO NEGRO 10ML C/TAPA Y TAPON N18,SIN CATEGORÍA,88.0,88.0,positive,1.0,12.0,21.6,1.0,100.0,100.0,True,True
5560,LIPSTICK / BALSAMO LABIAL BLANCO 15ML,SIN CATEGORÍA,65.0,65.0,positive,6.0,35.0,90.19999999999999,1.0,100.0,170.0,True,True
5561,FRASCO ESMALTE VIDRIO TRANSPARENTE OVALADO 8ML CON BROCHA Y TAPA,SIN CATEGORÍA,12.0,12.0,positive,5.0,88.0,108.8,2.0,100.0,80.0,True,True
5562,POTE PLASTICO BLANCO 20GR CON TAPA B40,SIN CATEGORÍA,187.0,187.0,positive,3.0,13.0,13.0,2.0,200.0,48.0,True,True
5563,FRASCO PET AMBAR 60ML CON TAPA Y TAPON B28,SIN CATEGORÍA,46.0,46.0,positive,4.0,109.0,137.2,2.0,150.0,106.0,True,True
5564,FRASCO PET BLANCO 60ML C/TAPA SPRAY N20,SIN CATEGORÍA,50.0,50.0,positive,0.0,0.0,0.0,1.0,50.0,50.0,False,True
5565,FRASCO DE VIDRIO AMBAR BOCA ANCHA TAPA AZUL 1L,LABORATORIO,0.0,-7.0,negative_raw_clipped,5.0,18.0,360.0,4.0,11.0,110.0,True,True
5566,CEPILLO DE LIMPIEZA PARA PROBETA DE 100ML,LABORATORIO,0.0,-7.0,negative_raw_clipped,4.0,9.0,32.0,1.0,2.0,5.0,True,True
5567,CEPILLO DE LIMPIEZA PARA PROBETA DE 250ML,SIN CATEGORÍA,1.0,1.0,positive,1.0,1.0,5.0,1.0,2.0,6.0,True,True
5568,CEPILLO DE LIMPIEZA PARA PROBETA DE 500ML,SIN CATEGORÍA,1.0,1.0,positive,1.0,1.0,7.0,1.0,2.0,10.0,True,True
5569,FRASCO PEAD PLASTICO AMARILLO CILINDRO 350ML,SIN CATEGORÍA,1.0,1.0,positive,0.0,0.0,0.0,1.0,1.0,0.04,False,True
5570,FRASCO PEAD PLASTICO AMARILLO CILINDRO 150ML,SIN CATEGORÍA,1.0,1.0,positive,0.0,0.0,0.0,1.0,1.0,0.04,False,True
5571,BOMBA ATOMIZADORA ACANALADO N24/410 NEGRO,SIN CATEGORÍA,2.0,2.0,positive,0.0,0.0,0.0,1.0,2.0,0.08,False,True
5572,MATRAZ ERLENMEYER DE POLIPROPILENO 250ML,LABORATORIO,6.0,6.0,positive,0.0,0.0,0.0,1.0,6.0,107.23,False,True
5573,TAPA PILFER N°28,TAPONES,0.0,0.0,zero,0.0,0.0,0.0,0.0,0.0,0.0,False,False
5574,TERMOMETRO DE VIDRIO -20 +150,LABORATORIO,6.0,6.0,positive,0.0,0.0,0.0,2.0,6.0,114.0,False,True
5575,TUBO DE ENSAYO T/ROSCA 20*150MM - PYREX,LABORATORIO,5.0,5.0,positive,1.0,5.0,15.0,1.0,10.0,20.0,True,True
5576,FRASCO VIDRIO AMBAR 5ML B18 TAPA ESPRAY,SIN CATEGORÍA,0.0,0.0,zero,0.0,0.0,0.0,0.0,0.0,0.0,False,False
5577,POTE PROTEINA BLANCO 3.3 KG,SIN CATEGORÍA,0.0,-18.0,negative_raw_clipped,4.0,18.0,81.5,0.0,0.0,0.0,True,False
5578,Balanza 200g-0.01g,SIN CATEGORÍA,3.0,3.0,positive,8.0,9.0,173.1,1.0,10.0,99.0,True,True
5579,FRASCO ESMALTE VIDRIO TRANSPARENTE 15ML CON BROCHA Y TAPA,SIN CATEGORÍA,81.0,81.0,positive,3.0,19.0,38.0,1.0,100.0,100.0,True,True
5580,POTE PROTEINA 3.3KG,SIN CATEGORÍA,24.0,24.0,positive,1.0,1.0,6.5,1.0,25.0,87.5,True,True
5581,SOLO TAPA SPRAY MINI PISTOLA NEGRA N20,TAPONES,100.0,100.0,positive,0.0,0.0,0.0,1.0,100.0,60.0,False,True
5582,PIPETEADOR DE CREMALLERA AZUL (PUMP) 2ML,LABORATORIO,2.0,2.0,positive,0.0,0.0,0.0,1.0,2.0,26.0,False,True
5583,FRASCO PET CAMPANA 300ML BLANCO C/T SPRAY PISTOLA PVE,SIN CATEGORÍA,92.0,92.0,positive,4.0,8.0,31.2,1.0,100.0,180.0,True,True
5584,SOLO TAPA ESPUMERO B28,TAPONES,493.0,493.0,positive,3.0,7.0,12.0,1.0,500.0,563.9,True,True
5585,FRASCO VIDRIO AZUL 30ML B/18 TAPA ESPRAY,SIN CATEGORÍA,0.0,-25.0,negative_raw_clipped,1.0,25.0,50.0,0.0,0.0,0.0,True,False
5586,ENVASE PEAD BLANCO CILINDRO 350ML,SIN CATEGORÍA,494.0,494.0,positive,6.0,6.0,19.8,1.0,500.0,325.0,True,True
5587,VASO DE PLASTICO GRADUADO ALTO RELIEVE 500ML ISOLAB,SIN CATEGORÍA,6.0,6.0,positive,0.0,0.0,0.0,1.0,6.0,84.0,False,True
5588,TAPA DISPENSADORA NEGRO B28MM,TAPONES,971.0,971.0,positive,6.0,29.0,35.0,1.0,1000.0,456.29,True,True
5589,POTE CREMERO BLANCO 25ML PLASTICO,SIN CATEGORÍA,0.0,-50.0,negative_raw_clipped,1.0,50.0,30.0,0.0,0.0,0.0,True,False
5590,FIOLA 1L VIDRIO,SIN CATEGORÍA,0.0,-3.0,negative_raw_clipped,2.0,7.0,210.0,3.0,4.0,93.0,True,True
5591,BOLSAS ZIPLOC 10*15* (BLS100),SIN CATEGORÍA,0.0,-1.0,negative_raw_clipped,1.0,1.0,1.0,0.0,0.0,0.0,True,False
5592,BOLSAS ZIPLOC 4*8 (BLS100),SIN CATEGORÍA,0.0,-100.0,negative_raw_clipped,1.0,100.0,25.0,0.0,0.0,0.0,True,False
5593,FRASCO PET AZUL 250ML C/TAPA DISPENSADORA N24,SIN CATEGORÍA,18.0,18.0,positive,3.0,6.0,21.0,1.0,24.0,50.4,True,True
5594,POTE CREMERO SIMPLE C/ CINTILLO PLATEADO 200GR C/TAPA Y LAINA,SIN CATEGORÍA,45.0,45.0,positive,2.0,5.0,25.5,2.0,50.0,165.0,True,True
5595,FRASCO GOTERO INTERNO VIDRIO AZUL 10ML B/18 C/TAPA,SIN CATEGORÍA,500.0,500.0,positive,0.0,0.0,0.0,1.0,500.0,450.0,False,True
5596,CREMERO DE VIDRIO 50GR PAVONADO,SIN CATEGORÍA,107.0,107.0,positive,6.0,163.0,505.5,3.0,270.0,546.0,True,True
5597,POTE DE VIDRIO RECTO TRANPARENTE C/ TAPA METALIZADA 458ML,SIN CATEGORÍA,96.0,96.0,positive,0.0,0.0,0.0,1.0,96.0,172.8,False,True
5598,TAPA PRESS N°24,SIN CATEGORÍA,49.0,49.0,positive,1.0,1.0,1.5,1.0,50.0,40.0,True,True
5599,POTE PLASTICO BLANCO ALTO 300GR C/TAPA Y LAINA,SIN CATEGORÍA,50.0,50.0,positive,0.0,0.0,0.0,1.0,50.0,90.0,False,True
5600,POTE PLASTICO BLANCO 200GR C/TAPA Y LAINA,SIN CATEGORÍA,50.0,50.0,positive,0.0,0.0,0.0,1.0,50.0,75.0,False,True
5601,FRASCO PET AMBAR 60ML CON TAPA MINIGATILLO B28,SIN CATEGORÍA,0.0,0.0,zero,0.0,0.0,0.0,0.0,0.0,0.0,False,False
5602,PIPETA SEREOLOGICA GRADUADA VIDRIO 2ML,LABORATORIO,2.0,2.0,positive,2.0,15.0,102.0,2.0,17.0,69.0,True,True
5603,PIPETA SEREOLOGICA GRADUADA VIDRIO 3ML,LABORATORIO,5.0,5.0,positive,0.0,0.0,0.0,1.0,5.0,12.5,False,True
5604,SOLO TAPA GOTERO INTERNO Y TAPON N18,SIN CATEGORÍA,25.0,25.0,positive,0.0,0.0,0.0,1.0,25.0,3.0,False,True
5605,MATRAZ CON PICO KITAZATO DE VIDRIO 500ML,LABORATORIO,1.0,1.0,positive,0.0,0.0,0.0,1.0,1.0,15.0,False,True
5606,TUBO COLAPSIBLE 100ML BLANCO C/TAPA,SIN CATEGORÍA,0.0,0.0,zero,0.0,0.0,0.0,0.0,0.0,0.0,False,False
5607,TUBO PARA BRILLO LABIAL 10ML GLOSS,SIN CATEGORÍA,18.0,18.0,positive,1.0,12.0,36.0,1.0,30.0,60.0,True,True
5608,CRISOL 25ML,SIN CATEGORÍA,0.0,0.0,zero,1.0,100.0,600.0,1.0,100.0,250.0,True,True
5609,FRASCO VIDRIO TRANSPARENTE 100ML TAPA SPRAY METALIZADA,SIN CATEGORÍA,0.0,-6.0,negative_raw_clipped,1.0,6.0,18.0,0.0,0.0,0.0,True,False
5610,FRASCO LAVAVAJILLA PET 500ML S/TAPA,SIN CATEGORÍA,500.0,500.0,positive,0.0,0.0,0.0,1.0,500.0,300.0,False,True
5611,FRASCO PET TRANSPARENTE GATILLO 650ML MOD IP S/TAPA B28,SIN CATEGORÍA,500.0,500.0,positive,0.0,0.0,0.0,1.0,500.0,355.0,False,True
5612,PET JABONERA TRANSPARENTE 28GR 400ML S/TAPA B28,SIN CATEGORÍA,500.0,500.0,positive,0.0,0.0,0.0,1.0,500.0,225.0,False,True
5613,SOLO TRIGGER MINI GATILLO BLANCO B24,SIN CATEGORÍA,985.0,985.0,positive,2.0,15.0,45.6,1.0,1000.0,560.0,True,True
5614,BURETA DE VIDRIO C/LLAVE TEFLON 50ML,LABORATORIO,2.0,2.0,positive,0.0,0.0,0.0,1.0,2.0,90.0,False,True
5615,CUCHARA DE POLIETILENO PARA STEVIA,SIN CATEGORÍA,0.0,-2000.0,negative_raw_clipped,2.0,4000.0,400.0,1.0,2000.0,140.0,True,True
5616,TUBO DE ENSAYO T/ROSCA 20*125 PYREX,LABORATORIO,5.0,5.0,positive,0.0,0.0,0.0,1.0,5.0,10.0,False,True
5617,PIPETA SEREOLOGICA 1ML - BOECO AZUL,LABORATORIO,12.0,12.0,positive,0.0,0.0,0.0,1.0,12.0,54.0,False,True
5618,FRASCO PET AMBAR 250ML C/TAPA DISPENSADORA N24,SIN CATEGORÍA,100.0,100.0,positive,0.0,0.0,0.0,0.0,0.0,0.0,False,False
5619,TAPA DISPENSADORA PLASTICO B24,TAPONES,100.0,100.0,positive,1.0,10.0,10.0,0.0,0.0,0.0,True,False
6514,GOTERO VIDRIO AMBAR 20ML TAPA METALIZADA DORADA Y CHUPON,SIN CATEGORÍA,25.0,25.0,positive,1.0,25.0,30.0,1.0,50.0,65.0,True,True
